Priority,Practice Name,City,State,Phone,Owner / Decision Maker,Owner Title,Email,Email Source,Data Flag,Website,Address,ZIP,Practice Type,Target Tier,Locations On Phone,NPI,Record Updated,Record Freshness,Verification,Called,Outcome,Follow Up
B,Alan G Kline D.D.S. L.L.C.,Annapolis,MD,(410) 757-3008,"Alan Kline, DDS",Doctor,,,,,584 Bellerive Rd Ste 3B,21409,General Dentistry,Primary (general),1,1356094817,2022,Recent,NPPES NPI 1356094817,,,
B,Divine Dental Annapolis,Annapolis,MD,(410) 224-4411,"Frederick Flanagan, DDS",Owner,,,,,37 Old Solomons Island Rd Ste 1,21401,General Dentistry,Primary (general),1,1821930108,2026,Recent,NPPES NPI 1821930108,,,
B,Hill Southern Dental Of Maryland Ppo PC,Annapolis,MD,(410) 841-5400,Erika Menjivar,Sr. Credentialing Specialist,,,,,175 Admiral Cochrane Dr # 10,21401,General Dentistry,Primary (general),1,1700768546,2025,Recent,NPPES NPI 1700768546,,,
B,"Holly Green, PA",Annapolis,MD,(410) 224-9608,"Holly Green, DMD",Owner/dentist,,,,,600 Ridgely Ave Ste 225,21401,General Dentistry,Primary (general),1,1902738040,2026,Recent,NPPES NPI 1902738040,,,
B,Kathy Liu DDS LLC,Annapolis,MD,(410) 224-2660,"Kathy Liu, DDS",Owner,,,,,621 Ridgely Ave Ste 206,21401,General Dentistry,Primary (general),2,1396426722,2024,Recent,NPPES NPI 1396426722,,,
B,"Kennedy R Dele, DMD PC",Annapolis,MD,(410) 571-5014,"Kennedy Dele, MD",Owner,,,,,161 Jennifer Rd Ste B,21401,General Dentistry,Primary (general),1,1073341103,2024,Recent,NPPES NPI 1073341103,,,
B,"Maryland Dental Healthcare Network, LLC",Annapolis,MD,(410) 267-0766,"Emily Sewell, DDS",Owner,,,,,101 Ridgely Ave Ste 12B,21401,General Dentistry,Primary (general),1,1841039070,2024,Recent,NPPES NPI 1841039070,,,
B,Morabito Dental PC,Annapolis,MD,(703) 919-0826,Susan Morabito,Treasurer,sueann@everlastingdentalcare.com,NPPES federal registry filing,,,200 Forbes St Ste 301,21401,General Dentistry,Primary (general),1,1033836705,2022,Recent,NPPES NPI 1033836705,,,
B,Nick Boyd DDS LLC,Annapolis,MD,(410) 757-7070,"Nicholas Boyd, DDS",Owner,,,,,528 College Pkwy Ste A,21409,General Dentistry,Primary (general),1,1952154015,2024,Recent,NPPES NPI 1952154015,,,
B,"Stephanie Kaye Harding, Dds, P.C.",Annapolis,MD,(667) 458-7700,"Stephanie Harding, DDS",Owner,,,,,2327 Forest Dr Ste A,21401,General Dentistry,Primary (general),1,1831947902,2024,Recent,NPPES NPI 1831947902,,,
B,"Baltimore Children'S Gad, LLC",Baltimore,MD,(301) 494-3000,Jeffrey Wheeler,CEO,,,,,3421 Benson Ave Ste G100,21227,General Dentistry,Primary (general),2,1023708013,2026,Recent,NPPES NPI 1023708013,,,
B,Baltimore Sleeps Better LLC,Baltimore,MD,(443) 438-6890,"John Taylor, DDS",Owner,,,,,1 E Chase St Ste R3L,21202,General Dentistry,Primary (general),1,1063182749,2026,Recent,NPPES NPI 1063182749,,,
B,"Bell Dental Clinic, Inc.",Baltimore,MD,(443) 330-7100,Lawrence Bell,Executive Director,,,,,3326 Auchentoroly Ter,21217,General Dentistry,Primary (general),1,1194554725,2024,Recent,NPPES NPI 1194554725,,,
B,"Chase Brexton Health Services, Inc.",Baltimore,MD,(410) 837-2050,Kyle Easton,Revenue Cycle Director,,,,,1111 North Charles Street,21201,General Dentistry,Primary (general),2,1073637492,2025,Recent,NPPES NPI 1073637492,,,
B,Chesapeake Dental Group LLC,Baltimore,MD,(410) 235-1233,"Michael Barton, DMD",Owner,,,,,3900 N Charles St Ste 112,21218,General Dentistry,Primary (general),2,1538869714,2023,Recent,NPPES NPI 1538869714,,,
B,Daniel Dental LLC,Baltimore,MD,(646) 509-4138,"David Daniel, DDS","Dentist, Owner",,,,,3617 Bancroft Rd,21215,General Dentistry,Primary (general),1,1104353275,2022,Recent,NPPES NPI 1104353275,,,
B,Dental Center Group Inc,Baltimore,MD,(410) 685-1008,Jesus Estrada,General Manager,,,,,2005 Fleet St,21231,General Dentistry,Primary (general),2,1770464588,2025,Recent,NPPES NPI 1770464588,,,
B,"Dental Spot, LLC",Baltimore,MD,(443) 583-0005,Payam Nourmand,President,,,,,6210 Park Heights Ave Unit 104,21215,General Dentistry,Primary (general),1,1427883149,2024,Recent,NPPES NPI 1427883149,,,
B,Divine Dental LLC,Baltimore,MD,(410) 789-5228,Maryellen Desrochers,Office Manager,,,,,4801 Ritchie Hwy,21225,General Dentistry,Primary (general),1,1710299268,2023,Recent,NPPES NPI 1710299268,,,
B,Drs Reimels And Rajaski LLC,Baltimore,MD,(704) 823-6357,Amanda Groeschel,Director,,,,,4612 Edmondson Ave,21229,General Dentistry,Primary (general),1,1356153597,2025,Recent,NPPES NPI 1356153597,,,
B,Erin R Wolfson DDS,Baltimore,MD,(609) 238-0737,"Erin Wolfson, DDS",Dr,,,,,5810 Harford Rd,21214,General Dentistry,Primary (general),1,1164117057,2023,Recent,NPPES NPI 1164117057,,,
B,"Express Dental Emergency Services, LLC",Baltimore,MD,(410) 699-1077,"Dana Truesdale, DDS",Owner,,,,,1111 Park Ave Ste 109,21201,General Dentistry,Primary (general),1,1972378164,2023,Recent,NPPES NPI 1972378164,,,
B,Ez Smile Dental Inc,Baltimore,MD,(410) 488-0600,Payam Nourmand,Owner,,,,,5006 Sinclair Ln,21206,General Dentistry,Primary (general),1,1750893095,2022,Recent,NPPES NPI 1750893095,,,
B,First Dental,Baltimore,MD,(410) 323-2875,"Suji Cha, DDS",Owner,,,,,5710 Bellona Ave Ste 101,21212,General Dentistry,Primary (general),1,1336924737,2023,Recent,NPPES NPI 1336924737,,,
B,Garwyn Dental Center PC,Baltimore,MD,(443) 621-2971,"Saman Radparvar, DDS",Dentist,,,,,2300 Garrison Blvd,21216,General Dentistry,Primary (general),2,1912207184,2024,Recent,NPPES NPI 1912207184,,,
B,Health Care For The Homeless,Baltimore,MD,(410) 837-5533,Meghal Shah,Director Revenue Cycle,,,,,9150 Franklin Square Dr 3RD Floor,21237,General Dentistry,Primary (general),3,1801761762,2025,Recent,NPPES NPI 1801761762,,,
B,"Health Care For The Homeless, Inc.",Baltimore,MD,(443) 703-1400,Kevin Lindamood,President & CEO,,,,,2000 W Baltimore St Suite 247,21223,General Dentistry,Primary (general),1,1033573050,2023,Recent,NPPES NPI 1033573050,,,
B,Healthy Dental Of Eastern Avenue LLC,Baltimore,MD,(410) 888-0888,"Madhu Venkata Nadimpalli, DDS, MPA",General Dentist / Owner,,,,,7422 Eastern Ave,21224,General Dentistry,Primary (general),1,1932816501,2022,Recent,NPPES NPI 1932816501,,,
B,Hill Southern Dental Of Maryland Ppo PC,Baltimore,MD,(410) 234-0020,Erika Menjivar,Sr. Credentialing Specialist,,,,,338 N Charles St,21201,General Dentistry,Primary (general),1,1780566521,2025,Recent,NPPES NPI 1780566521,,,
B,"Infinite Healthy Smile, LLC",Baltimore,MD,(443) 266-9400,"Payam Nourmand, DDS",Agent,,,,,1528 Country Ridge Ln,21221,General Dentistry,Primary (general),1,1396589628,2024,Recent,NPPES NPI 1396589628,,,
B,"Jenx Family Dentistry, L.L.C.",Baltimore,MD,(443) 564-3617,"Nicole Stewart-Joseph, DDS",Agent/owner,,,,,7850 Rossville Blvd Ste 210,21236,General Dentistry,Primary (general),1,1134680226,2024,Recent,NPPES NPI 1134680226,,,
B,"Joshi And Associates, LLC",Baltimore,MD,(410) 435-8080,"Neena Joshi, DDS",Owner,,,,,1900 E Northern Pkwy Ste 103,21239,General Dentistry,Primary (general),1,1306655667,2025,Recent,NPPES NPI 1306655667,,,
B,Kourosh Mehrabian DDS & Associates,Baltimore,MD,(240) 667-7615,"Kourosh Mehrabian, D.D.S",CEO,,,,,1725 Eastern Ave,21231,General Dentistry,Primary (general),3,1164264677,2024,Recent,NPPES NPI 1164264677,,,
B,Maiden Choice Family Dental LLC,Baltimore,MD,(410) 247-4728,"Jun Park, DDS",Owner,,,,,4660 Wilkens Ave Ste 301,21229,General Dentistry,Primary (general),1,1235939018,2025,Recent,NPPES NPI 1235939018,,,
B,Naum Shats Family Dental Care P.a,Baltimore,MD,(410) 764-6998,"Naum Shats, DDS",Owner,,,,,6821 Reisterstown Rd Ste 201,21215,General Dentistry,Primary (general),1,1568240240,2023,Recent,NPPES NPI 1568240240,,,
B,Overlea Dental Inc.,Baltimore,MD,(410) 254-8624,"Sheida Nakhaei, DDS",Owner,info@toothfairyspa.com,NPPES federal registry filing,,,6411 Belair Rd,21206,General Dentistry,Primary (general),1,1225757222,2022,Recent,NPPES NPI 1225757222,,,
B,"Reza Tafrishi D.d.s.,p.c.",Baltimore,MD,(240) 505-0429,"Reza Tafrishi, DDS",President,,,,,1003 N Point Blvd Ste 601,21224,General Dentistry,Primary (general),1,1831862580,2026,Recent,NPPES NPI 1831862580,,,
B,Ronald B Montano DDS PC,Baltimore,MD,(410) 727-4746,Shaun Urbanozo,Credentialing Manager,,,,,1253 W Pratt St,21223,General Dentistry,Primary (general),1,1629251228,2025,Recent,NPPES NPI 1629251228,,,
B,Sinazara Group LLC,Baltimore,MD,(443) 410-4548,"Sina Behmanesh, DDS",Owner,,,,,1727 Gorsuch Ave,21218,General Dentistry,Primary (general),2,1467962258,2022,Recent,NPPES NPI 1467962258,,,
B,"Smile Dental, LLC",Baltimore,MD,(410) 337-0046,"Alex Ant, DDS",General Dentist,,,,,535 Dundalk Ave Ste 2,21224,General Dentistry,Primary (general),1,1699297838,2023,Recent,NPPES NPI 1699297838,,,
B,Smile Rotunda LLC,Baltimore,MD,(410) 889-7100,"Koby Sarubin, DDS",Doctor Owner,info@smilerotunda.com,NPPES federal registry filing,,,711 W 40TH St Ste213,21211,General Dentistry,Primary (general),1,1003581257,2026,Recent,NPPES NPI 1003581257,,,
B,Smile Solutions Of Baltimore,Baltimore,MD,(410) 377-2000,Michael Fenlon,Business Manager,,,,,6601 York Rd,21212,General Dentistry,Primary (general),2,1699260968,2024,Recent,NPPES NPI 1699260968,,,
B,The Dental Office Inc.,Baltimore,MD,(410) 542-6900,Charles Shelton,President,,,,,5418 Park Heights Ave,21215,General Dentistry,Primary (general),1,1215726203,2025,Recent,NPPES NPI 1215726203,,,
B,Bethesda Dental Specialists LLC,Bethesda,MD,(301) 654-3011,Mohammad Rouhanian,President,,,,,6931 Arlington Rd Ste T200,20814,General Dentistry,Primary (general),3,1699543132,2026,Recent,NPPES NPI 1699543132,,,
B,Bethesda Family Dental,Bethesda,MD,(282) 683-9165,Curtis Smith,Chief Financial Officer,,,,,10215 Fernwood Rd Ste 415,20817,General Dentistry,Primary (general),1,1437082294,2026,Recent,NPPES NPI 1437082294,,,
B,Curley Kline Dentistry,Bethesda,MD,(301) 229-5200,"Alan Kline, DDS",Doctor,,,,,4701 Sangamore Rd Ste N250,20816,General Dentistry,Primary (general),1,1154074615,2022,Recent,NPPES NPI 1154074615,,,
B,Dental Associates Of Maryland LLC,Bethesda,MD,(202) 753-6542,"Nader Sidhom, DMD",Owner Dentist,,,,,4808 Del Ray Ave Ste 104,20814,General Dentistry,Primary (general),1,1720901457,2026,Recent,NPPES NPI 1720901457,,,
B,First Class Smiles By Asante LLC,Bethesda,MD,(301) 264-5015,"Arlene Asante, DDS",Owner,,,,,7201 Wisconsin Ave Ste 370,20814,General Dentistry,Primary (general),2,1386367993,2022,Recent,NPPES NPI 1386367993,,,
B,Fusion Dental,Bethesda,MD,(301) 652-2123,Celia Hayes,Credentialing Coordinator,,,,,7425 Arlington Rd,20814,General Dentistry,Primary (general),2,1336877299,2022,Recent,NPPES NPI 1336877299,,,
B,"Kary Dental, LLC",Bethesda,MD,(860) 465-5279,"Andrew Kary, DDS",Owner/dentist,,,,,7700 Wisconsin Ave Ste C,20814,General Dentistry,Primary (general),1,1174487789,2025,Recent,NPPES NPI 1174487789,,,
B,Pedg Bethesda Row MD LLC,Bethesda,MD,(301) 377-8306,"Dongjin Shin, DMD",Owner,,,,,4825 Bethesda Ave Ste 308,20814,General Dentistry,Primary (general),2,1366360117,2026,Recent,NPPES NPI 1366360117,,,
B,Puja Agarwal DDS PC,Bethesda,MD,(425) 247-5518,"Puja Agarwal, DDS",DDS,,,,,8315 N Brook Ln Ste 101,20814,General Dentistry,Primary (general),2,1093302325,2023,Recent,NPPES NPI 1093302325,,,
B,Smile & Company LLC,Bethesda,MD,(240) 630-4299,"Aynur Ismayil, DMD",Dentist,,,,,7220 Wisconsin Ave Ste 303,20814,General Dentistry,Primary (general),1,1366124786,2023,Recent,NPPES NPI 1366124786,,,
B,Suh Yun Chang LLC,Bethesda,MD,(301) 530-5909,Susan Chang,President,,,,,10401 Old Georgetown Rd Ste 405,20814,General Dentistry,Primary (general),1,1093452047,2022,Recent,NPPES NPI 1093452047,,,
B,Wyngate Dental Of Bethesda LLC,Bethesda,MD,(301) 530-8008,"Taylor Cole Ball, DDS",Owner,,,,,5648 Shields Dr,20817,General Dentistry,Primary (general),1,1649982463,2022,Recent,NPPES NPI 1649982463,,,
B,Dentist In Bowie LLC,Bowie,MD,(803) 233-6141,Sreekanth Emani,Manager,semani@todaysdentalsc.com,NPPES federal registry filing,,,14999 Health Center Dr Ste 110,20716,General Dentistry,Primary (general),1,1376278424,2022,Recent,NPPES NPI 1376278424,,,
B,"Omni Dental Group, Inc.",Bowie,MD,(301) 809-0029,"Fariborz Baik, D.D.S.",President,,,,,4321 Collington Rd Ste 210,20716,General Dentistry,Primary (general),1,1437378601,2024,Recent,NPPES NPI 1437378601,,,
B,Silverspoon Dental And Associates,Bowie,MD,(301) 262-1888,"Tyrus Montgomery, DMD",Dentist,,,,,12300 Kemmerton Ln,20715,General Dentistry,Primary (general),2,1962365288,2025,Recent,NPPES NPI 1962365288,,,
B,"Simple Miracles Dentistry, LLC",Bowie,MD,(301) 383-0958,Shana Dicks,General Dentist,,,,,16900 Science Dr Ste 110,20715,General Dentistry,Primary (general),1,1952189136,2023,Recent,NPPES NPI 1952189136,,,
B,Calcium Dental,Brandywine,MD,(724) 734-3593,"Diondre Venable, DDS",Owner/general Dentist,,,,,15805 Robert Crain Highway SW Suite E,20613,General Dentistry,Primary (general),1,1649021973,2024,Recent,NPPES NPI 1649021973,,,
B,Burtonsville Center For Dental Sleep Medicine,Burtonsville,MD,(301) 250-0867,"Zhuoxun Chen, DDS, PHD",Co-Owner,,,,,3905 National Dr Ste 370,20866,General Dentistry,Primary (general),1,1578400032,2026,Recent,NPPES NPI 1578400032,,,
B,Simple Smile Dental LLC,Catonsville,MD,(410) 777-9134,"Payam Nourmand, DDS",Agent,,,,,405 Frederick Rd Ste 152,21228,General Dentistry,Primary (general),1,1194569640,2024,Recent,NPPES NPI 1194569640,,,
B,"Anett John, Dds, LLC",Chevy Chase,MD,(301) 652-3317,"Anett John, DDS",Owner,,,,,5530 Wisconsin Ave Ste 1240,20815,General Dentistry,Primary (general),1,1821515743,2022,Recent,NPPES NPI 1821515743,,,
B,Artisan Dental Of Chevy Chase PLLC,Chevy Chase,MD,(301) 652-1100,Jesse Farver,Office Manager,,,,,5530 Wisconsin Ave Ste 712,20815,General Dentistry,Primary (general),1,1457184293,2024,Recent,NPPES NPI 1457184293,,,
B,Kristy Lee DDS LLC,Chevy Chase,MD,(301) 986-4814,"Kristy Lee, DDS",Owner,,,,,5530 Wisconsin Ave Ste 710,20815,General Dentistry,Primary (general),1,1992407894,2023,Recent,NPPES NPI 1992407894,,,
B,"Revive, Dds, LLC",Chevy Chase,MD,(301) 664-9596,Caroline Reed,Consultant,,,,,4601 N Park Ave # C7,20815,General Dentistry,Primary (general),1,1336894708,2022,Recent,NPPES NPI 1336894708,,,
B,Maryland Sleep Doc Inc,Clarksville,MD,(408) 802-0664,"Neelima Yerra, DDS",President,,,,,5005 Signal Bell Ln Ste 210,21029,General Dentistry,Primary (general),1,1902629272,2024,Recent,NPPES NPI 1902629272,,,
B,Allclear Dentistry LLC,Columbia,MD,(410) 381-7300,"James Cleary, DDS",Owner,,,,,8640 Guilford Rd Ste 221A,21046,General Dentistry,Primary (general),1,1811683766,2023,Recent,NPPES NPI 1811683766,,,
B,Cedar Smiles,Columbia,MD,(443) 693-0333,Alireza Rajaei,Owner,contact@r3dental.com,NPPES federal registry filing,,,10910 Little Patuxent Pkwy Ste 206,21044,General Dentistry,Primary (general),2,1659097954,2022,Recent,NPPES NPI 1659097954,,,
B,Dental One Associates Columbia PC,Columbia,MD,(410) 884-3666,Victoria Johnson,Cro,,,,,10630 Little Patuxent Pkwy 410,21044,General Dentistry,Primary (general),1,1356466536,2026,Recent,NPPES NPI 1356466536,,,
B,Dobbin Dental Suite,Columbia,MD,(410) 997-9366,Kristin Wingfield,Office Manager,,,,,6460 Dobbin Rd Ste B,21045,General Dentistry,Primary (general),1,1508930132,2025,Recent,NPPES NPI 1508930132,,,
B,"John N Chmbarlis Centre Park Family Dentistry , PC",Columbia,MD,(410) 997-3100,"John Chambarlis, DDS",Dentist,,,,,8895 Centre Park Dr Ste D,21045,General Dentistry,Primary (general),2,1063108298,2023,Recent,NPPES NPI 1063108298,,,
B,Model Dental Clinic,Columbia,MD,(410) 730-6666,Roghieh Atapour,Owner Dentist,,,,,9520 Berger Rd Ste 105,21046,General Dentistry,Primary (general),1,1548392152,2024,Recent,NPPES NPI 1548392152,,,
B,Optimal Dental,Columbia,MD,(832) 415-4957,"Fardous Medani, DDS",CEO/owner,,,,,7060 Oakland Mills Rd Ste J,21046,General Dentistry,Primary (general),1,1245199165,2026,Recent,NPPES NPI 1245199165,,,
B,"Ray M Becker, D.d.s., P.A.",Columbia,MD,(410) 730-4674,"Ray Becker, D.D.S.",President/owner,,,,,8894 Stanford Blvd Ste 200,21045,General Dentistry,Primary (general),1,1427151398,2023,Recent,NPPES NPI 1427151398,,,
B,"The Dental Office Of Nathaniel Fogel, DDS LLC",Columbia,MD,(410) 730-3311,"Nathaniel Fogel, DDS",Member,,,,,8815 Centre Park Dr Ste 310,21045,General Dentistry,Primary (general),1,1841089539,2025,Recent,NPPES NPI 1841089539,,,
B,"Today'S Smile, L.L.C.",Columbia,MD,(410) 997-8383,"Stanley Park, DDS",Owner/sole Member,,,,,"10400 Little Patuxent Pkwy, Ste 310",21044,General Dentistry,Primary (general),1,1861836900,2026,Recent,NPPES NPI 1861836900,,,
B,Hyun Dong Kim DDS LLC,Ellicott City,MD,(410) 461-3747,"David Kim, DDS",Dentist,,,,,9275 Baltimore National Pike Ste 103,21042,General Dentistry,Primary (general),1,1487516571,2025,Recent,NPPES NPI 1487516571,,,
B,"Kim & Kim, D.d.s., P.A.",Ellicott City,MD,(410) 461-2424,Pam Bahk,Operations Manager,,,,,8801 Baltimore National Pike Ste 17,21043,General Dentistry,Primary (general),1,1043905367,2023,Recent,NPPES NPI 1043905367,,,
B,Singer Dental Associates LLC,Ellicott City,MD,(410) 740-9400,"Todd Singer, DDS",CEO,,,,,5126 Dorsey Hall Dr,21042,General Dentistry,Primary (general),2,1467202994,2024,Recent,NPPES NPI 1467202994,,,
B,T&m Dental LLC,Ellicott City,MD,(410) 750-0207,"Maneet Gulati, DDS",Owner,,,,,3459 Saint Johns Ln Ste 1,21042,General Dentistry,Primary (general),1,1861266330,2023,Recent,NPPES NPI 1861266330,,,
B,Atulkumar Purohit DDS LLC,Frederick,MD,(301) 662-0131,Pragna Purohit,Office Manager,,,,,"801 Toll House Avenue, Frederick Medical Center Building I",21701,General Dentistry,Primary (general),1,1932918695,2025,Recent,NPPES NPI 1932918695,,,
B,"Better Smiles Family Dental, LLC",Frederick,MD,(301) 494-1884,"Ngocbich Florentino, DDS",General Dentist,,,,,1011 E Patrick St,21701,General Dentistry,Primary (general),1,1558143453,2023,Recent,NPPES NPI 1558143453,,,
B,"Dr E.J. Stringer, D.m.d., P.A.",Frederick,MD,(301) 663-5550,Richard Stringer,CEO,,,,,60 Thomas Johnson Dr Ste 1,21702,General Dentistry,Primary (general),2,1104237858,2024,Recent,NPPES NPI 1104237858,,,
B,Frederick Health Medical Group LLC,Frederick,MD,(240) 566-7005,Jenny Fitzpatrick,"Director, Professional Fees Revenue",,,,,516 Trail Ave,21701,General Dentistry,Primary (general),1,1073973012,2026,Recent,NPPES NPI 1073973012,,,
B,My Frederick Dentist LLC,Frederick,MD,(301) 698-9552,"Cyrus Allafi, DDS",CEO,,,,,2100 Old Farm Dr # 1-B,21702,General Dentistry,Primary (general),1,1942767074,2022,Recent,NPPES NPI 1942767074,,,
B,Samuel K Huang DDS LLC,Frederick,MD,(301) 631-5748,Samuel Huang,Owner,,,,,196 Thomas Johnson Dr Ste 100,21702,General Dentistry,Primary (general),1,1689960619,2026,Recent,NPPES NPI 1689960619,,,
B,Smooth Smiles LLC,Frederick,MD,(202) 365-8001,"Sheila Mazhari, DMD",Dentist/owner,,,,,7101 Guilford Dr Ste 205,21704,General Dentistry,Primary (general),1,1578422887,2026,Recent,NPPES NPI 1578422887,,,
B,The Wobbly Tooth LLC,Frederick,MD,(301) 663-4012,Caroline Reed,Consultant,,,,,176 Thomas Johnson Dr Ste 200,21702,General Dentistry,Primary (general),1,1477238848,2023,Recent,NPPES NPI 1477238848,,,
B,Trevor F Maples DDS LLC,Frederick,MD,(301) 663-1700,"Trevor Maples, DDS","Dentist, Owner",,,,,2100 Old Farm Dr Ste 1F,21702,General Dentistry,Primary (general),1,1922789387,2024,Recent,NPPES NPI 1922789387,,,
B,Vama LLC,Frederick,MD,(217) 414-4234,"Chetan Baddam, DDS",Owner,,,,,9093 Ridgefield Dr Ste 203,21701,General Dentistry,Primary (general),1,1962190025,2023,Recent,NPPES NPI 1962190025,,,
B,Anahita Norouzi DDS & Associates PC,Gaithersburg,MD,(240) 550-3636,"Anahita Norouzi, DDS",Dentist Owner,,,,,8927 Shady Grove Ct # 21A,20877,General Dentistry,Primary (general),1,1578311346,2024,Recent,NPPES NPI 1578311346,,,
B,Andrew Tong Dental LLC,Gaithersburg,MD,(301) 216-1780,"Andrew Tong, DDS, MS",Periodontist,,,,,903 Russell Ave Ste 200,20879,General Dentistry,Primary (general),1,1710848684,2025,Recent,NPPES NPI 1710848684,,,
B,"Angamuthu & Associates, D.d.s., P.A.",Gaithersburg,MD,(301) 990-3697,"Vijayalakshmi Angamuthu, DDS",General Dentist,,,,,4 Professional Drive Suite 121,20879,General Dentistry,Primary (general),1,1437360971,2024,Recent,NPPES NPI 1437360971,,,
B,Azimaie Dental Group LLC,Gaithersburg,MD,(301) 747-0575,"Taha Azimaie, M.S. D.M.D. M.S.E.",President/owner,,,,,308 Main St,20878,General Dentistry,Primary (general),1,1629812557,2024,Recent,NPPES NPI 1629812557,,,
B,Chamber Family Dentistry LLC,Gaithersburg,MD,(301) 216-0592,"Parmender Chamber, DDS",Owner/dentist,,,,,8 Russell Ave Ste 105,20877,General Dentistry,Primary (general),2,1215641428,2023,Recent,NPPES NPI 1215641428,,,
B,"Dr, Lourdes R Solis Family Dentistry Of Gaithersburg",Gaithersburg,MD,(301) 990-8435,Carlos Solis,Manager,,,,,426 E Diamond Ave,20877,General Dentistry,Primary (general),1,1033081518,2025,Recent,NPPES NPI 1033081518,,,
B,Gaithersburg Dental & Beauty Center,Gaithersburg,MD,(301) 987-5527,"Anna Grinitsyna, DDS",Owener,,,,,8901 Shady Grove Ct,20877,General Dentistry,Primary (general),1,1679387617,2025,Recent,NPPES NPI 1679387617,,,
B,"Gaithersburg Modern Dentistry, LLC",Gaithersburg,MD,(240) 801-3138,"Ali Shahrestani, DMD",Owner,,,,,812 Muddy Branch Rd,20878,General Dentistry,Primary (general),1,1578242780,2023,Recent,NPPES NPI 1578242780,,,
B,"Gordon Center For General And Advanced Denistry, LLC",Gaithersburg,MD,(301) 258-1998,"Leonard Gordon, DDS",Dentist,,,,,656 Quince Orchard Rd Ste 104,20878,General Dentistry,Primary (general),1,1487485413,2024,Recent,NPPES NPI 1487485413,,,
B,"Hanlian Xiao, Dmd, LLC",Gaithersburg,MD,(240) 800-7008,"Hanlian Xiao, DMD",Owner,,,,,11906 Darnestown Rd Ste G,20878,General Dentistry,Primary (general),1,1225989528,2026,Recent,NPPES NPI 1225989528,,,
B,Lakeside Dental Smiles LLC,Gaithersburg,MD,(301) 990-7778,Alireza Rajaei,Owner,,,,,100 Lakeforest Blvd Ste 620,20877,General Dentistry,Primary (general),3,1033953005,2024,Recent,NPPES NPI 1033953005,,,
B,"Lifetime Dental Care Of Maryland, Badger, P.C.",Gaithersburg,MD,(301) 330-0911,Courtney Monteith,Credentialing Coordinator,,,,,808 Muddy Branch Rd,20878,General Dentistry,Primary (general),1,1285373860,2022,Recent,NPPES NPI 1285373860,,,
B,"Maryland Dental Affiliates, P.C.",Gaithersburg,MD,(301) 926-8282,"Behnaz Yalda, DMD",Managing Dentist,,,,,803 Russell Ave Ste 3A,20879,General Dentistry,Primary (general),1,1417644790,2025,Recent,NPPES NPI 1417644790,,,
B,Maryland Dental Associates LLC,Gaithersburg,MD,(019) 875-5273,R Patricia Hower,Credentialing Specialist,,,,,8901 Shady Grove Ct,20877,General Dentistry,Primary (general),1,1285381590,2022,Recent,NPPES NPI 1285381590,,,
B,"Maryland Oral Diagnosis And Therapeutics, LLC",Gaithersburg,MD,(301) 869-8666,"Di Sun, DDS PHD",Director,,,,,610 Professional Dr Ste 215,20879,General Dentistry,Primary (general),1,1760654784,2026,Recent,NPPES NPI 1760654784,,,
B,Mj Cosmetic Dentistryllc,Gaithersburg,MD,(240) 683-6009,"Enrique Farina, DMD",Owner,,,,,20036 Goshen Rd,20879,General Dentistry,Primary (general),1,1932032786,2026,Recent,NPPES NPI 1932032786,,,
B,"Pediatric Dental Group,llc",Gaithersburg,MD,(301) 793-1288,Amir Tofigh,Member,,,,,19610 Club House Rd,20886,General Dentistry,Primary (general),1,1699426668,2022,Recent,NPPES NPI 1699426668,,,
B,Portable Smiles Mobile Dmv,Gaithersburg,MD,(734) 260-2601,Gloria Sotelo,Office Manager,,,,,127 Bookham Ln,20877,General Dentistry,Primary (general),1,1891471926,2023,Recent,NPPES NPI 1891471926,,,
B,Puja Agarwal DDS PC,Gaithersburg,MD,(301) 869-9161,"Puja Agarwal, DDS",Owner,,,,,933 Russell Ave Ste B,20879,General Dentistry,Primary (general),1,1770466922,2025,Recent,NPPES NPI 1770466922,,,
B,Rajwant Singh DDS PC,Gaithersburg,MD,(301) 977-6628,Rajwant Singh,Dentist,,,,,201 N Frederick Ave,20877,General Dentistry,Primary (general),1,1508672122,2024,Recent,NPPES NPI 1508672122,,,
B,Revive Implant And Family Dental Center,Gaithersburg,MD,(703) 626-0460,"Sameea Mahmud, DMD",Dentist,,,,,811 Russell Ave Ste C,20879,General Dentistry,Primary (general),1,1295559359,2024,Recent,NPPES NPI 1295559359,,,
B,Vedic Dental Inc,Gaithersburg,MD,(301) 738-1074,"Kalpna Ranadive, DMD",Dentist,,,,,10810 Darnestown Rd Ste H2,20878,General Dentistry,Primary (general),1,1992906168,2024,Recent,NPPES NPI 1992906168,,,
B,A Alibakhshi & Associates PC,Germantown,MD,(301) 540-0500,"Ali Alibakhshi, DDS",Owner/ Dentist,,,,,19512 Amaranth Dr A,20874,General Dentistry,Primary (general),1,1861508962,2025,Recent,NPPES NPI 1861508962,,,
B,"Eldersburg Family Dentistry, LLC",Germantown,MD,(301) 972-3444,"Hamidreza Ghorbaniparvar, DDS",Owner/dentist,,,,,22710 Ridge Rd,20876,General Dentistry,Primary (general),2,1023881679,2024,Recent,NPPES NPI 1023881679,,,
B,Erica Ford D.D.S. LLC,Germantown,MD,(301) 916-5800,"Erica Ford, DDS",Dentist,,,,,20 Executive Park Ct,20874,General Dentistry,Primary (general),2,1972012102,2022,Recent,NPPES NPI 1972012102,,,
B,"Platinum Dental Group, LLC",Germantown,MD,(301) 540-4425,"Sarmad Khamas, DMD",Owner,,,,,12850 Middlebrook Rd Ste 470,20874,General Dentistry,Primary (general),1,1396416566,2026,Recent,NPPES NPI 1396416566,,,
B,R&s Dental LLC,Germantown,MD,(301) 528-8685,"Roli Malla Joshi, DMD",Owner,,,,,20400 Observation Dr Ste 208,20876,General Dentistry,Primary (general),2,1033075841,2026,Recent,NPPES NPI 1033075841,,,
B,R3 Dental Group LLC,Germantown,MD,(301) 540-2444,Alireza Rajaei,Owner,,,,,13097 Wisteria Dr Ste 101,20874,General Dentistry,Primary (general),2,1144880667,2022,Recent,NPPES NPI 1144880667,,,
B,"Rajesh Balchandani, D.D.S. P.C.",Germantown,MD,(301) 528-2600,"Rajesh Balchandani, D.D.S.",Owner,,,,,19501 Doctors Dr,20874,General Dentistry,Primary (general),1,1801093976,2022,Recent,NPPES NPI 1801093976,,,
B,"Sang Cho Dds, L.L.C.",Germantown,MD,(301) 916-8570,Sang Cho,Dentist,,,,,20500 Seneca Meadows Pkwy Suite 2220,20876,General Dentistry,Primary (general),1,1235828906,2023,Recent,NPPES NPI 1235828906,,,
B,Smile Dental Care LLC,Germantown,MD,(301) 515-5955,"Chandrika Bhut, D.D.S.",President,,,,,19785 Crystal Rock Dr Ste 302,20874,General Dentistry,Primary (general),1,1578598744,2024,Recent,NPPES NPI 1578598744,,,
B,Tran & Le DDS LLC,Germantown,MD,(301) 569-7269,"Quang Tran, DDS",Doctor,,,,,13019 Wisteria Dr,20874,General Dentistry,Primary (general),1,1548001183,2024,Recent,NPPES NPI 1548001183,,,
B,Doctor Of Dentures LLC,Glen Burnie,MD,(410) 768-8220,"Hushmat Jamshed, MD",Director,,,,,1600 Crain Hwy S Ste 508,21061,General Dentistry,Primary (general),1,1457173833,2026,Recent,NPPES NPI 1457173833,,,
B,Smile Hq Mitchellville,Glenn Dale,MD,(301) 202-3499,"Emike Usman-Aliu, DDS",Orthodontist,,,,,12150 Annapolis Rd Ste 301,20769,General Dentistry,Primary (general),1,1295469633,2022,Recent,NPPES NPI 1295469633,,,
B,Ib Dental Iiii PC,Greenbelt,MD,(202) 297-1500,"Robert Dayse, DDS",Owner,,,,,7500 Hanover Pkwy Ste 106,20770,General Dentistry,Primary (general),1,1932966157,2024,Recent,NPPES NPI 1932966157,,,
B,Hagerstown Prime Dental,Hagerstown,MD,(301) 766-7000,Heung Joo Sung,CEO,,,,,1825 Howell Rd Ste 1,21740,General Dentistry,Primary (general),2,1598687741,2026,Recent,NPPES NPI 1598687741,,,
B,"Michael St A Brown, Dds, P.C.",Hagerstown,MD,(240) 313-9467,"Michael St A Brown, DDS",Owner,,,,,18743 N Pointe Dr,21742,General Dentistry,Primary (general),1,1982436739,2024,Recent,NPPES NPI 1982436739,,,
B,"Robinwood Dental Center, PC",Hagerstown,MD,(240) 313-9660,Beverly Burks,Business Office,,,,,11110 Medical Campus Rd Suite 148,21742,General Dentistry,Primary (general),2,1508879016,2023,Recent,NPPES NPI 1508879016,,,
B,Spark Dental LLC,Hagerstown,MD,(301) 888-8555,"Madhu Venkata Nadimpalli, DDS,MPA",General Dentist/ Owner,,,,,18077 Garland Groh Blvd,21740,General Dentistry,Primary (general),1,1760221386,2024,Recent,NPPES NPI 1760221386,,,
B,Soul Smiles,Hyattsville,MD,(240) 696-7842,Vincent Hathaway,Owner/dentist,,,,,5402 Queens Chapel Rd,20782,General Dentistry,Primary (general),1,1245983261,2022,Recent,NPPES NPI 1245983261,,,
B,"Woo Wang Dds, LLC",Kensington,MD,(301) 933-1833,Donna Tan,Practice Administrator,,,,,3704 Perry Ave,20895,General Dentistry,Primary (general),1,1922156488,2024,Recent,NPPES NPI 1922156488,,,
B,"Aspen Hill Implant & Family Dentistry, P C",Largo,MD,(301) 773-4177,"Zia Ahmed, D.D.S",Dentis,,,,,1401 Mercantile Ln Ste 583,20774,General Dentistry,Primary (general),2,1063655256,2024,Recent,NPPES NPI 1063655256,,,
B,Adibi Smiles,Laurel,MD,(813) 486-4746,"Farnaz Adibi, DMD",Dr/dentist,,,,,14201 Park Center Dr Unit #401 And #402,20707,General Dentistry,Primary (general),1,1518839307,2025,Recent,NPPES NPI 1518839307,,,
B,"Charming Smiles Family Dentistry, Inc",Laurel,MD,(301) 317-9020,"Natalie Kelley, DDS",Owner,,,,,14333 Laurel Bowie Rd Ste 301,20708,General Dentistry,Primary (general),2,1104319029,2026,Recent,NPPES NPI 1104319029,,,
B,Pars Dental Consulting,Laurel,MD,(301) 776-5051,Siavash Ghafforzadeh Ardekani,Owner,,,,,14333 Laurel Bowie Rd Ste 304,20708,General Dentistry,Primary (general),2,1972458222,2026,Recent,NPPES NPI 1972458222,,,
B,"Yoonie Smile, LLC",Laurel,MD,(240) 650-2850,Valerie Hamilton,Director Of Contracting,,,,,14398 Baltimore Ave Ste 101,20707,General Dentistry,Primary (general),1,1982476057,2024,Recent,NPPES NPI 1982476057,,,
B,Radparvar Smiles R Us At Timonium,Lutherville,MD,(443) 866-8035,Saman Radparvar,Doctor,,,,,2080 York Rd Ste 255,21093,General Dentistry,Primary (general),1,1164284329,2024,Recent,NPPES NPI 1164284329,,,
B,Smile Rx Dental-Holistic Family Dentistry,Millersville,MD,(410) 987-1600,"Aatifa Khan, DDS",Owner,,,,,8338 Veterans Hwy Ste 203A,21108,General Dentistry,Primary (general),1,1750096855,2023,Recent,NPPES NPI 1750096855,,,
B,Kc Granger DDS PC,Mitchelleville,MD,(301) 249-3333,"Kevin Granger, DDS",Owner,,,,,1211 Enterprise Rd,20721,General Dentistry,Primary (general),1,1982914305,2023,Recent,NPPES NPI 1982914305,,,
B,"Glow Dental, LLC",Nottingham,MD,(410) 663-1073,Payam Nourmand,Owner,,,,,7636 Belair Rd,21236,General Dentistry,Primary (general),1,1467190413,2022,Recent,NPPES NPI 1467190413,,,
B,"Dental Health Professionals Of Maryland, Badger, P.C.",Owings Mills,MD,(410) 697-6290,Hannah Fish,Credentialing Coordinator,,,,,5 Park Center Ct Ste 302,21117,General Dentistry,Primary (general),1,1164297313,2024,Recent,NPPES NPI 1164297313,,,
B,Drs Honar Najafi And Associates LLC,Owings Mills,MD,(443) 394-9100,"Sharareh Honar, DDS",Dentist,,,,,9351 Lakeside Blvd Ste 202,21117,General Dentistry,Primary (general),1,1407621063,2023,Recent,NPPES NPI 1407621063,,,
B,"Kira Evans Toulson, Dds, LLC",Owings Mills,MD,(443) 426-4368,George Toulson,Business Manager,,,,,10084 Reisterstown Rd Ste 200E,21117,General Dentistry,Primary (general),1,1508527102,2023,Recent,NPPES NPI 1508527102,,,
B,"Lifetime Dental Care Of Maryland, Badger, P.C.",Owings Mills,MD,(410) 363-2500,Cemyira McDougal,Credentialing Coordinator,,,,,20 Crossroads Dr Ste 110,21117,General Dentistry,Primary (general),2,1609734995,2026,Recent,NPPES NPI 1609734995,,,
B,Royalty Dental LLC,Owings Mills,MD,(202) 607-5526,"Mame Adubea Asamoah-Odei, DDS",Dentist/owner,,,,,10309 Grand Central Ave Ste 112,21117,General Dentistry,Primary (general),1,1548157985,2025,Recent,NPPES NPI 1548157985,,,
B,Valley Dental Associates LLC,Owings Mills,MD,(410) 363-2525,Victoria Johnson,Cro,,,,,9199 Reisterstown Rd Suite 206 B,21117,General Dentistry,Primary (general),1,1043364698,2026,Recent,NPPES NPI 1043364698,,,
B,Dental Glitters LLC,Oxon Hill,MD,(301) 880-9999,"Madhu Venkata Nadimpalli, DDS, MPA",General Dentist/ Owner,,,,,6181 Livingston Rd,20745,General Dentistry,Primary (general),1,1508544891,2023,Recent,NPPES NPI 1508544891,,,
B,Modern Dentistry 1 LLC,Pasadena,MD,(410) 647-3595,"Afshin Nateghi, DDS",Dentist,,,,,8352 Ritchie Hwy,21122,General Dentistry,Primary (general),1,1265293732,2025,Recent,NPPES NPI 1265293732,,,
B,Sara Amini Zand DDS PC,Potomac,MD,(301) 299-5010,"Sara Zand, DDS",President,,,,,7825 Tuckerman Ln Ste 208,20854,General Dentistry,Primary (general),1,1265280531,2024,Recent,NPPES NPI 1265280531,,,
B,Calvert Center For Dental Sleep Medicine,Prince Frederick,MD,(410) 535-2011,"Zhuoxun Chen, DDS, PHD",Co-Owner,,,,,284 Merrimac Ct,20678,General Dentistry,Primary (general),3,1205773660,2026,Recent,NPPES NPI 1205773660,,,
B,The Dental Group By Smile Loft,Riverdale,MD,(240) 956-4956,"Vaibhav Rai, DDS",Co-Owner,,,,,6200 Baltimore Ave,20737,General Dentistry,Primary (general),1,1316805450,2026,Recent,NPPES NPI 1316805450,,,
B,"Ac Dental Group, LLC",Rockville,MD,(410) 979-1581,"Aleah Cho, DDS",Owner/dentist,,,,,12250 Rockville Pike Ste 250,20852,General Dentistry,Primary (general),1,1801572011,2023,Recent,NPPES NPI 1801572011,,,
B,Bel Pre Family Dental LLC,Rockville,MD,(301) 598-7800,"Ernest Ponraj, DDS",Dentist/practice Owner,,,,,4 Taft Ct Ste 150,20850,General Dentistry,Primary (general),1,1801274642,2024,Recent,NPPES NPI 1801274642,,,
B,Bethesda Family Dental,Rockville,MD,(240) 221-3602,Curtis Smith,Chief Financial Officer,,,,,6000 Executive Blvd Ste 505,20852,General Dentistry,Primary (general),1,1780517557,2026,Recent,NPPES NPI 1780517557,,,
B,Chetan H Parikh DMD PA,Rockville,MD,(301) 231-0173,"Chetan Parikh, DMD, MDS",President,,,,,5808 Hubbard Dr,20852,General Dentistry,Primary (general),1,1457118879,2025,Recent,NPPES NPI 1457118879,,,
B,"Dipty Mahajan Dmd,pa",Rockville,MD,(301) 838-9300,"Dipty Mahajan, DMD, PA",Owner/dentist,,,,,9850 Key West Ave Ste 302,20850,General Dentistry,Primary (general),2,1134983760,2024,Recent,NPPES NPI 1134983760,,,
B,Esthetic Smile LLC,Rockville,MD,(301) 762-5552,"Iria Ondo Bengone, DDS",Owner,,,,,50 W Edmonston Dr Ste 605,20852,General Dentistry,Primary (general),1,1932070943,2025,Recent,NPPES NPI 1932070943,,,
B,Experteeth Academy,Rockville,MD,(240) 255-7868,Hong Yang,Owner,,,,,15839 Crabbs Branch Way,20855,General Dentistry,Primary (general),1,1467360990,2026,Recent,NPPES NPI 1467360990,,,
B,Gd MD Rda LLC,Rockville,MD,(301) 424-2030,Chad Hendricks,Credentialing,,,,,1403 Research Blvd Ste A5,20850,General Dentistry,Primary (general),1,1386413185,2023,Recent,NPPES NPI 1386413185,,,
B,Healthy Smiles Dentalcare LLC,Rockville,MD,(703) 623-2388,Qing Xu,Dentist,,,,,1600 Veirs Mill Rd,20851,General Dentistry,Primary (general),4,1528769635,2023,Recent,NPPES NPI 1528769635,,,
B,"Johwan J Doh Dds, PA",Rockville,MD,(301) 230-2005,Melissa Doh,Office Manager,,,,,5818 Hubbard Dr,20852,General Dentistry,Primary (general),1,1033905328,2025,Recent,NPPES NPI 1033905328,,,
B,Manlucu Dental Group PC,Rockville,MD,(301) 963-4330,"Shannen Marie Manlucu, DDS",President,,,,,16815 Crabbs Branch Way,20855,General Dentistry,Primary (general),1,1336962315,2024,Recent,NPPES NPI 1336962315,,,
B,Maryland General Dentistry LLC,Rockville,MD,(301) 279-2600,Bradly Green,Owner,,,,,350 Fortune Ter Ste 101,20854,General Dentistry,Primary (general),1,1902584576,2023,Recent,NPPES NPI 1902584576,,,
B,Moizza Rajan LLC,Rockville,MD,(240) 690-0606,"Moizza Rajan, DDS",Practice Owner,,,,,8005 Gramercy Blvd Ste 170,20855,General Dentistry,Primary (general),1,1326924465,2025,Recent,NPPES NPI 1326924465,,,
B,Nahal Vosoughi DMD LLC,Rockville,MD,(571) 926-3391,Nahal Vosoughi,Owner Dentist,,,,,121 Congressional Ln Ste 306,20852,General Dentistry,Primary (general),1,1679383509,2025,Recent,NPPES NPI 1679383509,,,
B,"North Bethesda Dental Associates, P.C.",Rockville,MD,(301) 881-7646,"Charles Doring, DDS",President,info@nbda.dentist,NPPES federal registry filing,,,11400 Rockville Pike Ste 509,20852,General Dentistry,Primary (general),1,1619430949,2025,Recent,NPPES NPI 1619430949,,,
B,Rahimah Maina DDS LLC,Rockville,MD,(410) 258-5206,"Rahimah Maina, DDS",Dentist,,,,,6211 Executive Blvd,20852,General Dentistry,Primary (general),1,1417670563,2022,Recent,NPPES NPI 1417670563,,,
B,"Sadi, Md, LLC",Rockville,MD,(301) 770-1555,"Simone Wilson, MPA",Director Of Credentialing,,,,,11921 Rockville Pike Ste 101,20852,General Dentistry,Primary (general),1,1215626528,2024,Recent,NPPES NPI 1215626528,,,
B,"Samia Nikkhah, Dds, LLC",Rockville,MD,(301) 979-9071,"Samia Nikkhah, DDS",Dentist/owner,,,,,11400 Rockville Pike Ste 106,20852,General Dentistry,Primary (general),1,1033838420,2022,Recent,NPPES NPI 1033838420,,,
B,Sch Of MD LLC,Rockville,MD,(267) 691-2800,Dani Silverman,CEO,,,,,1531 Rockville Pike # 1084,20852,General Dentistry,Primary (general),1,1609727189,2026,Recent,NPPES NPI 1609727189,,,
B,Supreme Dental LLC,Rockville,MD,(215) 350-8088,"James Chiu, DMD",Dentist,,,,,401 E Jefferson St Ste 104,20850,General Dentistry,Primary (general),1,1265241608,2024,Recent,NPPES NPI 1265241608,,,
B,Sure Dental Care LLC,Rockville,MD,(301) 304-3380,"Chandrika Bhut, DDS",Dentist,,,,,615 W Montgomery Ave,20850,General Dentistry,Primary (general),1,1184345563,2022,Recent,NPPES NPI 1184345563,,,
B,Thanh Lam DDS LLC,Rockville,MD,(301) 340-2626,"Thanh Lam, DDS",Dentist,,,,,2301 Research Blvd Ste 315,20850,General Dentistry,Primary (general),1,1821809807,2025,Recent,NPPES NPI 1821809807,,,
B,Tiger Family Dental Care LLC,Rockville,MD,(240) 676-1702,Forentino Palacios,Owner,,,,,751 Rockville Pike Ste 3A,20852,General Dentistry,Primary (general),1,1477343770,2025,Recent,NPPES NPI 1477343770,,,
B,"Um Fdsp Associates, P.A.",Rockville,MD,(240) 665-6700,Elyse Markwitz,Dir. Of Medical Credentialing & Qa,,,,,9631 Gudelsky Drive Suite 2135,20850,General Dentistry,Primary (general),1,1487286050,2023,Recent,NPPES NPI 1487286050,,,
B,"Zarger Dental Group, P.C.",Rockville,MD,(301) 881-5020,"Erfan Zarger, DDS",Owner Dentist/ceo,,,,,11404 Old Georgetown Rd Ste 201,20852,General Dentistry,Primary (general),1,1013769041,2024,Recent,NPPES NPI 1013769041,,,
B,Arvind P Jain DMD,Salisbury,MD,(410) 546-5900,"Arvind Jain, DMD",Doctor,,,,,614 Eastern Shore Dr Ste D,21804,General Dentistry,Primary (general),1,1851379945,2024,Recent,NPPES NPI 1851379945,,,
B,Dr Fakhira Nafees DMD PA,Salisbury,MD,(201) 600-0696,"Fakhira Nafees, DMD",Owner,,,,,106 Milford St Ste 304,21804,General Dentistry,Primary (general),1,1326764911,2022,Recent,NPPES NPI 1326764911,,,
B,Grace E Kim DDS LLC,Salisbury,MD,(410) 202-8500,"Grace Kim, DDS",Dentist,,,,,1301 Mount Hermon Rd,21804,General Dentistry,Primary (general),1,1407682339,2024,Recent,NPPES NPI 1407682339,,,
B,Jeffrey L Taylor DDS And Associates II PC,Salisbury,MD,(410) 219-9292,Lauren Hill,"Director, Rcm",,,,,3019 Merritt Mill Rd,21804,General Dentistry,Primary (general),1,1972042679,2022,Recent,NPPES NPI 1972042679,,,
B,Peninsula Dental Care LLC,Salisbury,MD,(410) 543-0599,Kanwarjit Brar,Owner,,,,,302 Kay Ave Ste B,21801,General Dentistry,Primary (general),1,1255069928,2022,Recent,NPPES NPI 1255069928,,,
B,Sg Dental Services LLC,Salisbury,MD,(443) 210-3398,Christine Barber,Provider Enrollment Team Lead,,,,,2412 N Salisbury Blvd Ste A,21801,General Dentistry,Primary (general),1,1063234946,2024,Recent,NPPES NPI 1063234946,,,
B,"Adela Morocho, Dds, LLC",Silver Spring,MD,(301) 681-4900,"Adela Morocho, D.D.S.",Dentist,,,,,11161 New Hampshire Ave Ste 430,20904,General Dentistry,Primary (general),1,1851661524,2022,Recent,NPPES NPI 1851661524,,,
B,Aleman & Horng LLC,Silver Spring,MD,(301) 565-8889,"Mike Horng, DDS",General Dentist/owner,,,,,923 Bonifant St Unit 1,20910,General Dentistry,Primary (general),2,1619659661,2026,Recent,NPPES NPI 1619659661,,,
B,Amy Hong DMD LLC,Silver Spring,MD,(301) 438-2003,"Amy Hong, DMD",President,,,,,14440 Layhill Rd,20906,General Dentistry,Primary (general),1,1578309498,2024,Recent,NPPES NPI 1578309498,,,
B,Armin Dental Of Riverdale LLC,Silver Spring,MD,(301) 890-8005,"Armin Salimi, DDS",Owner,,,,,13823 Outlet Dr,20904,General Dentistry,Primary (general),2,1710686977,2023,Recent,NPPES NPI 1710686977,,,
B,"Ase Dental Group, P.C.",Silver Spring,MD,(301) 593-5500,"Alice Charland Bassford, DMD",Dentist/owner,,,,,"10301 Georgia Ave Ste 207 Silver Spring, MD 20902",20902,General Dentistry,Primary (general),1,1386192011,2025,Recent,NPPES NPI 1386192011,,,
B,"Aspen Hill Modern Dentistry, LLC",Silver Spring,MD,(240) 762-4773,"Ali Shahrestani, DMD",Owner Doctor,,,,,13745 Connecticut Ave,20906,General Dentistry,Primary (general),1,1245962547,2022,Recent,NPPES NPI 1245962547,,,
B,"Community Clinic, Inc",Silver Spring,MD,(301) 585-1250,"Parastoo Golestani, DDS",Chief Dental Officer,,,,,8630 Fenton Street Suite 1200,20910,General Dentistry,Primary (general),1,1619287638,2024,Recent,NPPES NPI 1619287638,,,
B,"Dentists Of Silver Spring, LLC",Silver Spring,MD,(301) 761-4489,"Ali Shahrestani, DMD",Owner,,,,,1286 E West Hwy,20910,General Dentistry,Primary (general),1,1356958292,2022,Recent,NPPES NPI 1356958292,,,
B,Do Tan Partners,Silver Spring,MD,(240) 644-5394,"Justin Do, DDS",General Dentist / Owner,,,,,3810 International Dr,20906,General Dentistry,Primary (general),1,1750257523,2025,Recent,NPPES NPI 1750257523,,,
B,Dr Deepa S DMD LLC,Silver Spring,MD,(301) 927-2900,Sriram Chellappan,President & CEO,,,,,10313 Georgia Ave Ste 304,20902,General Dentistry,Primary (general),1,1518830454,2025,Recent,NPPES NPI 1518830454,,,
B,Elsabet Tekle DDS LLC,Silver Spring,MD,(301) 384-7800,Elsabet Tekle,Doctor,,,,,2415 Musgrove Rd Ste 309,20904,General Dentistry,Primary (general),1,1336927169,2023,Recent,NPPES NPI 1336927169,,,
B,"Gums Dental Care, LLC",Silver Spring,MD,(301) 588-4411,Anna Gumbs,Owner/dental Provider,,,,,8701 Georgia Ave Ste 702,20910,General Dentistry,Primary (general),1,1366740011,2022,Recent,NPPES NPI 1366740011,,,
B,"Hedyeh Atashbar, Dds, LLC",Silver Spring,MD,(301) 593-0060,"Hedyeh Atashbar, DDS",Dentist/owner,,,,,11213 Lockwood Drive,20901,General Dentistry,Primary (general),1,1366740706,2025,Recent,NPPES NPI 1366740706,,,
B,"Henry Blank, DDS",Silver Spring,MD,(301) 460-5855,Donna Blank,Office Manager,,,,,13975 Connecticut Ave Ste 305,20906,General Dentistry,Primary (general),1,1265304869,2026,Recent,NPPES NPI 1265304869,,,
B,Ib Dental V,Silver Spring,MD,(301) 585-6804,"Robert Dayse, DDS",President,,,,,1400 E West Hwy Ste G,20910,General Dentistry,Primary (general),3,1962249029,2024,Recent,NPPES NPI 1962249029,,,
B,Maryland Dental Center,Silver Spring,MD,(301) 608-9800,"Kourosh Mehrabian, DDS",President,,,,,8120 Fenton St Suite 100,20910,General Dentistry,Primary (general),1,1154657344,2024,Recent,NPPES NPI 1154657344,,,
B,Pure Dental Care LLC,Silver Spring,MD,(240) 593-5199,"Ermias Semaie, DDS",Dentist/owner,,,,,1370 Lamberton Dr Ste 18,20902,General Dentistry,Primary (general),1,1437975943,2024,Recent,NPPES NPI 1437975943,,,
B,Rajwant Singh DDS PC,Silver Spring,MD,(301) 408-1645,Rajwant Singh,Dentist,,,,,1013 University Blvd E,20903,General Dentistry,Primary (general),1,1730995572,2024,Recent,NPPES NPI 1730995572,,,
B,"Randeep Sidhu Dds, LLC",Silver Spring,MD,(301) 204-6795,"Randeep Sidhu, DDS",Owner Dentist,,,,,12510 Prosperity Dr Ste 220,20904,General Dentistry,Primary (general),1,1750036422,2022,Recent,NPPES NPI 1750036422,,,
B,Rouhanian Dental Associates LLC,Silver Spring,MD,(301) 236-0660,"Mohammad Mehran Rouhanian, DDS",Owner,,,,,2415 Musgrove Rd Ste 205,20904,General Dentistry,Primary (general),1,1457015158,2026,Recent,NPPES NPI 1457015158,,,
B,Ss Dentistry LLC,Silver Spring,MD,(301) 460-3331,"Cyrus Allafi, DDS",CEO,,,,,13975 Connecticut Ave Ste 304,20906,General Dentistry,Primary (general),1,1366179640,2022,Recent,NPPES NPI 1366179640,,,
B,"Stellar Dental, LLC",Silver Spring,MD,(301) 753-1900,"Allen Gotora, DDS",CEO,,,,,11239 Lockwood Dr,20901,General Dentistry,Primary (general),1,1902202211,2023,Recent,NPPES NPI 1902202211,,,
B,Teeth & Smiles LLC,Silver Spring,MD,(301) 640-1172,"Chih Shee, DMD",Dentist,,,,,8726 Georgia Ave,20910,General Dentistry,Primary (general),1,1578448569,2025,Recent,NPPES NPI 1578448569,,,
B,Topdental Maryland- Silver Spring,Silver Spring,MD,(703) 393-9393,Ana Sierra,Manager,,,,,10230 New Hampshire Ave Ste 104,20903,General Dentistry,Primary (general),2,1689431868,2024,Recent,NPPES NPI 1689431868,,,
B,"Confident Smiles, LLC",Takoma Park,MD,(301) 431-6883,"Qasiym Gilliam, DDS",Owner,,,,,7511 New Hampshire Ave,20912,General Dentistry,Primary (general),1,1265804306,2025,Recent,NPPES NPI 1265804306,,,
B,Shriram Dental LLC,Timonium,MD,(410) 561-8845,Charuta Modak,Owner Dentist,,,,,9475 Deereco Rd Ste 402,21093,General Dentistry,Primary (general),1,1780474627,2025,Recent,NPPES NPI 1780474627,,,
B,Dental Group Of Towson,Towson,MD,(410) 324-2444,Vladimir Semerey,Director Of Operations,,,,,1104 Kenilworth Dr Ste 102,21204,General Dentistry,Primary (general),1,1508729534,2025,Recent,NPPES NPI 1508729534,,,
B,"Acora Dental, LLC",Waldorf,MD,(301) 645-6004,"Preetinder Aulakh, DDS",Dentist/owner,,,,,85 High St Ste 6,20602,General Dentistry,Primary (general),1,1588261085,2026,Recent,NPPES NPI 1588261085,,,
B,"Lifetime Dental Care Of Maryland, Badger, P.C.",Waldorf,MD,(227) 220-4015,Cemyira McDougal,Credentialing Coordinator,,,,,4576 Fairway Village Pl Ste 101,20602,General Dentistry,Primary (general),1,1285504662,2025,Recent,NPPES NPI 1285504662,,,
B,"Love My Dentist, Inc.",Waldorf,MD,(301) 645-7333,"Sandeep Garg, DMD",Dentist,,,,,112 Smallwood Village Ctr,20602,General Dentistry,Primary (general),1,1790533594,2024,Recent,NPPES NPI 1790533594,,,
B,Maryland Dental Associates LLC,Waldorf,MD,(301) 645-6611,R Patricia Hower,Credentialing Specialist,,,,,3450 Old Washington Rd Ste 301,20602,General Dentistry,Primary (general),1,1720725351,2022,Recent,NPPES NPI 1720725351,,,
B,Open Smiles Dental LLC,Waldorf,MD,(301) 843-0225,"Kolade Akinwande, DDS",Owner,,,,,3500 Old Washington Rd Ste 204,20602,General Dentistry,Primary (general),1,1356284152,2026,Recent,NPPES NPI 1356284152,,,
B,Smile Nest LLC,Waldorf,MD,(240) 448-2634,Christine Barber,Enrollment Manager,,,,,3728 Crain Hwy Unit 105,20603,General Dentistry,Primary (general),1,1952192072,2025,Recent,NPPES NPI 1952192072,,,
B,The Silberman Dental Group,Waldorf,MD,(301) 885-2505,"Paul Silberman, D.D.S",Dentist/owner,,,,,3450 Old Washington Road Suite 302,20602,General Dentistry,Primary (general),1,1861583395,2024,Recent,NPPES NPI 1861583395,,,
B,About Smiles Dentistry,Annapolis,MD,(410) 990-4700,April Calton,Owner,,,,,507 South Cherry Grove Avenue,21401,General Dentistry,Primary (general),1,1831219666,2020,Ageing,NPPES NPI 1831219666,,,
B,Angel Dental Care,Annapolis,MD,(443) 603-9000,"Mohammed Warshanna, DMD",Doctor,,,,,200 Forbes St Suite 301,21401,General Dentistry,Primary (general),3,1013070275,2020,Ageing,NPPES NPI 1013070275,,,
B,Annapolis Snoring And Sleep Apnea Center LLC,Annapolis,MD,(410) 571-5138,"Samuel Pollina, DMD",Owner,,,,,200 Westgate Cir Suite 106,21401,General Dentistry,Primary (general),1,1518412279,2016,Ageing,NPPES NPI 1518412279,,,
B,Berger & Waddell LLC,Annapolis,MD,(410) 268-9336,"Jody Waddell, DDS",Partner,,,,,20 Ridgely Ave Suite 306,21401,General Dentistry,Primary (general),1,1295889822,2020,Ageing,NPPES NPI 1295889822,,,
B,Confident Smiles Dentistry,Annapolis,MD,(410) 268-8701,"Tara Creamer, DDS",President,,,,,918 Chesapeake Ave,21403,General Dentistry,Primary (general),2,1497962864,2020,Ageing,NPPES NPI 1497962864,,,
B,Derek A Siemon DDS LLC,Annapolis,MD,(410) 263-7338,"Derek Siemon, DDS",Owner,,,,,1833 G Forest Dr,21401,General Dentistry,Primary (general),1,1497825152,2015,Ageing,NPPES NPI 1497825152,,,
B,"Drs. Grimm And Sawyer, Family Dental Practice, LLC",Annapolis,MD,(410) 266-6366,"David Grimm, D.D.S.",Partner,,,,,132 Holiday Ct Suite 202,21401,General Dentistry,Primary (general),1,1942229133,2020,Ageing,NPPES NPI 1942229133,,,
B,Ishita Rahman DMD LLC,Annapolis,MD,(410) 263-3700,Mary Dodson,Office Manager,,,,,101 Ridgely Ave Ste 20,21401,General Dentistry,Primary (general),1,1447429279,2021,Ageing,NPPES NPI 1447429279,,,
B,Kathy J Farley DDS PA,Annapolis,MD,(410) 224-1105,"Kathy Farley, DDS",Owner President,,,,,600 Ridgely Ave Suite 217,21401,General Dentistry,Primary (general),1,1811043292,2020,Ageing,NPPES NPI 1811043292,,,
B,"Lee, Bonfiglio, Vesely & Associates",Annapolis,MD,(410) 268-5503,Christy Rogers,Admin Asst.,,,,,1606 Forest Dr,21403,General Dentistry,Primary (general),1,1134341639,2020,Ageing,NPPES NPI 1134341639,,,
B,"Neil W Vanik, Dds, PA",Annapolis,MD,(410) 268-5046,"Neil Vanik, DDS",President,,,,,1610 McGuckian St,21401,General Dentistry,Primary (general),1,1932312741,2020,Ageing,NPPES NPI 1932312741,,,
B,Nilda M Collins DMD Mds PA,Annapolis,MD,(410) 224-0018,"Nilda Collins, DMD",Owner President,,,,,2114 Generals Hwy,21401,General Dentistry,Primary (general),1,1598898538,2020,Ageing,NPPES NPI 1598898538,,,
B,Spa Creek Dental Of MD LLC,Annapolis,MD,(757) 330-0766,"Keith Dunoff, DMD",Sole Member,,,,,185 Admiral Cochrane Dr Suite 117,21401,General Dentistry,Primary (general),1,1922533579,2017,Ageing,NPPES NPI 1922533579,,,
B,A Diamond And Asocc PA,Baltimore,MD,(410) 944-6666,"Audley Diamond, DDS",Dental Director,,,,,6666 Security Blvd,21207,General Dentistry,Primary (general),3,1720173792,2020,Ageing,NPPES NPI 1720173792,,,
B,Anna Finkler DDS LLC,Baltimore,MD,(410) 486-5678,Sandra Hunt,Bookkeeper,,,,,4 Reservoir Cir Ste 100,21208,General Dentistry,Primary (general),1,1093351314,2019,Ageing,NPPES NPI 1093351314,,,
B,"Arthur L Goldvarg, D.d.s., P.A.",Baltimore,MD,(410) 288-2040,"Arthur Goldvarg, DDS",President,,,,,1003 N Point Blvd Suite 601,21224,General Dentistry,Primary (general),1,1083633168,2020,Ageing,NPPES NPI 1083633168,,,
B,Baltimore City Dental Group,Baltimore,MD,(410) 685-0002,Christin Damron,Office Manager,,,,,300 N Charles St Ste D,21201,General Dentistry,Primary (general),2,1366988719,2017,Ageing,NPPES NPI 1366988719,,,
B,"Berman And Platt, Dds, PA",Baltimore,MD,(410) 687-0900,"Jeffrey Platt, DDS",Owner,,,,,1390 Martin Blvd,21220,General Dentistry,Primary (general),1,1790997765,2020,Ageing,NPPES NPI 1790997765,,,
B,Brian D Schaffer DDS PA,Baltimore,MD,(410) 444-6153,"Brian Schaffer, DDS",President,,,,,7122 Harford Road,21234,General Dentistry,Primary (general),1,1043383219,2020,Ageing,NPPES NPI 1043383219,,,
B,Brian W Robertson DDS PA,Baltimore,MD,(410) 566-2080,"Brian Robertson, DDS",Dentist/owner,,,,,3322 Frederick Ave,21229,General Dentistry,Primary (general),2,1497136949,2015,Ageing,NPPES NPI 1497136949,,,
B,"Carter Dental Associates, PA",Baltimore,MD,(410) 256-3410,"Ronald Carter, DDS",Owner,,,,,9604 Belair Road,21236,General Dentistry,Primary (general),1,1518059716,2020,Ageing,NPPES NPI 1518059716,,,
B,"Cassandra Burnett Dds, PA",Baltimore,MD,(410) 685-8753,"Cassandra Burnett, DDS",Owner,,,,,1318 N Caroline St,21213,General Dentistry,Primary (general),1,1497877310,2020,Ageing,NPPES NPI 1497877310,,,
B,"Conklin & Ward Dental Group, PA",Baltimore,MD,(410) 583-7010,Sophia John,Business Manager,,,,,1104 Kenilworth Dr Ste 102,21204,General Dentistry,Primary (general),3,1366825762,2015,Ageing,NPPES NPI 1366825762,,,
B,"Denise M Markoff, D.d.s., P.A.",Baltimore,MD,(410) 727-3388,"Denise Markoff, D.D.S.",Owner/president,,,,,835 Light St,21230,General Dentistry,Primary (general),2,1245250687,2020,Ageing,NPPES NPI 1245250687,,,
B,"Dental Dreams, LLC",Baltimore,MD,(410) 585-0010,"Sameera Hussain, DMD",Owner,,,,,6532 Reisterstown Rd,21215,General Dentistry,Primary (general),1,1518460062,2018,Ageing,NPPES NPI 1518460062,,,
B,Dental One Associates Beltway PC,Baltimore,MD,(410) 688-5150,Mike Cole,Insurance Director,,,,,7650 Belair Rd,21236,General Dentistry,Primary (general),1,1710001011,2020,Ageing,NPPES NPI 1710001011,,,
B,Dental One Associates Cross Keys PC,Baltimore,MD,(410) 323-6400,Mike Cole,Insurance Director,,,,,2 Village Sq Ste 250,21210,General Dentistry,Primary (general),1,1689799868,2020,Ageing,NPPES NPI 1689799868,,,
B,Dental One Associates Eastpoint PC,Baltimore,MD,(410) 288-3000,Mike Cole,Insurance Director,,,,,1001 N Point Blvd,21224,General Dentistry,Primary (general),1,1518081892,2020,Ageing,NPPES NPI 1518081892,,,
B,"Dental Professionals Of Maryland, Badger, P.C.",Baltimore,MD,(410) 668-7171,Marie Kuhl,Credentialing Manager,,,,,1708 Joan Ave,21234,General Dentistry,Primary (general),1,1366795312,2021,Ageing,NPPES NPI 1366795312,,,
B,"Dr David M Vieth 2, PC",Baltimore,MD,(443) 957-1615,"David Vieth, DDS",Owner,,,,,2429 Frederick Ave,21223,General Dentistry,Primary (general),1,1073774022,2019,Ageing,NPPES NPI 1073774022,,,
B,"Dr David M Vieth 2, PC",Baltimore,MD,(800) 920-9973,"David Vieth, DDS",Owner,,,,,4173 Patterson Ave,21215,General Dentistry,Primary (general),1,1235364845,2019,Ageing,NPPES NPI 1235364845,,,
B,"Dr Michael W Whitecar, Dds, LLC",Baltimore,MD,(410) 337-8909,"Michael Whitecar, DDS",Owner,,,,,8320 Bellona Avenue Suite 110,21204,General Dentistry,Primary (general),1,1538834304,2021,Ageing,NPPES NPI 1538834304,,,
B,East Baltimore Quality Dental,Baltimore,MD,(410) 327-7639,"Guy Alexander, DDS",President,,,,,3701 Eastern Avenue,21224,General Dentistry,Primary (general),1,1467443622,2020,Ageing,NPPES NPI 1467443622,,,
B,Essex Family Dentistry,Baltimore,MD,(410) 574-8866,"Agnes Alignay, DDS",Owner,,,,,1224 Eastern Blvd,21221,General Dentistry,Primary (general),1,1992877005,2020,Ageing,NPPES NPI 1992877005,,,
B,Farrugia And Litwin DDS PC,Baltimore,MD,(410) 931-7133,"John Farrugia, D.D.S.",Owner,,,,,11600 Crossroads Cir Suite Ab,21220,General Dentistry,Primary (general),2,1609920958,2015,Ageing,NPPES NPI 1609920958,,,
B,Frank R Shane DDS PA,Baltimore,MD,(410) 391-6200,"Frank Shane, DDS",President,,,,,13 Margaret Ave,21221,General Dentistry,Primary (general),1,1124118559,2020,Ageing,NPPES NPI 1124118559,,,
B,"Gail L Myers,dds,pa",Baltimore,MD,(410) 355-4422,"Gail Myers, DDS",President,,,,,205 E Patapsco Ave,21225,General Dentistry,Primary (general),1,1295895530,2020,Ageing,NPPES NPI 1295895530,,,
B,Gilbert S Berman DDS PA,Baltimore,MD,(410) 944-4700,"Gilbert Berman, DDS",President,,,,,1657 Whitehead Court,21207,General Dentistry,Primary (general),1,1922152115,2020,Ageing,NPPES NPI 1922152115,,,
B,Good Samaritan Dental & Surgical Assoc,Baltimore,MD,(410) 532-4900,"Ross Dymond, DDS",Dentist,,,,,5601 Loch Raven Blvd Suite 209,21239,General Dentistry,Primary (general),1,1184847758,2020,Ageing,NPPES NPI 1184847758,,,
B,Grant F Cylus DDS PA,Baltimore,MD,(410) 284-1414,"Grant Cylus, DDS",President,,,,,3001 Sollers Point Rd,21222,General Dentistry,Primary (general),2,1255457958,2020,Ageing,NPPES NPI 1255457958,,,
B,Harbor East Dental,Baltimore,MD,(410) 385-9966,"Venice Paterakis, D.D.S",President,,,,,1001 Fleet St Suite R,21202,General Dentistry,Primary (general),2,1184766370,2020,Ageing,NPPES NPI 1184766370,,,
B,Healthy Dental Of Baltimore LLC,Baltimore,MD,(410) 888-4000,"Madhu Venkata Nadimpalli, DDS, MPA",Owner/ General Dentist,,,,,2103 W Patapsco Ave,21230,General Dentistry,Primary (general),1,1528626447,2019,Ageing,NPPES NPI 1528626447,,,
B,"Highlandtown Dental Group, LLC",Baltimore,MD,(410) 327-5488,Vladimir Semerey,Manager,,,,,3715 Eastern Ave,21224,General Dentistry,Primary (general),2,1255948048,2020,Ageing,NPPES NPI 1255948048,,,
B,"Howard L Rothschild, D.d.s., P.A.",Baltimore,MD,(410) 602-8100,"Howard Rothschild, DDS",President,,,,,4 Sudbrook Ln,21208,General Dentistry,Primary (general),1,1760874820,2015,Ageing,NPPES NPI 1760874820,,,
B,James Delaney Jr DDS PA,Baltimore,MD,(410) 685-1732,"James Delaney, DDS",Owner,,,,,104 E Lombard Street,21202,General Dentistry,Primary (general),1,1396811683,2016,Ageing,NPPES NPI 1396811683,,,
B,Joel Goldberg DDS PA,Baltimore,MD,(410) 866-5550,"Joel Goldberg, DDS",President,,,,,1709 Chesaco Ave,21237,General Dentistry,Primary (general),1,1962475376,2020,Ageing,NPPES NPI 1962475376,,,
B,"John C Fiastro, D.D.S.",Baltimore,MD,(410) 789-0551,Terri Barnes,Office Manager,,,,,4000 Annapolis Rd Suite 101,21227,General Dentistry,Primary (general),1,1295807865,2020,Ageing,NPPES NPI 1295807865,,,
B,"Jon E Edmondson D.d.s., P.A.",Baltimore,MD,(410) 944-9090,"Jon Edmondson, D.D.S.",President,,,,,3100 Lord Baltimore Dr Suite 210,21244,General Dentistry,Primary (general),1,1396127585,2015,Ageing,NPPES NPI 1396127585,,,
B,"Katherine G Collier D.d.s., P.A.",Baltimore,MD,(410) 502-8565,Sheila Turner Johnson,Business Manager,,,,,1000 E Eager Street,21202,General Dentistry,Primary (general),1,1790990927,2021,Ageing,NPPES NPI 1790990927,,,
B,Lawrence Abraham Amsterdam DMD PA,Baltimore,MD,(410) 574-1555,"Lawrence Amsterdam, DMD",Dentist Owner,,,,,1528 Country Ridge Ln,21221,General Dentistry,Primary (general),1,1558490847,2020,Ageing,NPPES NPI 1558490847,,,
B,Lawrence Bell Jr DDS PA,Baltimore,MD,(410) 669-0700,"Lawrence Bell, DDS",President,,,,,3326 Auchentoroly Ter,21217,General Dentistry,Primary (general),1,1720457385,2015,Ageing,NPPES NPI 1720457385,,,
B,"Lifetime Dental Care Of Maryland, Badger, P.C.",Baltimore,MD,(410) 528-0300,Brittany Howard,Credentialing Affiliation Coordinat,,,,,2 N Charles St,21201,General Dentistry,Primary (general),1,1891129649,2019,Ageing,NPPES NPI 1891129649,,,
B,Lisa T Williams PC,Baltimore,MD,(410) 659-0900,"Lisa Williams, DDS",President,,,,,600 Light St,21230,General Dentistry,Primary (general),2,1396841052,2020,Ageing,NPPES NPI 1396841052,,,
B,"Lustman-Cohen Dental, LLC",Baltimore,MD,(410) 574-9400,"Harvey Cohen, DDS",Secretary,,,,,621 Stemmers Run Rd Ste D,21221,General Dentistry,Primary (general),1,1841303658,2015,Ageing,NPPES NPI 1841303658,,,
B,"Mercy Medical Center, Inc.",Baltimore,MD,(410) 332-9262,Sharon Harper,Clinical Office Manager,,,,,301 St Paul Place Mercy Medical Center Dental Dept.,21202,General Dentistry,Primary (general),1,1457521791,2021,Ageing,NPPES NPI 1457521791,,,
B,"Michael C Collins, D.m.d., P.A.",Baltimore,MD,(410) 243-6066,"Michael Collins, D.M.D.",President,,,,,814 W 36TH St,21211,General Dentistry,Primary (general),1,1649471145,2015,Ageing,NPPES NPI 1649471145,,,
B,Montano DDS Dental Center PC,Baltimore,MD,(410) 435-0008,Shaun Urbanozo,Credentialing Manager,,,,,5632 The Alameda,21239,General Dentistry,Primary (general),1,1053552646,2020,Ageing,NPPES NPI 1053552646,,,
B,Nicholas J Molinaro DDS PA,Baltimore,MD,(410) 242-0944,"Nicholas Molinaro, DDS",President,,,,,817 Maiden Choice Lane Suite 200,21228,General Dentistry,Primary (general),1,1588725576,2020,Ageing,NPPES NPI 1588725576,,,
B,Padousis & Kaminaris DDS PA,Baltimore,MD,(410) 866-6660,"Constantine Kaminaris, DDS",Vice President,,,,,6304 Kenwood Avenue Suite 5,21237,General Dentistry,Primary (general),1,1881614121,2020,Ageing,NPPES NPI 1881614121,,,
B,Page Associates DDS PA,Baltimore,MD,(410) 296-7222,"Charles Page, DDS",President,,,,,8508 Loch Raven Blvd,21286,General Dentistry,Primary (general),1,1932201100,2020,Ageing,NPPES NPI 1932201100,,,
B,Perry Hall Dental Associates LLC,Baltimore,MD,(410) 256-5550,"John Stamas, DDS",Owner Partner,,,,,8647 Belair Rd,21236,General Dentistry,Primary (general),1,1053482026,2020,Ageing,NPPES NPI 1053482026,,,
B,"Reza Tafrishi D.d.s.,p.c.",Baltimore,MD,(410) 282-5561,"Reza Tafrishi, DDS",President,,,,,1010 S Northpoint Rd,21224,General Dentistry,Primary (general),1,1043986078,2021,Ageing,NPPES NPI 1043986078,,,
B,"Ricardo C Kimbers, D.D.S.",Baltimore,MD,(410) 523-2662,"Ricardo Kimbers, D.D.S.",Owner,,,,,1040 Park Avenue Suite 102 Synphony Center,21201,General Dentistry,Primary (general),1,1790339117,2019,Ageing,NPPES NPI 1790339117,,,
B,"Richard B Englander, DDS PA",Baltimore,MD,(410) 233-7852,"Richard Englander, DDS",President,,,,,1926 Wilkens Ave,21223,General Dentistry,Primary (general),1,1700274222,2015,Ageing,NPPES NPI 1700274222,,,
B,"Ronald T Carter, DDS PA",Baltimore,MD,(410) 377-3104,"Ronald Carter, DDS",Owner,,,,,6301 N Charles St Suite 7,21212,General Dentistry,Primary (general),1,1740388032,2020,Ageing,NPPES NPI 1740388032,,,
B,Saul D Gurney DDS PA,Baltimore,MD,(410) 285-6180,"Saul Gurney, DDS",Dentist,,,,,1103 Northpoint Blvd Suite 403,21224,General Dentistry,Primary (general),1,1932587193,2015,Ageing,NPPES NPI 1932587193,,,
B,Schlossberg & Schlossberg DDS PA,Baltimore,MD,(410) 931-9400,"Richard Schlossberg, DDS",President,,,,,8114 Sandpiper Circle Suite 210,21236,General Dentistry,Primary (general),1,1760691976,2020,Ageing,NPPES NPI 1760691976,,,
B,Spectrum Dental Services P A,Baltimore,MD,(410) 235-0062,Sheila Turner Johnson,Business Manager,,,,,200 East 33RD Street Suite 284,21218,General Dentistry,Primary (general),1,1669687802,2021,Ageing,NPPES NPI 1669687802,,,
B,"Stephen B Mastella,dmd &associates, PA",Baltimore,MD,(410) 685-2850,"Stephen Mastella, D.M.D.",President,,,,,1030 N Charles St Suite 302,21201,General Dentistry,Primary (general),1,1558587956,2020,Ageing,NPPES NPI 1558587956,,,
B,U M Fdsp Associates PA,Baltimore,MD,(410) 706-7961,Elyse Markwitz,Dir. Of Medical Credentialing & Qa,,,,,650 W Baltimore Street Faculty Practice Clinic 1ST Floor,21201,General Dentistry,Primary (general),1,1831780253,2021,Ageing,NPPES NPI 1831780253,,,
B,William E Leboe DDS PA,Baltimore,MD,(410) 659-0616,"William Leboe, DDS",Owner,,,,,5 E Henrietta St,21230,General Dentistry,Primary (general),1,1760094841,2020,Ageing,NPPES NPI 1760094841,,,
B,Bethesda Aesthetic Dentistry LLC,Bethesda,MD,(301) 654-1111,Lily Ramos,Office Manager,,,,,8218 Wisconsin Ave Suite 200,20814,General Dentistry,Primary (general),2,1700349610,2019,Ageing,NPPES NPI 1700349610,,,
B,Bethesda Dental Associates,Bethesda,MD,(301) 951-1877,Ada Moreno-Rozo,Office Manager,,,,,7330 Woodmont Ave Ste A,20814,General Dentistry,Primary (general),1,1083766430,2020,Ageing,NPPES NPI 1083766430,,,
B,Bethesda Smiles LLC,Bethesda,MD,(301) 656-6800,"Adam Navabi, DMD",President,,,,,7700 Wisconsin Ave Ste C,20814,General Dentistry,Primary (general),1,1073631073,2020,Ageing,NPPES NPI 1073631073,,,
B,"Early And Sebastian, DDS Chtd",Bethesda,MD,(301) 530-4300,"Robert Early, D.D.S.",President,,,,,10401 Old Georgetown Rd Suite 210,20814,General Dentistry,Primary (general),1,1619065935,2020,Ageing,NPPES NPI 1619065935,,,
B,"John F Conaghan, D.D.S.",Bethesda,MD,(301) 654-1777,Amanda Matthews,Office Manager,,,,,8218 Wisconsin Ave Ste 317,20814,General Dentistry,Primary (general),1,1104316637,2018,Ageing,NPPES NPI 1104316637,,,
B,"Lilia G Banzon, Md, PC T/a Marie T Banzon, DDS",Bethesda,MD,(301) 581-9494,"Marie Banzon, DDS",Owner,,,,,9000 Old Georgetown Rd,20814,General Dentistry,Primary (general),1,1538248554,2020,Ageing,NPPES NPI 1538248554,,,
B,"Mark C Herlson,d.d.s.,p.a.",Bethesda,MD,(301) 530-9111,"Mark Herlson, D.D.S.",President,,,,,5411 W Cedar Ln Ste 208A,20814,General Dentistry,Primary (general),1,1760506653,2020,Ageing,NPPES NPI 1760506653,,,
B,"Peter Kwon, Dds, LLC",Bethesda,MD,(301) 657-9116,"Peter Kwon, D.D.S.",Owner/dentist,,,,,7970 Old Georgetown Rd 4-B,20814,General Dentistry,Primary (general),1,1972982320,2015,Ageing,NPPES NPI 1972982320,,,
B,"USA Bunnag, Dds.,pa",Bethesda,MD,(301) 896-0633,"USA Bunnag, DDS",President,,,,,6501 Democracy Blvd,20817,General Dentistry,Primary (general),1,1124493655,2015,Ageing,NPPES NPI 1124493655,,,
B,Ambiance Dental Spa,Bowie,MD,(301) 262-2624,"Clarine Hightower, DDS",Owner,,,,,12500 A Fairwood Parkway,20720,General Dentistry,Primary (general),1,1508078007,2020,Ageing,NPPES NPI 1508078007,,,
B,Berry Children Dental Of Bowie,Bowie,MD,(301) 383-0959,Terry Rodgers,Pracrice Administrator,,,,,4449 Mitchellville Rd,20716,General Dentistry,Primary (general),1,1891186151,2015,Ageing,NPPES NPI 1891186151,,,
B,Bowie Dental Group LLC,Bowie,MD,(301) 464-3500,"Stanley Park, DDS",Owner/member,,,,,14300 Gallant Fox Ln Ste 208,20715,General Dentistry,Primary (general),2,1093279176,2019,Ageing,NPPES NPI 1093279176,,,
B,"Cho, Formica, Love & Associates, P.A.",Bowie,MD,(301) 262-3535,"Kristine Kim, DDS",Dentist,,,,,3233 Superior Ln,20715,General Dentistry,Primary (general),3,1104418896,2021,Ageing,NPPES NPI 1104418896,,,
B,Eduardo Vargas DDS MS PC,Bowie,MD,(301) 390-9772,"Edwardo Vargas, DDS MS",Owner,,,,,2905 Mitchellville Rd Suite 109,20716,General Dentistry,Primary (general),1,1134290927,2020,Ageing,NPPES NPI 1134290927,,,
B,"Ehcdds, PC",Bowie,MD,(301) 390-9185,"Edward Chappelle, D.D.S.",Owner/doctor/president,,,,,3060 Mitchellville Rd Suite 107,20716,General Dentistry,Primary (general),1,1982146544,2016,Ageing,NPPES NPI 1982146544,,,
B,"Marc G Geballa, D.D.S.",Bowie,MD,(301) 262-1400,"Marc Geballa, DDS",Dentist,,,,,6911 Laurel Bowie Rd Suite 313,20715,General Dentistry,Primary (general),1,1043601966,2015,Ageing,NPPES NPI 1043601966,,,
B,"Neibauer Dental Care, P.C.",Bowie,MD,(301) 801-6404,Jasmine Reardon,Credential Coordinator,,,,,6141 Highbridge Rd,20715,General Dentistry,Primary (general),1,1285901801,2015,Ageing,NPPES NPI 1285901801,,,
B,Prp Dental LLC,Bowie,MD,(301) 249-1102,"Shila Yazdani, DDS",CEO,,,,,1522 Pointer Ridge Pl Ste E,20716,General Dentistry,Primary (general),1,1497337125,2021,Ageing,NPPES NPI 1497337125,,,
B,Quality Dental LLC,Bowie,MD,(301) 744-8123,"Phillip Martin, DDS",President,,,,,15511 Annapolis Rd Ste 540,20715,General Dentistry,Primary (general),1,1679089619,2020,Ageing,NPPES NPI 1679089619,,,
B,Smile Rx Dental,Bowie,MD,(301) 806-4851,"Aatifa Khan, DDS",Dentist/owner,,,,,2905 Mitchellville Rd Ste 109,20716,General Dentistry,Primary (general),1,1881963635,2020,Ageing,NPPES NPI 1881963635,,,
B,"Tanzania Davis, Dds, PC",Bowie,MD,(301) 262-0800,"Tanzania Davis, DDS",Dentist Owner,,,,,3231 Superior Ln Suite A-22,20715,General Dentistry,Primary (general),1,1952443921,2020,Ageing,NPPES NPI 1952443921,,,
B,"Trinity Dental Care, LLC",Bowie,MD,(301) 262-2929,"Angela Wiredu, D.D.S.",Dentist/owner,,,,,14300 Gallant Fox Ln Suite 111,20715,General Dentistry,Primary (general),1,1285082644,2016,Ageing,NPPES NPI 1285082644,,,
B,Zdentist LLC,Bowie,MD,(508) 904-5287,"Dmitry Nurminsky, DDS PHD",Owner,,,,,1522 Pointer Ridge Pl Suite K,20716,General Dentistry,Primary (general),1,1396103875,2016,Ageing,NPPES NPI 1396103875,,,
B,Angel Dental Care,Catonsville,MD,(410) 747-0077,"Mohammed Warshanna, DMD",Doctor,,,,,405 Frederick Rd Suite 150,21228,General Dentistry,Primary (general),1,1669535738,2020,Ageing,NPPES NPI 1669535738,,,
B,Friendship Dental Group,Chevy Chase,MD,(301) 656-1106,"Ronald Pomykala, DDS",Partner,,,,,4500 N Park Ave Ste N803,20815,General Dentistry,Primary (general),1,1205831930,2020,Ageing,NPPES NPI 1205831930,,,
B,"L Mark Gross, Dds, PA",Chevy Chase,MD,(301) 986-8804,"Louis Gross, DDS",President Dentist,,,,,4702 Chevy Chase Dr,20815,General Dentistry,Primary (general),1,1326129255,2020,Ageing,NPPES NPI 1326129255,,,
B,"Jun Y Lee, D.d.s., P.C.",College Park,MD,(301) 220-2828,"Jun Lee, D.D.S.",Owner,,,,,6201 Greenbelt Rd Suite U-10,20740,General Dentistry,Primary (general),1,1104910975,2015,Ageing,NPPES NPI 1104910975,,,
B,Aesthetic Dental Center Of Columbia,Columbia,MD,(410) 730-7779,"Mahvash Zulfaghary, D.D.S.",Owner,,,,,10700 Charter Dr Ste 340,21044,General Dentistry,Primary (general),1,1073641759,2020,Ageing,NPPES NPI 1073641759,,,
B,"Alan Epstein DDS & Associates, P.A.",Columbia,MD,(410) 730-6020,Tracy Beck,Office Manager,,,,,9650 Santiago Rd Ste 104,21045,General Dentistry,Primary (general),2,1275664351,2020,Ageing,NPPES NPI 1275664351,,,
B,Anthony B Sims DDS PC,Columbia,MD,(410) 872-0872,"Anthony Sims, DDS",President,,,,,8865 Stanford Blvd 131,21045,General Dentistry,Primary (general),1,1679693188,2020,Ageing,NPPES NPI 1679693188,,,
B,Barry W Dahl DMD PA,Columbia,MD,(410) 997-2020,"Barry Dahl, DMD",President Dentist,,,,,10632 Little Patucent Pkwy Ste 105,21044,General Dentistry,Primary (general),1,1730287186,2020,Ageing,NPPES NPI 1730287186,,,
B,"Cedar Smiles Dental, LLC",Columbia,MD,(443) 722-9371,"Oqba Tujjar, DMD",Owner,,,,,10910 Little Patuxent Parkway Suite 206,21044,General Dentistry,Primary (general),1,1720562192,2018,Ageing,NPPES NPI 1720562192,,,
B,"Columbia Smiles, LLC",Columbia,MD,(410) 730-7485,"David Halpern, DMD",Clinical Director,,,,,10630 Little Patuxent Parkway Suite 104,21044,General Dentistry,Primary (general),2,1831677871,2018,Ageing,NPPES NPI 1831677871,,,
B,Deborah A Wilson DDS PA,Columbia,MD,(410) 381-4701,"Deborah Wilson, DDS",President,,,,,7130 Minstrel Way Suite 210,21045,General Dentistry,Primary (general),1,1679658603,2020,Ageing,NPPES NPI 1679658603,,,
B,"Dodek & Dodek Dds, LLC",Columbia,MD,(410) 381-1344,"Niki M Gorman, DDS",Managing Member/co-Owner/dentist,,,,,9881 Broken Land Pkwy Ste 102,21046,General Dentistry,Primary (general),1,1649860750,2021,Ageing,NPPES NPI 1649860750,,,
B,"Dynamic Dental Care, LLC",Columbia,MD,(410) 910-9716,"Kweku Jangha, DDS",Owner/dentist,,,,,5410 Lynx Ln Suite 290,21044,General Dentistry,Primary (general),1,1922458769,2016,Ageing,NPPES NPI 1922458769,,,
B,Greater Maryland Dental Partners-Columbia,Columbia,MD,(410) 997-2400,Bob Hausler,Practice Manager,,,,,10840 Little Patuxent Pkwy Ste 303,21044,General Dentistry,Primary (general),1,1619033008,2020,Ageing,NPPES NPI 1619033008,,,
B,"Hg Dental Group, LLC",Columbia,MD,(410) 964-2422,"Hamidreza Ghorbaniparvar, DDS",Dr/owner,,,,,6798 Oak Hall Ln # A3,21045,General Dentistry,Primary (general),1,1306501697,2021,Ageing,NPPES NPI 1306501697,,,
B,Javod K Gol DDS PC,Columbia,MD,(410) 884-0262,"Javod Kazemizadeh Gol, DDS",Owner/dentist,,,,,8850 Columbia 100 Pkwy Suite 312,21045,General Dentistry,Primary (general),1,1659816254,2017,Ageing,NPPES NPI 1659816254,,,
B,Joobbani Dental Designs LLC,Columbia,MD,(410) 872-3999,"Babak Joobbani, DDS",Dentist/owner,,,,,6700 Alexander Bell Dr Suite 120,21046,General Dentistry,Primary (general),1,1154793560,2015,Ageing,NPPES NPI 1154793560,,,
B,Judd Dentistry PA,Columbia,MD,(410) 884-5833,"Keisha Judd, D.M.D",Owner,,,,,8860 Columbia 100 Pkwy Suite 106,21045,General Dentistry,Primary (general),1,1679629828,2016,Ageing,NPPES NPI 1679629828,,,
B,"Lakeside Smiles, LLC",Columbia,MD,(443) 832-3305,"Kathy Kim, DDS","Owner, Dentist",,,,,7135 Minstrel Way Ste 101,21045,General Dentistry,Primary (general),1,1841750965,2019,Ageing,NPPES NPI 1841750965,,,
B,"Lifetime Dental Care Of Maryland, Badger, P.C.",Columbia,MD,(410) 465-8480,Brittany Howard,Credentialing Affiliation Coordinat,,,,,5850 Waterloo Rd Ste 250,21045,General Dentistry,Primary (general),1,1255641171,2019,Ageing,NPPES NPI 1255641171,,,
B,"Mrn, Inc.",Columbia,MD,(410) 730-8330,"Mohammadreza Nabavi, DDS",Doctor/owner,,,,,10630 Little Patuxent Pkwy Ste 100,21044,General Dentistry,Primary (general),1,1013306893,2015,Ageing,NPPES NPI 1013306893,,,
B,Petra Dentistry LLC,Columbia,MD,(410) 740-8588,"Lara Philippi, D.M.D.",Dentist/owner,,,,,10910 Little Patuxent Pkwy Suite 206,21044,General Dentistry,Primary (general),1,1598850422,2020,Ageing,NPPES NPI 1598850422,,,
B,Rajendra Desai DDS PA,Columbia,MD,(410) 997-7412,"Rajendra Desai, DDS PA",President,,,,,11055 Little Patuxent Pky Suite 207,21044,General Dentistry,Primary (general),1,1093814469,2015,Ageing,NPPES NPI 1093814469,,,
B,Smile Loft Columbia LLC,Columbia,MD,(410) 997-4111,Vaibhav Rai,Member,,,,,10818 Hickory Ridge Rd Ste 117,21044,General Dentistry,Primary (general),1,1134712961,2021,Ageing,NPPES NPI 1134712961,,,
B,"Anderson Dental, PA",Ellicott City,MD,(410) 992-1980,"Mary Anderson, DDS",President,,,,,5036 Dorsey Hall Dr Ste 105,21042,General Dentistry,Primary (general),2,1780348144,2021,Ageing,NPPES NPI 1780348144,,,
B,Aqua Cosmetic And Family Dentistry LLC,Ellicott City,MD,(410) 750-7051,"Farnaz Ghane, D.D.S",CEO,,,,,9011 Chevrolet Dr Suite 9,21042,General Dentistry,Primary (general),1,1801286661,2015,Ageing,NPPES NPI 1801286661,,,
B,"Array Dental Group, LLC",Ellicott City,MD,(410) 304-7226,John Gallagher,Chief Executive Officer,,,,,5058 Dorsey Hall Dr Ste 102,21042,General Dentistry,Primary (general),2,1609547694,2021,Ageing,NPPES NPI 1609547694,,,
B,"Don A Coronel, Dds, PA",Ellicott City,MD,(410) 480-2000,"Don Coronel, DDS",Owner,,,,,3419 Plumtree Dr Ste 100,21042,General Dentistry,Primary (general),2,1730746074,2019,Ageing,NPPES NPI 1730746074,,,
B,Ellicott Dental & Specialty LLC,Ellicott City,MD,(410) 910-9641,"Bryan Fitzgerald, DDS",Owner,,,,,9200 Baltimore National Pike Ste E,21042,General Dentistry,Primary (general),1,1942733423,2017,Ageing,NPPES NPI 1942733423,,,
B,Halliburton Family Dentistry,Ellicott City,MD,(917) 687-0722,"Denise Halliburton, DDS",Owner,,,,,5096 Dorsey Hall Dr Ste 106,21042,General Dentistry,Primary (general),1,1063048742,2020,Ageing,NPPES NPI 1063048742,,,
B,Modarres Dental Group,Ellicott City,MD,(410) 465-3224,"Alireza Modarres, DDS, MS",CEO,,,,,10132 Baltimore National Pike Ste C,21042,General Dentistry,Primary (general),1,1891274759,2018,Ageing,NPPES NPI 1891274759,,,
B,"Navai & O'Melia, Dds, PA",Ellicott City,MD,(410) 465-1868,"Manouchehr Navai, DDS",President,,,,,9141 Baltimore National Pike,21042,General Dentistry,Primary (general),1,1770613556,2020,Ageing,NPPES NPI 1770613556,,,
B,"Sharon E Keister, D.d.s.,p.a.",Ellicott City,MD,(410) 740-7008,Sharon Keister,Sole Proprietor,,,,,5018 Dorsey Hall Dr Suite 105,21042,General Dentistry,Primary (general),1,1891828166,2020,Ageing,NPPES NPI 1891828166,,,
B,Sinha Kang DMD PA,Ellicott City,MD,(410) 730-0043,"Sinha Kang, DMD",DMD,,,,,5034 Dorsey Hall Dr Suite 203,21042,General Dentistry,Primary (general),1,1033213160,2020,Ageing,NPPES NPI 1033213160,,,
B,"Steven H Becker, D.d.s., P.A.",Ellicott City,MD,(410) 461-3311,"Steven Becker, D.D.S.",President,,,,,3505 Ellicott Mills Dr B2,21043,General Dentistry,Primary (general),1,1831243773,2020,Ageing,NPPES NPI 1831243773,,,
B,Azad Dental Group,Frederick,MD,(301) 845-5400,Salar Azad,Dr/owner,,,,,1020 Mill Pond Rd Ste H,21701,General Dentistry,Primary (general),1,1750909651,2021,Ageing,NPPES NPI 1750909651,,,
B,Brian K Motz DDS PC,Frederick,MD,(301) 698-0044,Brian Motz,Owner,,,,,65B Thomas Johnson Drive,21702,General Dentistry,Primary (general),2,1003274382,2016,Ageing,NPPES NPI 1003274382,,,
B,"Colliver Dental Group, P.A.",Frederick,MD,(301) 662-5914,Katherine Colliver,Business Manager,,,,,2090 Old Farm Dr Ste B,21702,General Dentistry,Primary (general),1,1013061563,2020,Ageing,NPPES NPI 1013061563,,,
B,Dr Harvey Levy & Assoc PC,Frederick,MD,(301) 663-8300,"Harvey Levy, DMD",President,,,,,198 Thomas Johnson Drive Suite 108,21702,General Dentistry,Primary (general),1,1619070869,2020,Ageing,NPPES NPI 1619070869,,,
B,Drs Borkman & Kovalchick LLC,Frederick,MD,(301) 695-5100,"Chris Borkman, D.D.S.",Partner,,,,,1517 W Patrick St Suite B-7,21702,General Dentistry,Primary (general),1,1437215720,2020,Ageing,NPPES NPI 1437215720,,,
B,Ellahe Amini-Nejad,Frederick,MD,(301) 663-7733,"Ellahe Amini-Nejad, DMD",Owner Sole Proprietor,,,,,9099 Ridgefield Dr Suite 206,21701,General Dentistry,Primary (general),1,1942340419,2020,Ageing,NPPES NPI 1942340419,,,
B,Family Dentistry Of Buckeystown Pike,Frederick,MD,(301) 695-0909,"Jasmin Kaur, DDS",President,,,,,5732 Buckeystown Pike Ste 26,21704,General Dentistry,Primary (general),1,1073904512,2015,Ageing,NPPES NPI 1073904512,,,
B,Family Smile Center LLC,Frederick,MD,(301) 663-9484,"Peter Cha, DDS",Manager Head Dentist,,,,,5950 Frederick Crossing Lane Suite 201,21704,General Dentistry,Primary (general),1,1679633226,2020,Ageing,NPPES NPI 1679633226,,,
B,"Frederick Center For Dentistry, LLC",Frederick,MD,(301) 662-8675,"Sahil Goyal, DMD",Member,,,,,140 Thomas Johnson Dr Ste 203,21702,General Dentistry,Primary (general),2,1568061166,2020,Ageing,NPPES NPI 1568061166,,,
B,"Frederick Family Dental, Inc.",Frederick,MD,(301) 624-5999,Gary Arrindell,Owner,,,,,45 Waverley Dr Ste O,21702,General Dentistry,Primary (general),1,1548407430,2018,Ageing,NPPES NPI 1548407430,,,
B,John L Krumpotich DDS Fagd PA,Frederick,MD,(301) 663-5552,"John Krumpotich, DDS",Dentist President,,,,,196 Thomas Johnson Drive Suite 130,21702,General Dentistry,Primary (general),1,1841209053,2020,Ageing,NPPES NPI 1841209053,,,
B,Kershner & Trepper Dental Assoc PA,Frederick,MD,(301) 662-0222,"Peter Trepper, DDS",Owner,,,,,130 Thomas Johnson Dr Ste 1,21702,General Dentistry,Primary (general),1,1740307883,2020,Ageing,NPPES NPI 1740307883,,,
B,"Kopit Dental Care, PA",Frederick,MD,(301) 874-6350,"Michael Pesin, DDS",Vp,,,,,3420 Worthington Blvd Ste A,21704,General Dentistry,Primary (general),1,1427656248,2020,Ageing,NPPES NPI 1427656248,,,
B,"Lifetime Dental Care Of Maryland Badger, P.C.",Frederick,MD,(301) 363-1211,Brittany Howard,Credentialing Affiliation Coordinat,,,,,4959 Westview Dr Suite F,21703,General Dentistry,Primary (general),1,1902339062,2019,Ageing,NPPES NPI 1902339062,,,
B,Mazin Alayssami DMD And Assoc PC,Frederick,MD,(301) 620-9090,"Mazin Alayssami, DMD",Owner,,,,,68 Thomas Johnson Dr Ste B,21702,General Dentistry,Primary (general),2,1942330212,2020,Ageing,NPPES NPI 1942330212,,,
B,Reddy Dental PC,Frederick,MD,(301) 695-1414,"Hima-Bindu Reddy, DDS",President,,,,,5726 Buckeystown Pike Unit B,21704,General Dentistry,Primary (general),1,1073973954,2016,Ageing,NPPES NPI 1073973954,,,
B,"Arasp Mirhakkak-Biparva Dental Care, P.C.",Gaithersburg,MD,(301) 208-8006,"Nargess Mirhakkak-Biparva, DDS",Dentist,,,,,941 Russell Ave Ste B,20879,General Dentistry,Primary (general),1,1285649053,2020,Ageing,NPPES NPI 1285649053,,,
B,Ben Manesh DDS PC IV,Gaithersburg,MD,(301) 987-5200,Roxana Homayoun,Managing Partner,,,,,237 Kentlands Blvd,20878,General Dentistry,Primary (general),3,1508911041,2020,Ageing,NPPES NPI 1508911041,,,
B,Chitra Guafari DDS PC,Gaithersburg,MD,(240) 631-9363,"Chitra Guafari, DDS",Owner,,,,,60 Market St #209,20878,General Dentistry,Primary (general),2,1356321160,2020,Ageing,NPPES NPI 1356321160,,,
B,Felicity Dental Kentlands LLC,Gaithersburg,MD,(301) 407-1930,"Jonathan Gilbart, DDS",Sole Member,,,,,204 Main St Ste 1,20878,General Dentistry,Primary (general),1,1609426675,2019,Ageing,NPPES NPI 1609426675,,,
B,Gaithersburg Dental Associate PA,Gaithersburg,MD,(301) 869-2500,"Mandana Logmanni, D.D.S.",President,,,,,8 Russell Ave Suite 104,20877,General Dentistry,Primary (general),2,1073654133,2019,Ageing,NPPES NPI 1073654133,,,
B,Huison K Quon DDS LLC,Gaithersburg,MD,(301) 337-6211,"Huison Quon, DDS",Dentist,,,,,501 N Frederick Ave Ste 206,20877,General Dentistry,Primary (general),1,1134332497,2019,Ageing,NPPES NPI 1134332497,,,
B,"Jun Y Lee, D.d.s., P.C.",Gaithersburg,MD,(301) 926-9692,Jun Lee,Business Owner,,,,,8931 Shady Grove Ct,20877,General Dentistry,Primary (general),1,1477614550,2015,Ageing,NPPES NPI 1477614550,,,
B,"Kilona Dental, LLC",Gaithersburg,MD,(301) 948-8838,"Corey Anolik, DDS",Dentist/owner,,,,,1 Bank St Suite 110,20878,General Dentistry,Primary (general),1,1215487103,2016,Ageing,NPPES NPI 1215487103,,,
B,Midcounty Dental Care LLC,Gaithersburg,MD,(240) 632-8396,"Peter Winkelman, DDS",Owner,info@flowerhilldental.com,NPPES federal registry filing,,,18209 Flower Hill Way Ste A,20879,General Dentistry,Primary (general),1,1033749346,2020,Ageing,NPPES NPI 1033749346,,,
B,"Patrick C Lee, DDS PC",Gaithersburg,MD,(301) 948-4378,"Patrick Lee, DDS",Owner,,,,,803 Russell Ave Ste 2C,20879,General Dentistry,Primary (general),1,1518575414,2020,Ageing,NPPES NPI 1518575414,,,
B,Rizwan Ahmad DDS LLC,Gaithersburg,MD,(301) 777-7700,"Rizwan Ahmad, DDS",Owner,,,,,115 Market St,20878,General Dentistry,Primary (general),1,1992197305,2015,Ageing,NPPES NPI 1992197305,,,
B,Shady Grove Modern Dental PC,Gaithersburg,MD,(301) 330-4613,"Duy Tam Tran Kiem, DMD",President,,,,,9051 Shady Grove Court,20877,General Dentistry,Primary (general),1,1508802414,2020,Ageing,NPPES NPI 1508802414,,,
B,Smile Loft Gaithersburg LLC,Gaithersburg,MD,(301) 977-3766,Christine Rai,Hr Director,,,,,9069 Shady Grove Ct,20877,General Dentistry,Primary (general),1,1154917904,2020,Ageing,NPPES NPI 1154917904,,,
B,"Thomas W Glass Dds, PA",Gaithersburg,MD,(301) 948-2728,"Thomas Glass, D.D.S.",President,,,,,201 Brookes Ave,20877,General Dentistry,Primary (general),1,1902000219,2020,Ageing,NPPES NPI 1902000219,,,
B,"Viviana P Urban,dds, Michael J Urban,dds, PA",Gaithersburg,MD,(301) 869-1170,"Viviana Urban, DDS",Vice President/owner Dentist,,,,,101 Lakeforest Blvd Ste 101B,20877,General Dentistry,Primary (general),1,1770973091,2015,Ageing,NPPES NPI 1770973091,,,
B,Brian P Krandell DDS PA,Germantown,MD,(301) 515-7880,"Brian Krandell, DDS",President,,,,,20528 Boland Farm Rd Suite #206,20876,General Dentistry,Primary (general),1,1184838476,2020,Ageing,NPPES NPI 1184838476,,,
B,"Hema Patel Dds, LLC",Germantown,MD,(301) 515-0030,"Hema Patel, D.D.S",Dentist/owner,,,,,19729 Executive Park Cir,20874,General Dentistry,Primary (general),1,1235510819,2015,Ageing,NPPES NPI 1235510819,,,
B,Oasis Dental Clinic,Germantown,MD,(240) 246-7900,"Ali Azad, DDS",Dentist,,,,,19533 Doctors Dr,20874,General Dentistry,Primary (general),1,1528724465,2021,Ageing,NPPES NPI 1528724465,,,
B,Seneca Park Dentistry,Germantown,MD,(301) 515-9677,"Tony Lam, D.D.S.",Proprietor,,,,,13529 Clopper Rd,20874,General Dentistry,Primary (general),1,1164635439,2020,Ageing,NPPES NPI 1164635439,,,
B,Thy Nguyen DDS LLC,Germantown,MD,(301) 363-4300,Angela Olszewski,Office Manager,,,,,19873 Century Blvd Ste 210,20874,General Dentistry,Primary (general),1,1831623529,2017,Ageing,NPPES NPI 1831623529,,,
B,Total Dental Care,Germantown,MD,(301) 928-6890,Mary Alexander,Managing Owner,,,,,20680 Seneca Meadows Pkwy Suite 218,20876,General Dentistry,Primary (general),1,1790148419,2016,Ageing,NPPES NPI 1790148419,,,
B,Allegany Dental Care PA,Hagerstown,MD,(301) 797-8987,"Vivienne Smith, CPA",Business Manager,,,,,19418 Leitersburg Pike,21742,General Dentistry,Primary (general),1,1356300974,2020,Ageing,NPPES NPI 1356300974,,,
B,"Dental Professionals Of Maryland, Badger, P.C.",Hagerstown,MD,(301) 791-0333,Hillary Thull,Credentialing Coordinator,,,,,1329 Pennsylvania Ave Ste 201,21742,General Dentistry,Primary (general),3,1902571698,2021,Ageing,NPPES NPI 1902571698,,,
B,"Dr David M Vieth 2, P.C.",Hagerstown,MD,(770) 916-9000,"David Vieth, DDS",Prsident,,,,,1580 Wesel Blvd Ste O,21740,General Dentistry,Primary (general),5,1366772402,2019,Ageing,NPPES NPI 1366772402,,,
B,"Hillary S Wade Dds, Chartered",Hagerstown,MD,(301) 739-4114,"Hillary Wade, DDS",Dentist/owner,,,,,1855 Howell Rd,21740,General Dentistry,Primary (general),2,1790169167,2015,Ageing,NPPES NPI 1790169167,,,
B,"Jeffrey Pearlman D.d.s., P.A.",Hagerstown,MD,(301) 797-6950,"Allan Seidman, DDS",Owner,,,,,18638 Crestwood Dr,21742,General Dentistry,Primary (general),1,1932338142,2021,Ageing,NPPES NPI 1932338142,,,
B,Longmeadow Family Dental Care,Hagerstown,MD,(301) 739-1100,"Brandon Ellis, DDS",Pres/owner,,,,,19638 Leitersburg Pike Suite 103,21742,General Dentistry,Primary (general),1,1174637185,2017,Ageing,NPPES NPI 1174637185,,,
B,"Michael E Anderson, Dds, PC",Hagerstown,MD,(301) 797-6841,"David Brandenburg, D.D.S.",Dentist/owner,,,,,18709 Crestwood Drive,21742,General Dentistry,Primary (general),1,1740706324,2017,Ageing,NPPES NPI 1740706324,,,
B,Robert J Winebrenner DDS PA,Hagerstown,MD,(301) 733-3414,"Robert Winebrenner, DDS",Owner,,,,,322 East Antietam St,21740,General Dentistry,Primary (general),2,1821161027,2020,Ageing,NPPES NPI 1821161027,,,
B,Sg Dental Associates Of Maryland LLC,Hagerstown,MD,(301) 800-7041,Kim Van Camp,Provider Relations Specialist,,,,,1730 Massey Blvd Ste 106,21740,General Dentistry,Primary (general),1,1508254145,2015,Ageing,NPPES NPI 1508254145,,,
B,Smith And Paul Dentistry LLC,Hagerstown,MD,(301) 582-3300,Jasmine Ebersole,Dental Assistant,,,,,12066 Smithfield Farm Ln,21740,General Dentistry,Primary (general),2,1699349050,2021,Ageing,NPPES NPI 1699349050,,,
B,Gomez Alie DDS,Ijamsville,MD,(301) 810-2172,"Riaaz Alie, D.D.S",Owner/dentist,,,,,3370 Urbana Pike,21754,General Dentistry,Primary (general),1,1487189296,2017,Ageing,NPPES NPI 1487189296,,,
B,"Bunnag Dental Associates, Inc.",Kensington,MD,(301) 942-9556,"USA Bunnag, DDS",President,,,,,11104 Newport Mill Rd,20895,General Dentistry,Primary (general),1,1891169843,2015,Ageing,NPPES NPI 1891169843,,,
B,"Andrew D Finizio, Dds, PA",Landover Hills,MD,(301) 577-7300,"Andrew Finizio, DDS",Dentist,,,,,6921 Annapolis Rd,20784,General Dentistry,Primary (general),1,1821115346,2020,Ageing,NPPES NPI 1821115346,,,
B,"Access Dental Care, LLC",Laurel,MD,(301) 776-6666,"Mujtaba Yahya, DR",Owner,contactaccessdentalcare@gmail.com,NPPES federal registry filing,,,9105 All Saints Rd Ste O,20723,General Dentistry,Primary (general),1,1093379067,2019,Ageing,NPPES NPI 1093379067,,,
B,Akbar Masood DDS PA,Laurel,MD,(301) 490-3993,Akbar Masood,Owner Dentist,,,,,13954 Baltimore Blvd,20707,General Dentistry,Primary (general),1,1871608455,2020,Ageing,NPPES NPI 1871608455,,,
B,"Cibele Lima Raimondo, Dds, LLC",Laurel,MD,(301) 498-8444,"Cibele Raimondo, DDS",Owner,,,,,649 Main St # A,20707,General Dentistry,Primary (general),1,1205480373,2019,Ageing,NPPES NPI 1205480373,,,
B,Dental Care Of Laurel Lakes,Laurel,MD,(301) 369-0000,"Benham Manesh, DDS",Dentist,,,,,13940 Baltimore Washington Blvd,20707,General Dentistry,Primary (general),1,1861617292,2020,Ageing,NPPES NPI 1861617292,,,
B,"Dental Professionals Of Maryland, Badger, P.C.",Laurel,MD,(301) 617-0880,Carmen Woods,Insurance/credentialing,,,,,7500 Montpelier Rd Ste 108,20723,General Dentistry,Primary (general),1,1154631075,2021,Ageing,NPPES NPI 1154631075,,,
B,Drs. Batz & Weiner,Laurel,MD,(301) 953-3021,"Mitchell Weiner, DENTIST",Dentist,,,,,8363 Cherry Ln,20707,General Dentistry,Primary (general),1,1245553056,2016,Ageing,NPPES NPI 1245553056,,,
B,Drs. Rosenberg & Tajick,Laurel,MD,(301) 776-3300,Phyllis Markin,Practice Administrator,,,,,9101 Cherry Ln Suite 202,20708,General Dentistry,Primary (general),1,1851482806,2020,Ageing,NPPES NPI 1851482806,,,
B,Family & Aesthetic Dentistry,Laurel,MD,(301) 725-1002,"Keechun Hong, D.M.D.",Owner,,,,,1003 4TH St,20707,General Dentistry,Primary (general),2,1992168082,2016,Ageing,NPPES NPI 1992168082,,,
B,Fusion Dental,Laurel,MD,(301) 843-9330,Christi Lathrop,Insurance Coordinator,,,,,14722 Baltimore Ave Suite 103,20707,General Dentistry,Primary (general),1,1750757597,2015,Ageing,NPPES NPI 1750757597,,,
B,"Ghafoor Ghamary Dds, LLC",Laurel,MD,(301) 498-1414,Emily Labarca,Admin Asst,,,,,14800 4TH St 14-A,20707,General Dentistry,Primary (general),1,1003358243,2016,Ageing,NPPES NPI 1003358243,,,
B,Hlw Winfrey Consulting PA,Laurel,MD,(301) 483-6767,"Tiffanie Winfrey, D.D.S.",Owner,,,,,13900 Laurel Lakes Avenue Suite 200,20707,General Dentistry,Primary (general),1,1023505252,2018,Ageing,NPPES NPI 1023505252,,,
B,Laurel Lakes Cosmetic Dentistry,Laurel,MD,(301) 498-6511,"Daniel Melnick, D.D.S.",President,,,,,13916 Baltimore Ave,20707,General Dentistry,Primary (general),2,1538204664,2020,Ageing,NPPES NPI 1538204664,,,
B,Laurel Pines Dental 100 LLC,Laurel,MD,(301) 953-3081,"Farshad Samadnejad, DDS",Owner/general Dentist,,,,,14333 Laurel Bowie Rd Ste 100,20708,General Dentistry,Primary (general),1,1891167193,2015,Ageing,NPPES NPI 1891167193,,,
B,"Laurel Smiles Dental Care, LLC",Laurel,MD,(301) 490-7007,"Sahil Goyal, D.M.D",President,,,,,14440 Cherry Lane Ct Suite 209,20707,General Dentistry,Primary (general),2,1841747078,2016,Ageing,NPPES NPI 1841747078,,,
B,"Lifetime Dental Care Of Maryland, Badger, P.C.",Laurel,MD,(301) 490-0044,Tabatha Lemke,Credentialing Coordinator,,,,,535 Main Street Suite 113,20707,General Dentistry,Primary (general),1,1992899488,2021,Ageing,NPPES NPI 1992899488,,,
B,Neighbor Dental LLC,Laurel,MD,(301) 498-5320,"Anne Morgan Chopra, DDS",Partner/dentist,info@neighbordental.com,NPPES federal registry filing,,,8383 Cherry Ln,20707,General Dentistry,Primary (general),2,1003406992,2021,Ageing,NPPES NPI 1003406992,,,
B,Robert F Gradishar DDS PA,Laurel,MD,(301) 725-3455,"Robert Gradishar, DDS",Preident,,,,,11200 Scaggsville Rd Ste 119,20723,General Dentistry,Primary (general),1,1245602168,2015,Ageing,NPPES NPI 1245602168,,,
B,Ulery Dental And Orthodontics,Laurel,MD,(301) 623-3737,Kevin Ramkishun,Credentialing Director,,,,,12793 Laurel Bowie Rd,20708,General Dentistry,Primary (general),1,1821680596,2021,Ageing,NPPES NPI 1821680596,,,
B,"Akj Dental, Dds, LLC",Lavale,MD,(240) 803-3487,Jason Bertollini,Prs,,,,,12317 Winchester Rd SW Ste 100,21502,General Dentistry,Primary (general),1,1629423694,2016,Ageing,NPPES NPI 1629423694,,,
B,"Health Partners, Inc",Lexington Park,MD,(301) 645-3556,Chrisie Mulcahey,Director,,,,,45870 East Run Drive,20653,General Dentistry,Primary (general),3,1720639206,2019,Ageing,NPPES NPI 1720639206,,,
B,Fusion Dental,Lutherville,MD,(410) 825-6010,Jaime Byerly,Do,,,,,1447 York Rd Ste 602,21093,General Dentistry,Primary (general),1,1235693805,2019,Ageing,NPPES NPI 1235693805,,,
B,Joonho Song DDS LLC,Monrovia,MD,(301) 831-6677,Joonho Song,Dentist,,,,,11801 Fingerboard Rd Ste 7,21770,General Dentistry,Primary (general),1,1558755017,2015,Ageing,NPPES NPI 1558755017,,,
B,"Biju Cyriac Dds, PA",Owings Mills,MD,(443) 394-2273,"Biju Cyriac, DDS",President,,,,,9419 Common Brook Rd Suite 210,21117,General Dentistry,Primary (general),2,1689790412,2020,Ageing,NPPES NPI 1689790412,,,
B,George E Evans DDS PA,Owings Mills,MD,(443) 258-9939,"George Evans, DDS",Owner/president,,,,,10084 Reisterstown Rd Ste 200E,21117,General Dentistry,Primary (general),1,1366933491,2018,Ageing,NPPES NPI 1366933491,,,
B,"Koval Dentistry Services, P.C.",Owings Mills,MD,(410) 581-3012,Anna Shkolnik,Office Manager,,,,,20 Crossroads Dr Ste 216,21117,General Dentistry,Primary (general),1,1073682548,2020,Ageing,NPPES NPI 1073682548,,,
B,"Mendelson Family Dentistry, PA",Owings Mills,MD,(410) 356-4100,"Harold Mendelson, DDS",President,,,,,11300 Reisterstown Rd,21117,General Dentistry,Primary (general),1,1134514615,2015,Ageing,NPPES NPI 1134514615,,,
B,New Town Dental PA,Owings Mills,MD,(410) 654-9696,"Harry Snydman, DDS",Doctor Owner,,,,,9704-B Groffs Mill Drive,21117,General Dentistry,Primary (general),1,1487667358,2020,Ageing,NPPES NPI 1487667358,,,
B,Nova Dental PC,Owings Mills,MD,(410) 363-6868,"Dmitry Nova, DDS",President,,,,,4 Park Center Ct Suite # 201,21117,General Dentistry,Primary (general),1,1508210857,2016,Ageing,NPPES NPI 1508210857,,,
B,Harold S Kogod DDS PC,Potomac,MD,(301) 953-2515,"Harold Kogod, DDS",Orthodontist President,,,,,10540 Democracy Blvd,20854,General Dentistry,Primary (general),1,1174688196,2020,Ageing,NPPES NPI 1174688196,,,
B,Just For Your Smile Dental Clinic,Potomac,MD,(301) 299-0200,"Hasan Osseiran, DDS",Owner,,,,,10540 Democracy Blvd,20854,General Dentistry,Primary (general),1,1598117061,2016,Ageing,NPPES NPI 1598117061,,,
B,"Williamowsky, Taff, & Levine",Potomac,MD,(301) 530-3717,Debra Silverman,Practice Mgr.,,,,,7811 Montrose Road Suite 300,20854,General Dentistry,Primary (general),1,1720106941,2016,Ageing,NPPES NPI 1720106941,,,
B,Marshall R Goldman Ddspa,Reisterstown,MD,(410) 833-6200,Marshall Goldman,President,,,,,11963 Reisterstown Rd,21136,General Dentistry,Primary (general),1,1669686150,2020,Ageing,NPPES NPI 1669686150,,,
B,"Adam N Sherman, Dmd, LLC",Rockville,MD,(301) 840-0600,"Adam Sherman, D.M.D.",Owner/dentist,,,,,15201 Shady Grove Road Suite 101,20850,General Dentistry,Primary (general),1,1033654215,2016,Ageing,NPPES NPI 1033654215,,,
B,Bestadental LLC,Rockville,MD,(240) 580-8818,"Liang Fang, DMD",Office Manager,,,,,15204 Omega Dr Ste 250,20850,General Dentistry,Primary (general),1,1023642345,2020,Ageing,NPPES NPI 1023642345,,,
B,"Bruce S Nouri, Ali R Aghaee, PA",Rockville,MD,(301) 417-6957,"Bruce Nouri, DDS",Tresurer,,,,,15245 Shady Grove Rd Ste 420,20850,General Dentistry,Primary (general),1,1407940273,2020,Ageing,NPPES NPI 1407940273,,,
B,Cheryl F Callahan DDS PA,Rockville,MD,(301) 948-1212,"Cheryl Callahan, DDS",Owner/dds,,,,,15225 Shady Grove Rd Ste 301,20850,General Dentistry,Primary (general),2,1962739052,2017,Ageing,NPPES NPI 1962739052,,,
B,Dr Maryam Seifi DDS PA,Rockville,MD,(301) 770-1070,Daniel Tomascn,Vice President,,,,,5930 Hubbard Drive,20852,General Dentistry,Primary (general),1,1134239213,2020,Ageing,NPPES NPI 1134239213,,,
B,Family Dental Care PC,Rockville,MD,(301) 881-6708,Fariba Aslemand,Owner,,,,,121 Congressional Lane #306,20857,General Dentistry,Primary (general),1,1205992930,2020,Ageing,NPPES NPI 1205992930,,,
B,"Harry S Gildenhorn Dds, PA",Rockville,MD,(301) 770-6330,"Harry Gildenhorn, DDS",President,,,,,4701 Randolph Rd Suite 110,20852,General Dentistry,Primary (general),1,1902960461,2020,Ageing,NPPES NPI 1902960461,,,
B,Jerald B Hawk DDS PA,Rockville,MD,(301) 230-2600,"Jerald Hawk, DDS",President,,,,,1750 Rockville Pike Ste 22,20852,General Dentistry,Primary (general),1,1427175843,2020,Ageing,NPPES NPI 1427175843,,,
B,"Kenneth Zhao, Dds, PA",Rockville,MD,(301) 838-0812,"Kenneth Zhao, DDS",President,,,,,751 Rockville Pike Suite 15A,20852,General Dentistry,Primary (general),1,1215154901,2020,Ageing,NPPES NPI 1215154901,,,
B,Madison Dental LLC,Rockville,MD,(301) 762-2236,Ben Liu,Owner,,,,,15020 Shady Grove Road Suite 360,20850,General Dentistry,Primary (general),1,1467909952,2016,Ageing,NPPES NPI 1467909952,,,
B,Pristine Smiles LLC,Rockville,MD,(408) 561-3041,"Navneet Dhaliwal, DDS",Dentist/owner,,,,,11300 Rockville Pike Ste 1013,20852,General Dentistry,Primary (general),1,1548756232,2021,Ageing,NPPES NPI 1548756232,,,
B,Rochelle E Hackley DDS LLC,Rockville,MD,(301) 816-3232,"Rochelle Hackley, DDS",CEO/owner,,,,,12230 Rockville Pike 200-B,20852,General Dentistry,Primary (general),1,1710366398,2015,Ageing,NPPES NPI 1710366398,,,
B,Rock Creek Dental Center,Rockville,MD,(301) 460-5000,Aelin Melkomian,Office Manager,,,,,5542 Norbeck Road,20853,General Dentistry,Primary (general),1,1285795492,2020,Ageing,NPPES NPI 1285795492,,,
B,Rockville Dental Care,Rockville,MD,(301) 545-0060,Soheil Rashidchi,D.d.s,,,,,50 W Edmonston Dr Ste 503,20852,General Dentistry,Primary (general),1,1407248743,2015,Ageing,NPPES NPI 1407248743,,,
B,Rockville Dental Center,Rockville,MD,(301) 340-0313,Jianming Duan,Owner,,,,,77 S Washington St Suite 200,20850,General Dentistry,Primary (general),1,1609151828,2015,Ageing,NPPES NPI 1609151828,,,
B,Rockville Family And Cosmetic Dentistry,Rockville,MD,(301) 424-8100,"Betty Emam, DDS",Dentist,,,,,10110 Molecular Dr Ste 311,20850,General Dentistry,Primary (general),1,1801042742,2015,Ageing,NPPES NPI 1801042742,,,
B,"Shady Grove Dental Center, LLC",Rockville,MD,(301) 610-7724,"Emine Erkmen, DDS",Owner,,,,,14955 Shady Grove Rd Suite 360,20850,General Dentistry,Primary (general),2,1780894956,2020,Ageing,NPPES NPI 1780894956,,,
B,"Stern, Greenbaum, Krantz And Schwartz",Rockville,MD,(301) 610-9909,"Michael Stern, D.M.D.",President,,,,,14955 Shady Grove Rd Suite 200,20850,General Dentistry,Primary (general),1,1144423443,2020,Ageing,NPPES NPI 1144423443,,,
B,Susan Partovi D.d.s P.c,Rockville,MD,(301) 990-0020,Mari Jachens,Office Manager,,,,,15235 Shady Grove Rd Suite 104,20850,General Dentistry,Primary (general),1,1942364161,2020,Ageing,NPPES NPI 1942364161,,,
B,"Adorable Smiles Family Dental, LLC",Salisbury,MD,(443) 343-2442,"Esther Amo-Mensah, DMD",Owner,,,,,8249 Dickerson Ln Suite A,21804,General Dentistry,Primary (general),1,1285169839,2017,Ageing,NPPES NPI 1285169839,,,
B,"Dean B Massey, D.d.s., P.A.",Salisbury,MD,(410) 543-2223,"Dean Massey, D.D.S.",President,,,,,1820 Sweetbay Dr Suite 104,21804,General Dentistry,Primary (general),1,1720136054,2020,Ageing,NPPES NPI 1720136054,,,
B,Delmarva Dental Services,Salisbury,MD,(410) 742-3000,Becky Hopkins,Office Manager,,,,,314 Civic Ave,21804,General Dentistry,Primary (general),1,1528198926,2020,Ageing,NPPES NPI 1528198926,,,
B,"Delmarva Smile Corner, LLC",Salisbury,MD,(410) 937-3332,"Nahid Shahry, DDS",Owner/dentist,,,,,213 Maryland Ave,21801,General Dentistry,Primary (general),1,1760934665,2016,Ageing,NPPES NPI 1760934665,,,
B,Gray White & Allen DDS PA,Salisbury,MD,(410) 749-0108,Elliott Gray,President,,,,,1346 South Division St Ste 104,21804,General Dentistry,Primary (general),1,1376617126,2020,Ageing,NPPES NPI 1376617126,,,
B,Krause Smiles PA,Salisbury,MD,(410) 742-1688,"Mark Krause, DDS",President,,,,,560 Riverside Dr Suite A205,21801,General Dentistry,Primary (general),1,1497125322,2015,Ageing,NPPES NPI 1497125322,,,
B,Salisbury Dental Center,Salisbury,MD,(410) 749-7873,"James Nance, DDS",Dentist,,,,,226 W Main St,21801,General Dentistry,Primary (general),1,1063553899,2020,Ageing,NPPES NPI 1063553899,,,
B,Smiles By Dr Brar LLC,Salisbury,MD,(757) 609-1657,Kanwarjit Brar,Owner,,,,,1301 Mount Hermon Rd,21804,General Dentistry,Primary (general),1,1578226627,2021,Ageing,NPPES NPI 1578226627,,,
B,Hilltop Dental LLC,Severna Park,MD,(240) 328-2309,"Mohammad Elkhatib, DMD",Owner/officer,officemanager@hilltop.dental,NPPES federal registry filing,CHECK - email domain does not resolve,,605 Baltimore Annapolis Blvd Ste 1,21146,General Dentistry,Primary (general),1,1265082093,2019,Ageing,NPPES NPI 1265082093,,,
B,Aspen Hill 3D Imaging LLC,Silver Spring,MD,(301) 580-6047,"Cyrus Allafi, DDS",CEO,,,,,13975 Connecticut Ave Ste 311,20906,General Dentistry,Primary (general),1,1396354312,2020,Ageing,NPPES NPI 1396354312,,,
B,Aspen Hill General& Cosmetic Dentistry,Silver Spring,MD,(301) 460-1212,"Soorita Goorah, DDS",Dentist,,,,,13975 Connecticut Ave Suite #200-201,20906,General Dentistry,Primary (general),1,1831102227,2020,Ageing,NPPES NPI 1831102227,,,
B,"Bishop & Bishop D.d.s.,p.a.",Silver Spring,MD,(301) 608-9270,"David Bishop, D.D.S.",President,,,,,8830 Camerons Street Suite 504,20910,General Dentistry,Primary (general),1,1649308008,2020,Ageing,NPPES NPI 1649308008,,,
B,"David L Rever, D.d.s., LLC",Silver Spring,MD,(301) 384-1263,"David Rever, D.D.S.",Owner,,,,,13915 Old Columbia Pike,20904,General Dentistry,Primary (general),1,1740830264,2019,Ageing,NPPES NPI 1740830264,,,
B,"Dechter & Moy, Dds, LLC",Silver Spring,MD,(301) 949-5400,"Matthew Moy, DDS",Member,,,,,12900 Georgia Ave,20906,General Dentistry,Primary (general),1,1811381320,2015,Ageing,NPPES NPI 1811381320,,,
B,Dr Alicia Robertson PA,Silver Spring,MD,(301) 588-3310,"Dr Alicia Robertson PA, DMD",Doctor/owner,,,,,9417 Flower Ave,20901,General Dentistry,Primary (general),1,1750835971,2017,Ageing,NPPES NPI 1750835971,,,
B,Dynamic Dental Services LLC,Silver Spring,MD,(301) 879-8337,"Kweku Jangha, DDS",Owner/dentist,,,,,13401 New Hampshire Ave,20904,General Dentistry,Primary (general),1,1376123406,2021,Ageing,NPPES NPI 1376123406,,,
B,"Eric Chai Dds, LLC",Silver Spring,MD,(240) 461-8377,"Eric Chai, DDS",Owner,,,,,724 Cloverly St,20905,General Dentistry,Primary (general),1,1366076275,2020,Ageing,NPPES NPI 1366076275,,,
B,H & M Cosmetic Dentistry Inc,Silver Spring,MD,(301) 355-5156,Margoth Mollinedo,Manager,,,,,831 University Blvd E Ste 28,20903,General Dentistry,Primary (general),1,1346811437,2021,Ageing,NPPES NPI 1346811437,,,
B,"Harold E Landis, DDS",Silver Spring,MD,(301) 681-7061,"Harold Landis, DDS",Practice Owner,,,,,9801 Georgia Ave Suite 228,20902,General Dentistry,Primary (general),1,1780046037,2016,Ageing,NPPES NPI 1780046037,,,
B,Jeffrey L Taylor DDS & Associates 1,Silver Spring,MD,(301) 587-6696,"Robert Mantoni, DDS",President,,,,,8757 Georgia Ave Suite 530,20910,General Dentistry,Primary (general),1,1174064133,2017,Ageing,NPPES NPI 1174064133,,,
B,Kemp Mill Dental,Silver Spring,MD,(301) 649-1361,"Spencer Gakner, DDS",President,,,,,1299 Lamberton Dr Suite A,20902,General Dentistry,Primary (general),1,1740370840,2020,Ageing,NPPES NPI 1740370840,,,
B,King Dental LLC,Silver Spring,MD,(301) 562-0811,"James King, DDS",Owner,,,,,1400 Spring St Suite 420,20910,General Dentistry,Primary (general),1,1295803088,2015,Ageing,NPPES NPI 1295803088,,,
B,"Maryland Family And General Dentistry, L.l.c",Silver Spring,MD,(301) 598-3910,"Soorita Goorita, D.D.S",Dentist,,,,,13975 Connecticut Ave Suite 202,20906,General Dentistry,Primary (general),2,1689118911,2016,Ageing,NPPES NPI 1689118911,,,
B,Nima Raoufinia DDS LLC,Silver Spring,MD,(301) 565-4555,"Nima Raoufinia, DDS",Member,,,,,8726 Georgia Ave,20910,General Dentistry,Primary (general),1,1215390596,2016,Ageing,NPPES NPI 1215390596,,,
B,Raquel J Pagan DDS PC,Silver Spring,MD,(571) 438-0981,"Raquel Pagan, DDS",Owner,,,,,8201 16TH St Ste 123,20910,General Dentistry,Primary (general),1,1487126207,2018,Ageing,NPPES NPI 1487126207,,,
B,Ray M Gottlieb DDS PA,Silver Spring,MD,(301) 593-5211,Ray Gottlieb,Dentist,,,,,10008 Colesville Rd,20901,General Dentistry,Primary (general),2,1063627040,2020,Ageing,NPPES NPI 1063627040,,,
B,"Servicios Dentales Hispanos, Inc.",Silver Spring,MD,(301) 588-2516,Guillermo Quintanilla,Office Manager,,,,,8121 Georgia Ave Ste 400,20910,General Dentistry,Primary (general),1,1467699660,2015,Ageing,NPPES NPI 1467699660,,,
B,"Stellar Dental, LLC",Silver Spring,MD,(240) 232-8100,"Allen Gotora, MD",Owner/doctor,,,,,11239 Lockwood Dr,20901,General Dentistry,Primary (general),1,1467018747,2019,Ageing,NPPES NPI 1467018747,,,
B,"Sumana Kafle Dds, LLC",Silver Spring,MD,(240) 847-0302,"Sumana Kafle, DDS",Pediatric Dentist,,,,,10750 Columbia Pike Ste 500,20901,General Dentistry,Primary (general),1,1871255893,2021,Ageing,NPPES NPI 1871255893,,,
B,The Dental Offices Of Dr Marcus S Tappan & Associates PC,Silver Spring,MD,(301) 565-8212,"Marcus Tappan, DDS",Doctor/owner,,,,,8611 Second Ave Suite 101,20910,General Dentistry,Primary (general),1,1043313364,2020,Ageing,NPPES NPI 1043313364,,,
B,White Oak Dental LLC,Silver Spring,MD,(301) 681-6306,"Alonzo Thomas, D.M.D.",Registered Agent,,,,,11247 Lockwood Dr Ste A,20901,General Dentistry,Primary (general),1,1932316817,2020,Ageing,NPPES NPI 1932316817,,,
B,"William E Kelson, DDS & Associates",Silver Spring,MD,(301) 589-0518,"William Kelson, DENTAL LICENSE",Director,,,,,801 Wayne Ave Suite 401,20910,General Dentistry,Primary (general),1,1679604953,2020,Ageing,NPPES NPI 1679604953,,,
B,"Zhuozhao Mei, LLC",Silver Spring,MD,(240) 308-2470,"Zhuozhao Mei, DDS",Dentist,,,,,11514 Georgia Avenue,20902,General Dentistry,Primary (general),1,1508463092,2020,Ageing,NPPES NPI 1508463092,,,
B,"Craig L Snyder, D.d.s., P.A.",Towson,MD,(410) 296-3993,"Craig Snyder, DDS",President,,,,,300 E Joppa Rd Suite 318,21286,General Dentistry,Primary (general),1,1790990133,2020,Ageing,NPPES NPI 1790990133,,,
B,Finney Family Dental LLC,Towson,MD,(410) 828-8828,"James Finney, DDS",Owner,,,,,8422 Bellona Ln Suite 206,21204,General Dentistry,Primary (general),1,1093869570,2020,Ageing,NPPES NPI 1093869570,,,
B,"Floyd Bagwell Iii, Dds, P.C.",Towson,MD,(410) 296-2400,"Floyd Bagwell, DDS",Owner,,,,,913 Taylor Ave,21286,General Dentistry,Primary (general),2,1891256962,2019,Ageing,NPPES NPI 1891256962,,,
B,"Ousborne And Keller, D.d.s., P.A.",Towson,MD,(410) 828-1177,"Albert Ousborne, D.D.S.",President/dentist,,,,,21 West Rd 104,21204,General Dentistry,Primary (general),1,1013024116,2020,Ageing,NPPES NPI 1013024116,,,
B,Adil Quraish DDS Waldorf PC,Waldorf,MD,(301) 645-3601,"Muhammad Quraish, DDS",Owner,,,,,83 High St Ste A,20602,General Dentistry,Primary (general),3,1801420112,2020,Ageing,NPPES NPI 1801420112,,,
B,"Crown & Glory Dental, LLC",Waldorf,MD,(202) 425-9618,"Nakia Bush, DDS",Dentist/owner,,,,,11479 Berry Rd,20603,General Dentistry,Primary (general),1,1528656600,2021,Ageing,NPPES NPI 1528656600,,,
B,"Felicia M Nesbit, D.d.s., P.C.",Waldorf,MD,(301) 705-9737,"Felicia Nesbit, D.D.S.",General Dentist,,,,,956 Chandler Ct,20602,General Dentistry,Primary (general),1,1538278601,2020,Ageing,NPPES NPI 1538278601,,,
B,Fusion Dental,Waldorf,MD,(301) 645-1344,"Gregory Bob, DDS",President,,,,,2992 Waldorf Marketplace,20603,General Dentistry,Primary (general),1,1932266335,2015,Ageing,NPPES NPI 1932266335,,,
B,"Peterson & Reddy, D.d.s., P.A.",Waldorf,MD,(301) 843-3367,"Ajay Reddy, D.D.S.",Vice-President,,,,,11855 Holly Ln Suite 103,20601,General Dentistry,Primary (general),1,1649489352,2020,Ageing,NPPES NPI 1649489352,,,
B,St Charles Family Dental,Waldorf,MD,(301) 645-6500,"Marilyn Coleman-Bordes, OWNER",Dentist,,,,,173 Saint Patricks Dr Suite 204,20603,General Dentistry,Primary (general),1,1619359213,2015,Ageing,NPPES NPI 1619359213,,,
B,"Steven D Younger, D.d.s., P.A.",Waldorf,MD,(301) 645-3230,"Steven Younger, D.D.S.",President,,,,,6 Industrial Park Dr Ste A,20602,General Dentistry,Primary (general),1,1538387345,2020,Ageing,NPPES NPI 1538387345,,,
B,Smile Dental,Wheaton,MD,(301) 949-4600,"Rajwant Singh, DDS",Owner,smiledental144@hotmail.com,NPPES federal registry filing,,,2621 University Blvd W,20902,General Dentistry,Primary (general),1,1871056416,2019,Ageing,NPPES NPI 1871056416,,,
B,Annapolis Green Dental,Annapolis,MD,(410) 224-4500,"Gena Schultheis, DDS",Dentist,,,,,2331 Forest Dr Suite E,21401,General Dentistry,Primary (general),1,1992117683,2014,Stale,NPPES NPI 1992117683,,,
B,Boyd & Boyd P C,Annapolis,MD,(410) 426-1797,"Anthony Boyd, D.D.S.",President / Owner,,,,,914 Bay Ridge Rd,21403,General Dentistry,Primary (general),1,1962747089,2012,Stale,NPPES NPI 1962747089,,,
B,Chesapeake Cosmetic And Family Dentistry,Annapolis,MD,(410) 990-4800,Jean Prescimone,Practice Administrator,,,,,1610 West St Suite 202,21401,General Dentistry,Primary (general),2,1497923932,2008,Stale,NPPES NPI 1497923932,,,
B,Dental One Associates Annapolis PC,Annapolis,MD,(410) 841-5131,Mike Cole,Insurance Director,,,,,2623 Housley Rd,21401,General Dentistry,Primary (general),1,1588788871,2011,Stale,NPPES NPI 1588788871,,,
B,Goodman Dental Care LLC,Annapolis,MD,(410) 263-1919,"A Goodman, DDS",Owner,,,,,2530 Riva Rd Suite # 201,21401,General Dentistry,Primary (general),1,1144625807,2014,Stale,NPPES NPI 1144625807,,,
B,Nicholas E Daniel DDS P.C.,Annapolis,MD,(410) 280-5370,"Nicholas Daniel, D.D.S",President/owner,,,,,275 West St Suite 105,21401,General Dentistry,Primary (general),1,1699170290,2014,Stale,NPPES NPI 1699170290,,,
B,Richard D Katz DDS PA,Annapolis,MD,(410) 266-8250,Donna Foy,Office Manager,,,,,43 Old Solomons Island Rd Suite 103,21401,General Dentistry,Primary (general),1,1346511219,2012,Stale,NPPES NPI 1346511219,,,
B,Abramson & Kneussl PA,Baltimore,MD,(410) 633-2222,Eric Kneussl,Dentist Vp,,,,,458 South Elrino Street,21224,General Dentistry,Primary (general),1,1497846745,2008,Stale,NPPES NPI 1497846745,,,
B,Abramson & Kneussl PA,Baltimore,MD,(410) 256-2930,Eric Kneussl,Vice President,,,,,4136 East Joppa Road Suite F,21236,General Dentistry,Primary (general),1,1548370216,2008,Stale,NPPES NPI 1548370216,,,
B,Adrian A Sanchez DDS PA,Baltimore,MD,(410) 247-4748,"Adrian Sanchez, DDS",Owner Of Dental Practice,,,,,817 Maiden Choice Lane Ste 220,21228,General Dentistry,Primary (general),1,1093922783,2008,Stale,NPPES NPI 1093922783,,,
B,Andersen Dental LLC,Baltimore,MD,(410) 929-1808,"Michelle Andersen, D.D.S.",Dentist/owner,,,,,1820 Lancaster St Suite 100,21231,General Dentistry,Primary (general),1,1215282611,2012,Stale,NPPES NPI 1215282611,,,
B,"Baltimore Dental, LLC",Baltimore,MD,(410) 764-3363,"Joseph Feinsod, DMD",President,,,,,4000 Old Court Rd Suite 302,21208,General Dentistry,Primary (general),1,1063612935,2014,Stale,NPPES NPI 1063612935,,,
B,"Baltimore North Smiles Youth Dentistry, PC",Baltimore,MD,(410) 254-5437,Jenell Stump,"Manager, Licensing & Credentialing",,,,,6105 Harford Rd,21214,General Dentistry,Primary (general),2,1699821397,2014,Stale,NPPES NPI 1699821397,,,
B,"Baltimore South Smiles Youth Dentistry, PC",Baltimore,MD,(410) 644-4100,Jenell Stump,"Manager, Licensing Credentialing",,,,,2111 W Patapsco Ave,21230,General Dentistry,Primary (general),1,1568473759,2014,Stale,NPPES NPI 1568473759,,,
B,Cheerful Dental PC,Baltimore,MD,(410) 574-2454,"Marie Miranda, DDS",Owner,,,,,301 Eastern Blvd Suite 1,21221,General Dentistry,Primary (general),1,1215359625,2014,Stale,NPPES NPI 1215359625,,,
B,Convenient Dental,Baltimore,MD,(410) 281-7700,"Vijayalakshmi Angamuthu, D.D.S.",Owner,,,,,1726 N Rolling Rd,21244,General Dentistry,Primary (general),1,1982816815,2008,Stale,NPPES NPI 1982816815,,,
B,Craig E Slotke DDS PA,Baltimore,MD,(410) 323-3990,"Craig Slotke, DDS",Dentist,,,,,731 Deepdene Rd,21210,General Dentistry,Primary (general),2,1538260484,2012,Stale,NPPES NPI 1538260484,,,
B,Cynthia Lim DMD PA,Baltimore,MD,(410) 882-8992,"Cynthia Lim, DMD",Owner,,,,,7927 Belair Rd Ste L,21236,General Dentistry,Primary (general),1,1902050990,2008,Stale,NPPES NPI 1902050990,,,
B,Dr B Enjamin Shelton,Baltimore,MD,(410) 243-3714,"Benjamin Shelton, DDS",Dentist,,,,,1501 E 33RD Street,21218,General Dentistry,Primary (general),1,1043395189,2014,Stale,NPPES NPI 1043395189,,,
B,Dr James K Johnson Jr.,Baltimore,MD,(410) 488-8471,"James Johnson, D.D.S",Owner,,,,,5813 Moravia Rd,21206,General Dentistry,Primary (general),1,1871754770,2008,Stale,NPPES NPI 1871754770,,,
B,"Dr, David M Vieth 2 PC",Baltimore,MD,(443) 957-1602,"David Vieth, DDS",Owner,,,,,1900 N Broadway Suite 102,21213,General Dentistry,Primary (general),1,1619138666,2014,Stale,NPPES NPI 1619138666,,,
B,Duckett Dental Associates,Baltimore,MD,(410) 780-0120,"Maria Duckett, D.D.S",Dentist / Owner,,,,,9110 Philadelphia Rd Ste 214,21237,General Dentistry,Primary (general),1,1235433582,2010,Stale,NPPES NPI 1235433582,,,
B,"Eastern Avenue Dental, LLC",Baltimore,MD,(410) 335-7771,Sinha Kang,Dentist,,,,,12412 Eastern Ave,21220,General Dentistry,Primary (general),1,1437550761,2014,Stale,NPPES NPI 1437550761,,,
B,"Emily Lin, Dmd, Ma, PC",Baltimore,MD,(410) 675-3300,"Emily Lin, DMD",President,,,,,2700 Lighthouse Pt E Suite210,21224,General Dentistry,Primary (general),2,1700203320,2014,Stale,NPPES NPI 1700203320,,,
B,Ernest J Colvin & Asso,Baltimore,MD,(410) 664-1900,Ola Jackson,Office Manager,,,,,4413 1/2 Park Heights Avenue,21215,General Dentistry,Primary (general),1,1437313939,2011,Stale,NPPES NPI 1437313939,,,
B,Essex Dental Group LLC,Baltimore,MD,(410) 391-3801,"Alexander Cho, D.D.S.",Owner,,,,,6058 Rossville Blvd,21221,General Dentistry,Primary (general),2,1053755900,2013,Stale,NPPES NPI 1053755900,,,
B,Family Dental Care,Baltimore,MD,(410) 789-4455,Barbara Nicholson,Office Manager,,,,,5801 Ritchie Hwy,21225,General Dentistry,Primary (general),2,1841564556,2012,Stale,NPPES NPI 1841564556,,,
B,Family Health Centers Of Baltimore,Baltimore,MD,(410) 354-2000,Paula McLellan,CEO,,,,,631 Cherry Hill Rd,21225,General Dentistry,Primary (general),1,1265638951,2008,Stale,NPPES NPI 1265638951,,,
B,"Fletcher'S Dental Associates, P.A.",Baltimore,MD,(410) 298-2700,"Alison Riddle-Fletcher, D.D.S.",President,,,,,3320 Saint Lukes Ln,21207,General Dentistry,Primary (general),1,1184807059,2007,Stale,NPPES NPI 1184807059,,,
B,"Hand And Henson, LLC",Baltimore,MD,(410) 944-8877,"Marcia Henson, DDS, PA",Owner,,,,,1826 Woodlawn Dr Ste 4,21207,General Dentistry,Primary (general),1,1528307147,2013,Stale,NPPES NPI 1528307147,,,
B,Hm Dunstan & Asssociates,Baltimore,MD,(410) 435-5881,Terri Mitchell,Credentialing,,,,,5800 Loch Raven Blvd,21239,General Dentistry,Primary (general),1,1134389315,2008,Stale,NPPES NPI 1134389315,,,
B,"Kelvin B Smith, Dds, LLC",Baltimore,MD,(410) 277-9206,"Kelvin Smith, D.D.S.",Managing Member,,,,,7008 Security Blvd Suite 110,21244,General Dentistry,Primary (general),1,1003058801,2009,Stale,NPPES NPI 1003058801,,,
B,Lansdowne Family Dental,Baltimore,MD,(410) 242-5012,"Amir Zia, D.D.S.",Owner,,,,,2717 Hammonds Ferry Rd,21227,General Dentistry,Primary (general),1,1417245788,2011,Stale,NPPES NPI 1417245788,,,
B,"Lawrence T Chen, D.d.s., P.C.",Baltimore,MD,(410) 235-8525,"Lawrence Chen, D.D.S.",Owner,,,,,711 W 40TH Street Suite 215,21211,General Dentistry,Primary (general),1,1487913919,2012,Stale,NPPES NPI 1487913919,,,
B,"Lisa M Valentine, D.d.s LLC",Baltimore,MD,(410) 383-7070,"Lisa Valentine, D.D.S",Owner,,,,,1111 Park Ave Suite L-109,21201,General Dentistry,Primary (general),1,1518130046,2008,Stale,NPPES NPI 1518130046,,,
B,MD Dental Center PC,Baltimore,MD,(215) 785-1100,Vikas Arora,Founder,,,,,3343 Belair Rd,21213,General Dentistry,Primary (general),1,1619271723,2011,Stale,NPPES NPI 1619271723,,,
B,Melanie M Burke DMD PA,Baltimore,MD,(410) 764-7764,"Melanie Burke, DMD",Dentist Owner,,,,,6700 B Park Heights Ave,21215,General Dentistry,Primary (general),1,1962539239,2013,Stale,NPPES NPI 1962539239,,,
B,Mishpacha Dental,Baltimore,MD,(410) 484-2717,"Rubeena Hosain, D.M.D",Dentist,,,,,3635 Old Court Rd,21208,General Dentistry,Primary (general),1,1023446184,2013,Stale,NPPES NPI 1023446184,,,
B,"Mohit K And Jennifer P Virmani, D.d.s., P.A.",Baltimore,MD,(410) 484-2722,"Jennifer Virmani, D.D.S.","Dentist, Owner",,,,,4000 Old Court Rd Ste 201,21208,General Dentistry,Primary (general),1,1083767644,2007,Stale,NPPES NPI 1083767644,,,
B,Mondawmin Mall Dental LLP,Baltimore,MD,(410) 225-0014,Rostislav Kraznov,Owner,,,,,2401 Liberty Heights Ave Ste 3725,21215,General Dentistry,Primary (general),1,1629238571,2014,Stale,NPPES NPI 1629238571,,,
B,Morocco Hospital,Baltimore,MD,(617) 998-7654,Roberto Baggio,CEO,,,,,614 Wyeth St,21230,General Dentistry,Primary (general),1,1245461078,2009,Stale,NPPES NPI 1245461078,,,
B,Nicholas R Garcia Family Dentistry PC,Baltimore,MD,(410) 837-0304,Katharine Garcia,CFO,,,,,36 S Charles St Ste 2202,21201,General Dentistry,Primary (general),1,1578879540,2010,Stale,NPPES NPI 1578879540,,,
B,North Point Dental Associates,Baltimore,MD,(410) 284-6650,Anton Grobani,Owner,,,,,2507 N Point Rd,21222,General Dentistry,Primary (general),2,1255571188,2009,Stale,NPPES NPI 1255571188,,,
B,Omoteniola Awofolu DDS LLC,Baltimore,MD,(410) 525-0555,"Omoteniola Awofolu, DDS",Owner,,,,,3407 Wilkens Ave Suite 205,21229,General Dentistry,Primary (general),1,1417379777,2014,Stale,NPPES NPI 1417379777,,,
B,Pdom Perrin Parkway LLC,Baltimore,MD,(410) 661-0777,Mike Cole,Vp Insurance Plan Management,,,,,8831 Satyr Hill Rd 200,21234,General Dentistry,Primary (general),1,1861828576,2013,Stale,NPPES NPI 1861828576,,,
B,Penn Dental Inc.,Baltimore,MD,(410) 542-7877,"Joseph Dyson, D.D.S.",Dentist,,,,,4901 Liberty Heights Ave,21207,General Dentistry,Primary (general),1,1194846295,2008,Stale,NPPES NPI 1194846295,,,
B,"Richard W Muths, D.D.S. And Associates, P.C.",Baltimore,MD,(410) 391-9565,"Richard Muths, D.D.S.","Owner, President",,,,,9516 Philadelphia Rd Kings Court Family Dentistry,21237,General Dentistry,Primary (general),1,1013071240,2008,Stale,NPPES NPI 1013071240,,,
B,Sarubin Family Dental Association,Baltimore,MD,(410) 954-9500,"Murray Sarubin, DDS",Dr,,,,,3110 Lord Baltimore Dr Suite 100,21244,General Dentistry,Primary (general),1,1558679134,2010,Stale,NPPES NPI 1558679134,,,
B,"Small Smiles Dental Center Of Central Baltimore, PC",Baltimore,MD,(615) 750-0343,Jenell Stringer,Specialist,,,,,921 N Caroline St,21205,General Dentistry,Primary (general),1,1003108473,2011,Stale,NPPES NPI 1003108473,,,
B,Smilerite Oral Health Care,Baltimore,MD,(410) 358-3403,Linda Miles,Owner,,,,,4155 Patterson Ave,21215,General Dentistry,Primary (general),1,1548403843,2009,Stale,NPPES NPI 1548403843,,,
B,St Francis Neighborhood Corp.,Baltimore,MD,(410) 347-2995,"John Taylor, DDS",Owner,,,,,1023 N Charles St Suite R3L,21201,General Dentistry,Primary (general),1,1912163312,2008,Stale,NPPES NPI 1912163312,,,
B,Stephen A Weiner DDS PA,Baltimore,MD,(410) 764-0330,"Stephen Weiner, DDS",President,,,,,124 Slade Ave 101,21208,General Dentistry,Primary (general),1,1407184104,2009,Stale,NPPES NPI 1407184104,,,
B,The Smile Center,Baltimore,MD,(410) 732-6720,"Kenny Hooper, DDS",Owner,,,,,1500 E Madison St,21205,General Dentistry,Primary (general),1,1972659779,2008,Stale,NPPES NPI 1972659779,,,
B,Wholistic Dental Concepts Inc.,Baltimore,MD,(410) 524-6900,"Willie Richardson, DDS",Dentist,,,,,5418 Park Heights Ave,21215,General Dentistry,Primary (general),1,1245494962,2008,Stale,NPPES NPI 1245494962,,,
B,"William M Koenig, D.d.s., P.A.",Baltimore,MD,(410) 665-3300,"William Koenig, DDS",Dentist,,,,,8424 Old Harford Rd Suite 2A,21234,General Dentistry,Primary (general),1,1902230436,2013,Stale,NPPES NPI 1902230436,,,
B,"Amisha N Shroff,dds,pc",Bethesda,MD,(301) 469-4775,"Amisha Shroff, DDS",Dentist,,,,,10320 Westlake Dr 109,20817,General Dentistry,Primary (general),3,1518166248,2007,Stale,NPPES NPI 1518166248,,,
B,Bethesda Dental Care LLC,Bethesda,MD,(301) 718-2929,Robert Herman,General Dentist Business Owner,,,,,4425 Montgomery Avenue,20814,General Dentistry,Primary (general),1,1356564967,2012,Stale,NPPES NPI 1356564967,,,
B,D And S Dental Associates,Bethesda,MD,(301) 657-3220,"George Dougherty, DDS",President,,,,,4833 Bethesda Avenue Suite 302,20814,General Dentistry,Primary (general),3,1689844409,2008,Stale,NPPES NPI 1689844409,,,
B,Dir/nidcr/nih/dhhs,Bethesda,MD,(301) 443-8010,"James Melvin, DDS, PHD",Clinical Director,,,,,"10 Center Dr Building 10, Room 1N117",20892,General Dentistry,Primary (general),1,1598050015,2011,Stale,NPPES NPI 1598050015,,,
B,Divine Smiles Dentistry,Bethesda,MD,(301) 613-3211,Rochelle Nunez,Member,,,,,8001 Wisconsin Ave Suite 103,20814,General Dentistry,Primary (general),1,1669760195,2011,Stale,NPPES NPI 1669760195,,,
B,E P Schlang DDS Maryland PC,Bethesda,MD,(877) 227-9892,Elliot Schlang,Owner,,,,,4938 Hampden Ln #404,20814,General Dentistry,Primary (general),2,1144545013,2010,Stale,NPPES NPI 1144545013,,,
B,"Jonathan A Morris Dds, PC",Bethesda,MD,(301) 299-4112,"Jonathan Morris, DDS",President/owner,,,,,8218 Wisconsin Ave Ste 404,20814,General Dentistry,Primary (general),1,1164843785,2013,Stale,NPPES NPI 1164843785,,,
B,Mazza Center For Implant And Esthetic Dentistry,Bethesda,MD,(301) 986-0025,David Mazza,President,,,,,4300 Montgomery Ave Ste 101,20814,General Dentistry,Primary (general),1,1831361831,2008,Stale,NPPES NPI 1831361831,,,
B,"Nayereh Ghamarian, D.D.S. P.C.",Bethesda,MD,(301) 365-3626,"Nayereh Ghamarian, D.D.S.",President,,,,,6017 Bradley Boulevard,20817,General Dentistry,Primary (general),1,1316199011,2008,Stale,NPPES NPI 1316199011,,,
B,Sheida Larijani DDS LLC,Bethesda,MD,(301) 654-2157,"Sheida Larijani, DDS",President,,,,,7978 Old Georgetown Rd 6C,20814,General Dentistry,Primary (general),1,1619269669,2011,Stale,NPPES NPI 1619269669,,,
B,"Stanley Mayer, DDS",Bethesda,MD,(301) 654-4848,"Stanley Mayer, DDS",Owner,,,,,4550 Montgomery Ave Suite 240N,20814,General Dentistry,Primary (general),1,1437479805,2010,Stale,NPPES NPI 1437479805,,,
B,"Sylvan S Mintz,dds",Bethesda,MD,(301) 530-8570,"Sylvan Mintz, DDS",Dentist/owner,,,,,10401 Old Georgetown Rd Suite 106,20814,General Dentistry,Primary (general),2,1861785750,2011,Stale,NPPES NPI 1861785750,,,
B,"Timothy J Dunn, D.d.s, P.A.",Bethesda,MD,(301) 530-4000,"Timothy Dunn, D.D.S., P.A.",President,,,,,10010 Old Georgetown Rd,20814,General Dentistry,Primary (general),1,1952310294,2008,Stale,NPPES NPI 1952310294,,,
B,"Www Smiles, LLC",Bethesda,MD,(301) 907-8201,"Treva Willis, D.D.S.",Dentist/member,,,,,8201 Wisconsin Ave,20814,General Dentistry,Primary (general),1,1295979847,2009,Stale,NPPES NPI 1295979847,,,
B,Bellamy Dental Care,Bowie,MD,(301) 383-1418,Deitra Bellamy,CEO,,,,,12164 Central Ave Suite 213,20721,General Dentistry,Primary (general),1,1710245709,2012,Stale,NPPES NPI 1710245709,,,
B,Bruce Auslander D.D.S. P.C.,Bowie,MD,(301) 262-2125,"Bruce Auslander, D.D.S.",Dentist,,,,,3327 Superior Ln Suite 208,20715,General Dentistry,Primary (general),1,1770773103,2007,Stale,NPPES NPI 1770773103,,,
B,E Vargas DDS & Associates LLC,Bowie,MD,(301) 464-4672,"Eduardo Vargas, DDS",Owner,,,,,17000 Science Dr Suite 206,20715,General Dentistry,Primary (general),2,1528484136,2014,Stale,NPPES NPI 1528484136,,,
B,Gary P Ludka D D S P A,Bowie,MD,(301) 464-8707,"Gary Ludka, DDS",Dentist,,,,,4373 Northview Dr,20716,General Dentistry,Primary (general),1,1083011910,2014,Stale,NPPES NPI 1083011910,,,
B,"Jean-Daniel Brutus D.d.s., LLC",Bowie,MD,(301) 262-1112,"Jean-Daniel Brutus, DDS",Owner/dentist,,,,,6000 Laurel Bowie Rd Suite 101,20715,General Dentistry,Primary (general),1,1962780916,2011,Stale,NPPES NPI 1962780916,,,
B,Stafford G Conley Jr DDS PC,Bowie,MD,(301) 218-2454,"Stafford Conley, DDS",Owner,,,,,1540 Pointer Ridge Pl Suite A,20716,General Dentistry,Primary (general),1,1801218524,2014,Stale,NPPES NPI 1801218524,,,
B,"Warner Dental Care, LLC",Bowie,MD,(301) 805-6589,"Gary Warner, D.D.S.",Owner,,,,,14300 Gallant Fox Ln Suite 111,20715,General Dentistry,Primary (general),1,1316379415,2013,Stale,NPPES NPI 1316379415,,,
B,"Dentaquest Mid-Atlantic, Inc.",Calverton,MD,(617) 886-1818,James Hawkins,Secretary,,,,,4061 Powder Mill Rd Suite 325,20705,General Dentistry,Primary (general),3,1326380205,2013,Stale,NPPES NPI 1326380205,,,
B,Bethesda Chevy Chase Dental Care,Chevy Chase,MD,(301) 986-8777,Ben Manesh,Owner / Operator,,,,,6831 Wisconsin Ave P101,20815,General Dentistry,Primary (general),1,1992138697,2013,Stale,NPPES NPI 1992138697,,,
B,"Dr Eric K Morrison, LLC",Chevy Chase,MD,(202) 537-7052,"Eric Morrison, D.D.S., M.A.G.D.",President/owner,,,,,5454 Wisconsin Ave Suite 835,20815,General Dentistry,Primary (general),1,1811293913,2011,Stale,NPPES NPI 1811293913,,,
B,Karlene M Wright DDS LLC,Columbia,MD,(410) 730-6121,Karlene Wright,Owner,,,,,10025 Governor Warfield Pkwy Ste 217,21044,General Dentistry,Primary (general),1,1518247998,2011,Stale,NPPES NPI 1518247998,,,
B,"Nguyenanh Chu, D.d.s., P.C.",Columbia,MD,(410) 290-6974,"Nguyenanh Chu, D.D.S.",President,,,,,6955 Oakland Mills Rd Suite O,21045,General Dentistry,Primary (general),1,1750554457,2008,Stale,NPPES NPI 1750554457,,,
B,Nyathi Dental Health LLC,Columbia,MD,(410) 599-5214,"Simbarashe Parirenyatwa, DDS",Dentist,,,,,8775 Cloudleap Ct Suite 236,21045,General Dentistry,Primary (general),1,1073899332,2011,Stale,NPPES NPI 1073899332,,,
B,"Oates & Oates, P.A.",Columbia,MD,(410) 730-0011,"Stephen Oates, D.D.S.",President,,,,,9194 Red Branch Rd Suite A,21045,General Dentistry,Primary (general),2,1962634576,2009,Stale,NPPES NPI 1962634576,,,
B,Shadi Ghozati D.D.S. PA,Columbia,MD,(410) 872-0104,"Shadi Ghozati, D.D.S",Dentis/ Owner,,,,,7226 Lee Deforest Dr #208,21046,General Dentistry,Primary (general),1,1508091687,2009,Stale,NPPES NPI 1508091687,,,
B,"Xuewei Li, D.D.S. And Associates LLC",Columbia,MD,(646) 662-1417,Xuewei Li,D.D.S.,,,,,9256 Bendix Rd Suite 303,21045,General Dentistry,Primary (general),1,1760824379,2013,Stale,NPPES NPI 1760824379,,,
B,Healthy Dental LLC,District Heights,MD,(301) 202-2222,"Madhu Venkata Nadimpalli, DDS, MPA",General Dentist / Member,,,,,5570 Silver Hill Rd Penn Station Shopping Centre,20747,General Dentistry,Primary (general),1,1184027021,2014,Stale,NPPES NPI 1184027021,,,
B,Liberty Smiles,Ellicott,MD,(301) 257-3220,"Brittany Vo, DDS",Principal,,,,,10318-A Baltimore National Pike,21042,General Dentistry,Primary (general),1,1922373133,2012,Stale,NPPES NPI 1922373133,,,
B,Ajmal Dental Care,Ellicott City,MD,(410) 480-3700,"Nighat Ajmal, DDS",Principal,,,,,10306B Baltimore National Pike,21042,General Dentistry,Primary (general),1,1558335950,2008,Stale,NPPES NPI 1558335950,,,
B,"Chetna K Desai, D.d.s, P.C.",Ellicott City,MD,(410) 480-9111,"Chetna Desai, D.D.S",President,,,,,3290 N Ridge Road Suite #180,21043,General Dentistry,Primary (general),2,1154415073,2008,Stale,NPPES NPI 1154415073,,,
B,"Damian D Blum D.m.d., P.A.",Ellicott City,MD,(410) 313-9163,Damian Blum,Doctor,,,,,10132 Baltimore National Pike Ste C,21042,General Dentistry,Primary (general),1,1639431760,2014,Stale,NPPES NPI 1639431760,,,
B,"Hak J Seok, Dds, PC",Ellicott City,MD,(410) 720-2261,Hak Seok,Owner,,,,,9171 Baltimore National Pike Suite 125,21042,General Dentistry,Primary (general),1,1174867196,2012,Stale,NPPES NPI 1174867196,,,
B,"Hj Kim Dds, PA",Ellicott City,MD,(410) 740-1484,Heejung Kim,Owner,,,,,9501 Old Annapolis Rd Ste 200 A,21042,General Dentistry,Primary (general),1,1467783092,2010,Stale,NPPES NPI 1467783092,,,
B,Julian Center For Comprehensive Dentistry,Ellicott City,MD,(410) 964-3118,"Eugene Sambataro, DDS",Director,,,,,5012 Dorsey Hall Dr Ste 205,21042,General Dentistry,Primary (general),1,1114015468,2014,Stale,NPPES NPI 1114015468,,,
B,"Pak Dental Associates, PC",Ellicott City,MD,(410) 461-1166,"Frances Pak, D.M.D.",President,,,,,10326 Baltimore National Pike Suite A,21042,General Dentistry,Primary (general),1,1629127386,2008,Stale,NPPES NPI 1629127386,,,
B,"Sarlak, Honar & Associates, LLC",Ellicott City,MD,(410) 750-1022,"Amir Sarlak, DDS",Owner,,,,,10040 Baltimore National Pike Suite E110,21042,General Dentistry,Primary (general),1,1407153240,2011,Stale,NPPES NPI 1407153240,,,
B,Babak Ganjavian DDS PC,Frederick,MD,(301) 695-1234,"Babak Ganjavian, DDS",President,,,,,100 Tuscanny Dr Unit C,21702,General Dentistry,Primary (general),1,1659664845,2011,Stale,NPPES NPI 1659664845,,,
B,"Brett Weedon, Dds, P.A.",Frederick,MD,(301) 620-1117,"Brett Weedon, D.D.S.",Owner/president,,,,,198 Thomas Johnson Drive Suite 203,21702,General Dentistry,Primary (general),2,1174960215,2013,Stale,NPPES NPI 1174960215,,,
B,Byrd Dental Health Center,Frederick,MD,(240) 379-1550,"Byron Byrd, DDS",Dentist,,,,,7115 Guilford Dr Ste 101,21704,General Dentistry,Primary (general),1,1912272295,2012,Stale,NPPES NPI 1912272295,,,
B,Dental Enhancement Center LLC,Frederick,MD,(301) 662-6303,"Amaris Little Rajaski, D.D.S.",Member,,,,,198 Thomas Johnson Dr Suite 201,21702,General Dentistry,Primary (general),1,1568501666,2008,Stale,NPPES NPI 1568501666,,,
B,Dental One Associates Frederick Crossing LLC,Frederick,MD,(301) 662-2160,Mike Cole,Vp Insurance Plan Management,,,,,5960 Frederick Crossing Ln,21704,General Dentistry,Primary (general),2,1093137242,2014,Stale,NPPES NPI 1093137242,,,
B,Dental One Associates Frederick PC,Frederick,MD,(301) 696-8664,Mike Cole,Insurance Director,,,,,45 Thomas Johnson Dr Suite 105,21702,General Dentistry,Primary (general),1,1568587772,2010,Stale,NPPES NPI 1568587772,,,
B,"Dr Edward S Andochick, PA",Frederick,MD,(301) 663-3919,"Edward Andochick, DDS",President,,,,,516 Trail Ave Suite B,21701,General Dentistry,Primary (general),2,1447433818,2007,Stale,NPPES NPI 1447433818,,,
B,"Dr Riku Mukherjee, D.d.s., P.A.",Frederick,MD,(301) 644-8006,"Riku Mukherjee, D.D.S.",Owner,,,,,198 Thomas Johnson Dr Suite 18,21702,General Dentistry,Primary (general),1,1063786044,2012,Stale,NPPES NPI 1063786044,,,
B,Frederick Community Dental LLC,Frederick,MD,(443) 928-9708,Dinesh Boppana,Member,,,,,1100 W Patrick St Suite N,21703,General Dentistry,Primary (general),1,1992110167,2014,Stale,NPPES NPI 1992110167,,,
B,Frederick Dental,Frederick,MD,(301) 662-7766,"Adam Frieder, DDS",Owner,,,,,401 W 7TH Street Frederick Dental,21701,General Dentistry,Primary (general),1,1851797732,2014,Stale,NPPES NPI 1851797732,,,
B,Gregory W Weakley DDS PA,Frederick,MD,(301) 662-9133,Gregory Weakley,Owner,,,,,84 Thomas Johnson Ct Suite A,21702,General Dentistry,Primary (general),1,1902052582,2008,Stale,NPPES NPI 1902052582,,,
B,Opal Ridgedental LLC,Frederick,MD,(301) 788-8224,"Renju Thackenkary, DDS",Owner,,,,,1700 Kingfisher Dr Suite 11,21701,General Dentistry,Primary (general),1,1326442286,2014,Stale,NPPES NPI 1326442286,,,
B,"Rafael Acosta, Dds, PC",Frederick,MD,(240) 215-1138,"Rafael Acosta, DDS",Sole Proprietor,,,,,110 Baughmans Ln Suite 140,21702,General Dentistry,Primary (general),1,1962783910,2011,Stale,NPPES NPI 1962783910,,,
B,"Suzanne G Boyle, D.m.d., L.L.C.",Frederick,MD,(301) 696-0111,"Suzanne Boyle, D.M.D.",Member,,,,,182 Thomas Johnson Dr Suite 205,21702,General Dentistry,Primary (general),1,1467635573,2007,Stale,NPPES NPI 1467635573,,,
B,William J Hall DDS PA,Frederick,MD,(301) 662-6247,"William Hall, DDS",President,,,,,1090 West Patrick St Suite B,21703,General Dentistry,Primary (general),1,1356516561,2008,Stale,NPPES NPI 1356516561,,,
B,Advance Family & Cosmetic Dentistry,Gaithersburg,MD,(301) 527-7710,Karla Cabral,Office Manager,,,,,104 North Summit Avenue,20877,General Dentistry,Primary (general),1,1043546039,2009,Stale,NPPES NPI 1043546039,,,
B,"Gregg Satoru Taira, Dds, PA",Gaithersburg,MD,(301) 963-9690,"Gregg Taira, D.D.S.",President,,,,,2 Professional Dr Suite 245,20879,General Dentistry,Primary (general),1,1699977231,2012,Stale,NPPES NPI 1699977231,,,
B,"Habibi & Mirdamadi D.d.s, PA",Gaithersburg,MD,(301) 963-0665,"Behzad Mirdamadi, D.D.S.",Owner,,,,,"18218 Flower Hill Way Dental Suite Habibi And Mirdamadi, D.d.s., P.A.",20879,General Dentistry,Primary (general),2,1326294505,2008,Stale,NPPES NPI 1326294505,,,
B,"Jun Tae Bae, Dds, LLC",Gaithersburg,MD,(301) 527-8664,"Jun Bae, DDS",General Dentist,,,,,501 N Frederick Ave Suite #109,20877,General Dentistry,Primary (general),1,1780812800,2009,Stale,NPPES NPI 1780812800,,,
B,Kentlands Family Dentistry,Gaithersburg,MD,(301) 347-5300,Pamela Cornejo,Owner,,,,,11908 Darnestown Road E,20878,General Dentistry,Primary (general),1,1255504148,2008,Stale,NPPES NPI 1255504148,,,
B,"Lev Tomashevsky Dds, LLC",Gaithersburg,MD,(301) 948-0058,Anto Tatarian,Business Manager,,,,,220 Main St,20878,General Dentistry,Primary (general),1,1710121645,2012,Stale,NPPES NPI 1710121645,,,
B,Main Street Family Dentistry,Gaithersburg,MD,(301) 519-3100,"Roya Moazzez, D.M.D.",Dentist,,,,,371 Main St,20878,General Dentistry,Primary (general),1,1184891905,2008,Stale,NPPES NPI 1184891905,,,
B,Montgomery Village Dental Ctr,Gaithersburg,MD,(301) 548-8888,"Bahram Naselri, DMD",Dentist,,,,,18544 Office Park Drive,20886,General Dentistry,Primary (general),1,1558487413,2008,Stale,NPPES NPI 1558487413,,,
B,Rnd Dental,Gaithersburg,MD,(301) 926-1407,"Regina Stryapko, DDS",Dentist,,,,,481 N Frederick Ave #104,20877,General Dentistry,Primary (general),1,1811100167,2008,Stale,NPPES NPI 1811100167,,,
B,Royal Care Dentistry,Gaithersburg,MD,(301) 258-7477,"Payam Pourahmad-Haghighi, DDS",Owner,,,,,12116 Darnestown Rd Ste L1,20878,General Dentistry,Primary (general),1,1659708154,2013,Stale,NPPES NPI 1659708154,,,
B,Suburban Dental Associates,Gaithersburg,MD,(301) 947-3131,"Imtiaz Noor, D.D.S.",President,,,,,106 South Frederick Avenue,20877,General Dentistry,Primary (general),1,1699930412,2008,Stale,NPPES NPI 1699930412,,,
B,Sun Dental Associates PA,Gaithersburg,MD,(301) 921-6338,"Richard Sun, DDS",Doctor Of Dental Surgery President,,,,,9087 Shady Grove Court,20877,General Dentistry,Primary (general),2,1225109754,2013,Stale,NPPES NPI 1225109754,,,
B,"Aniya,adachi Dental Associates, P.A.",Germantown,MD,(301) 515-9600,"Harold Aniya, DDS",President,,,,,20500 Seneca Meadows Pkwy Suite 2200,20876,General Dentistry,Primary (general),1,1598947749,2011,Stale,NPPES NPI 1598947749,,,
B,Ben Manesh DDS Vi PC,Germantown,MD,(301) 972-4400,"Ben Manesh, DDS",Owner,,,,,20528 Boland Farm Rd Suite 212,20876,General Dentistry,Primary (general),2,1497153936,2014,Stale,NPPES NPI 1497153936,,,
B,Germantown Dental Group,Germantown,MD,(301) 540-3100,Cindy Moore-Crase,Office Manager,,,,,18014 Mateny Rd,20874,General Dentistry,Primary (general),1,1487989133,2009,Stale,NPPES NPI 1487989133,,,
B,"Laleh Sarfaraz, D.d.s., P.C.",Germantown,MD,(301) 353-8890,"Laleh Sarfaraz, D.D.S.",Owner/dentist,,,,,12800 Middlebrook Rd Suite 104,20874,General Dentistry,Primary (general),1,1437321940,2008,Stale,NPPES NPI 1437321940,,,
B,"P Golestani Dds, LLC",Germantown,MD,(301) 972-1600,"Parastoo Golestani, DDS",Owner,,,,,20010 Century Blvd Suite 100,20874,General Dentistry,Primary (general),1,1346307261,2009,Stale,NPPES NPI 1346307261,,,
B,"Acadia Dental Management, LLC",Hagerstown,MD,(301) 797-2538,"Rollin Prasad, D.M.D.",Owner,,,,,18077 Garland Groh Blvd,21740,General Dentistry,Primary (general),2,1558598896,2009,Stale,NPPES NPI 1558598896,,,
B,Byrd Dental Health Center,Hagerstown,MD,(301) 582-3010,Mary Bowen,Office Manager,,,,,11045 Lincoln Ave,21740,General Dentistry,Primary (general),2,1659770303,2014,Stale,NPPES NPI 1659770303,,,
B,Dental Design Studio Inc,Hagerstown,MD,(301) 797-9119,"Richard Prather, DDS",Doctor Dentist President Of Corpora,,,,,222 E Oak Ridge Dr Ste 700,21740,General Dentistry,Primary (general),1,1629038294,2009,Stale,NPPES NPI 1629038294,,,
B,Hagertown Dental Center,Hagerstown,MD,(301) 733-2861,"Vic Choudry, DDS",Dentist,,,,,301 E Antietam St,21740,General Dentistry,Primary (general),1,1538398797,2009,Stale,NPPES NPI 1538398797,,,
B,"Md-Sg Dental, LLC",Hagerstown,MD,(866) 273-8204,"Shekhar Gupta, DDS",Owner Dentist,,,,,1730 Massey Blvd Ste 106,21740,General Dentistry,Primary (general),2,1285075358,2014,Stale,NPPES NPI 1285075358,,,
B,Potomac Dental Centre P.A.,Hagerstown,MD,(301) 790-2007,"Everett Eklund, DDS",Owner,,,,,4 Cypress St,21742,General Dentistry,Primary (general),1,1457584005,2009,Stale,NPPES NPI 1457584005,,,
B,Smile Design Centre,Hagerstown,MD,(301) 739-5551,"Paul McAllister, DDS",Dentist,,,,,11151 Robinwood Dr,21742,General Dentistry,Primary (general),1,1093953887,2009,Stale,NPPES NPI 1093953887,,,
B,Trumer J Wagner DDS PA,Hagerstown,MD,(301) 739-1017,Trumer Wagner,President,,,,,322 N Potomac St,21740,General Dentistry,Primary (general),1,1568620284,2008,Stale,NPPES NPI 1568620284,,,
B,"Jun Tae Bae, Dds, PA",Laurel,MD,(301) 490-8200,"Jun Bae, DDS",Doctor,,,,,13974 Baltimore Ave,20707,General Dentistry,Primary (general),1,1588954366,2011,Stale,NPPES NPI 1588954366,,,
B,"Stephen E Kleiman, Dds, LLC",Laurel,MD,(301) 725-0131,"Stephen Kleiman, DDS",Owner,,,,,7350 Van Dusen Rd Suite 440,20707,General Dentistry,Primary (general),2,1487912861,2012,Stale,NPPES NPI 1487912861,,,
B,"Trung Quoc Lam, Dds, PC",Laurel,MD,(301) 498-7733,"Trung Lam, DDS",Dentist,,,,,14333 Laurel Bowie Rd Suite 200,20708,General Dentistry,Primary (general),1,1073957536,2013,Stale,NPPES NPI 1073957536,,,
B,"Premier Dental Partners, LLC",Nottingham,MD,(410) 248-0025,"Bob Mathews, D.D.S.",General Dentist,,,,,8615 Ridgelys Choice Dr Suite 209,21236,General Dentistry,Primary (general),1,1699960724,2008,Stale,NPPES NPI 1699960724,,,
B,Andrew I Pupkin DDS PA,Owings Mills,MD,(410) 581-1411,"Andrew Pupkin, DDS",Owner,,,,,21 Crossroads Dr Suite 350,21117,General Dentistry,Primary (general),1,1003960998,2013,Stale,NPPES NPI 1003960998,,,
B,Cosmetic Smile And Denture Technology Consultants LLC,Owings Mills,MD,(410) 433-9656,"Roslyn Robinson-Kellum, DDS",Owner,,,,,9199 Reisterstown Road Suite 203A,21117,General Dentistry,Primary (general),1,1396903704,2008,Stale,NPPES NPI 1396903704,,,
B,"Cynthia Miller, DDS",Owings Mills,MD,(410) 363-2269,Cynthia Miller,Owner,,,,,6 Park Center Ct Suite 107,21117,General Dentistry,Primary (general),1,1841510351,2010,Stale,NPPES NPI 1841510351,,,
B,"Dolfield Dental, LLC",Owings Mills,MD,(410) 902-4110,"Robert Horner, D.D.S.",Dentist/owner,,,,,11155 Dolfield Blvd Ste 204,21117,General Dentistry,Primary (general),2,1487061586,2014,Stale,NPPES NPI 1487061586,,,
B,"Dr Edward S Lazer, D.d.s., P.C.",Owings Mills,MD,(410) 356-7799,"Edward Lazer, D.D.S.",Owner,,,,,5 Park Center Ct Suite 302,21117,General Dentistry,Primary (general),1,1669604245,2009,Stale,NPPES NPI 1669604245,,,
B,Joanne Block Rief,Owings Mills,MD,(410) 363-2121,Joanne Rief,Doctor,,,,,10 Crossroads Dr Ste 203,21117,General Dentistry,Primary (general),1,1932503620,2014,Stale,NPPES NPI 1932503620,,,
B,Jonathan E Silverman DDS PC,Owings Mills,MD,(410) 356-8400,"Jonathan Silverman, DDS",Dentist,,,,,23 Crossroads Dr Ste 420,21117,General Dentistry,Primary (general),1,1336229574,2012,Stale,NPPES NPI 1336229574,,,
B,"Smiledmd Of Maryland, LLC",Owings Mills,MD,(410) 363-7374,"Yoonchul Roh, D.M.D",Owner,,,,,90 Painters Mill Rd Suite 130,21117,General Dentistry,Primary (general),1,1154690501,2011,Stale,NPPES NPI 1154690501,,,
B,Afolabi Martins DDS P.C.,Rockville,MD,(301) 770-2800,"Afolabi Martins, DDS",Dentist,,,,,11300 Rockville Pike Ste 711,20852,General Dentistry,Primary (general),1,1285806752,2008,Stale,NPPES NPI 1285806752,,,
B,Ali Sarkarzadeh DDS PC,Rockville,MD,(301) 770-5400,"Ali Sarkarzadeh, DDS",Owner,,,,,1750 Rockville Pike Suite 10,20852,General Dentistry,Primary (general),2,1629204862,2009,Stale,NPPES NPI 1629204862,,,
B,"Andrew J Sorkin D.m.d., LLC",Rockville,MD,(301) 309-0707,"Andrew Sorkin, D.M.D.",Owner,,,,,1901 Research Blvd #200,20850,General Dentistry,Primary (general),2,1689903205,2009,Stale,NPPES NPI 1689903205,,,
B,Boston Dental Group,Rockville,MD,(301) 770-7710,Jacqueline You,President,,,,,4701 Randolph Rd Ste 115,20852,General Dentistry,Primary (general),1,1265733059,2010,Stale,NPPES NPI 1265733059,,,
B,"Care Soft Dental, LLC",Rockville,MD,(301) 869-7733,"Shoba Daney, DMD",President,,,,,15204 Omega Dr Suite 140,20850,General Dentistry,Primary (general),2,1851606404,2010,Stale,NPPES NPI 1851606404,,,
B,"David A Pinsky Dds, PA",Rockville,MD,(240) 683-8111,"David Pinsky, D.D.S.",Dentist,,,,,801 Pleasant Dr Suite 160,20850,General Dentistry,Primary (general),2,1649613480,2013,Stale,NPPES NPI 1649613480,,,
B,District Mobile Dental LLC,Rockville,MD,(240) 552-9077,"Gerry Dubin, D.M.D.",Dentist/owner,,,,,37 Maryland Ave 235,20850,General Dentistry,Primary (general),1,1487998134,2012,Stale,NPPES NPI 1487998134,,,
B,"Eftekhar A Hassani,dds,pa",Rockville,MD,(301) 230-2216,"Eftekhar Hassani, DDS",Owner,,,,,4701 Randolph Rd Ste 205,20852,General Dentistry,Primary (general),1,1568891141,2013,Stale,NPPES NPI 1568891141,,,
B,"Forghani, Dds, PA",Rockville,MD,(240) 292-4740,"Ali Forghani, DDS",Dentist,,,,,130 Rollins Ave Suite H2,20852,General Dentistry,Primary (general),1,1922419159,2014,Stale,NPPES NPI 1922419159,,,
B,"Frances L Watson D.d.s., P.c",Rockville,MD,(301) 963-0800,"Frances Watson, D.D.S.",Owner,,,,,15215 Shady Grove Rd,20850,General Dentistry,Primary (general),1,1740606094,2014,Stale,NPPES NPI 1740606094,,,
B,Hossein Mahboubi DDS PC,Rockville,MD,(301) 871-8700,"Hossein Mahboubi, MD",Dentist,,,,,4307 Bel Pre Road,20853,General Dentistry,Primary (general),1,1245497189,2008,Stale,NPPES NPI 1245497189,,,
B,Key West Crossing Dental Associates,Rockville,MD,(301) 738-2111,"Joel Schwartz, DDS",Owner/president,,,,,15020 Shady Grove Rd Suite 325,20850,General Dentistry,Primary (general),2,1396058434,2010,Stale,NPPES NPI 1396058434,,,
B,"Maryam Honarkar D.d.s., P.A.",Rockville,MD,(301) 762-4705,Thomas Begines,Office Manager,,,,,216 W Montgomery Ave,20850,General Dentistry,Primary (general),1,1912297995,2011,Stale,NPPES NPI 1912297995,,,
B,"Nancy Nga Barlow, DDS",Rockville,MD,(301) 258-8822,"Nancy Barlow, DDS",Dentist/owner,,,,,7501 Epsilon Dr,20855,General Dentistry,Primary (general),1,1164602850,2009,Stale,NPPES NPI 1164602850,,,
B,North Bethesda Dental Care,Rockville,MD,(301) 770-9007,"Nasser Nazemzadeh, D.D.S., PH.D.",Owner,,,,,11125 Rockville Pike G2,20852,General Dentistry,Primary (general),1,1346543949,2010,Stale,NPPES NPI 1346543949,,,
B,"Potomac Dental Clinic, Inc.",Rockville,MD,(301) 984-4040,"Parvaneh Sajjadi, D.D.S.",President,,,,,5862 Hubbard Dr,20852,General Dentistry,Primary (general),2,1093136160,2013,Stale,NPPES NPI 1093136160,,,
B,"Samuel K Huang, DDS",Rockville,MD,(301) 468-9001,"Samuel Huang, D.D.S.",Owner,,,,,6211 Executive Blvd,20852,General Dentistry,Primary (general),1,1962780312,2011,Stale,NPPES NPI 1962780312,,,
B,Tamara Levit DDS PC,Rockville,MD,(301) 770-7878,Tamara Levit,President,,,,,6343 Executive Blvd,20852,General Dentistry,Primary (general),1,1952699407,2011,Stale,NPPES NPI 1952699407,,,
B,Yekaterina Mamchur DDS PA,Rockville,MD,(301) 762-3460,"Yekaterina Mamchur, DDS",President,,,,,51 Monroe Place Suite 607,20850,General Dentistry,Primary (general),1,1336338227,2007,Stale,NPPES NPI 1336338227,,,
B,Emergdent LLC,Salisbury,MD,(443) 736-4513,"Jean-Daniel Brutus, DDS",Dentist/owner,,,,,2505 N Salisbury Blvd Unit 2,21801,General Dentistry,Primary (general),1,1457778037,2014,Stale,NPPES NPI 1457778037,,,
B,"Facelift Reconstructive And Implant Dentistry, Aronda Jones Dds, P.C.",Salisbury,MD,(410) 543-2320,"Aronda Jones, D.D.S.",Owner,,,,,1300 S Division St,21804,General Dentistry,Primary (general),1,1659615763,2012,Stale,NPPES NPI 1659615763,,,
B,"Lisa D Patrick, Dds, P.C.",Salisbury,MD,(410) 219-5858,"Lisa Patrick, DDS",Owner,,,,,601 E Naylor Mill Rd Suite E,21804,General Dentistry,Primary (general),1,1437456811,2011,Stale,NPPES NPI 1437456811,,,
B,Merritt Mill Dental Associates,Salisbury,MD,(410) 219-3366,"Upinder Singh, D.D.S",Owener,,,,,3019 Merritt Mill Rd,21804,General Dentistry,Primary (general),1,1134426166,2011,Stale,NPPES NPI 1134426166,,,
B,Peninsula Dental Center PC,Salisbury,MD,(410) 546-6105,Shannon Murphy,Office Administrator,,,,,1101 Healthway Drive,21804,General Dentistry,Primary (general),1,1427135243,2014,Stale,NPPES NPI 1427135243,,,
B,R Joseph Gore DDS PA,Salisbury,MD,(410) 749-5115,"Robert Gore, DDS PA",President,,,,,1412 South Salisbury Boulevard Suite #4,21801,General Dentistry,Primary (general),1,1760667539,2007,Stale,NPPES NPI 1760667539,,,
B,Arnold & Handelman DDS PC,Silver Spring,MD,(301) 593-7500,"Brian Handelman, DDS",Dentist,,,,,10313 Georgia Avenue Suite 103,20902,General Dentistry,Primary (general),1,1144425737,2009,Stale,NPPES NPI 1144425737,,,
B,"Crystal Ellis Dds, LLC",Silver Spring,MD,(240) 565-8159,"Crystal Ellis, DDS",Managing Owner,,,,,8455 Colesville Rd Suite 102,20910,General Dentistry,Primary (general),1,1700144136,2012,Stale,NPPES NPI 1700144136,,,
B,Denise Taylor-Shaw DDS PA,Silver Spring,MD,(301) 589-8110,"Denise Taylor-Shaw, DDS",Dentist,,,,,8630 Fenton St Suite 210,20910,General Dentistry,Primary (general),1,1518176254,2008,Stale,NPPES NPI 1518176254,,,
B,"Dental Center Of Aspen Hill, LLC",Silver Spring,MD,(301) 871-6660,"Cyrus Allafi, DDS",President,,,,,13957 Connecticut Avenue Suite 302,20906,General Dentistry,Primary (general),2,1922431428,2013,Stale,NPPES NPI 1922431428,,,
B,Dental Galleria Of Beautiful Smiles PC,Silver Spring,MD,(301) 588-3083,"Johnette Brock, DDS",President,,,,,8737 Colesville Rd Suite LL105,20910,General Dentistry,Primary (general),1,1063685345,2008,Stale,NPPES NPI 1063685345,,,
B,"Downs Dental Care, P.C.",Silver Spring,MD,(301) 593-4800,"Annitrece Downs, D.D.S.",Owner/ceo,,,,,344 University Blvd W Suite 327,20901,General Dentistry,Primary (general),1,1750574174,2007,Stale,NPPES NPI 1750574174,,,
B,"Dr Hanenbaum&pina,p.a.",Silver Spring,MD,(301) 439-1030,"Allen Hanenbaum, DDS",Partner,,,,,10401 New Hampshire Ave,20903,General Dentistry,Primary (general),1,1154428852,2008,Stale,NPPES NPI 1154428852,,,
B,Dr Isaac Adedara,Silver Spring,MD,(301) 588-6060,"Isaac Adedara, D.D.S.",General Dentist,,,,,8605 Cameron St Suite 208,20910,General Dentistry,Primary (general),1,1700018702,2009,Stale,NPPES NPI 1700018702,,,
B,Dr Pablo A Figueredo & Assoc PC,Silver Spring,MD,(301) 588-9548,Pablo Figueredo,DDS,,,,,8722 Flower Ave Ste 7,20901,General Dentistry,Primary (general),1,1700935194,2008,Stale,NPPES NPI 1700935194,,,
B,Dr Stanley'S Cosmetic & Family Dentistry,Silver Spring,MD,(240) 450-4054,"Mabel Stanley, DMD",President,,,,,9342 Columbia Blvd,20910,General Dentistry,Primary (general),1,1568795995,2011,Stale,NPPES NPI 1568795995,,,
B,Faith A Cousins DDS PC,Silver Spring,MD,(301) 589-2714,"Faith Cousins, DDS",Dentist,,,,,8610 Georgia Ave,20910,General Dentistry,Primary (general),1,1841362365,2014,Stale,NPPES NPI 1841362365,,,
B,"Hyman J Grosberg, D.d.s., P.C.",Silver Spring,MD,(301) 384-8788,"Hyman Grosberg, D.D.S.",Pres.,,,,,13034 Old Columbia Pike,20904,General Dentistry,Primary (general),1,1013082437,2013,Stale,NPPES NPI 1013082437,,,
B,Hysong & Lepore PA,Silver Spring,MD,(301) 384-6000,"Ralph Hysong, DMD",President,,,,,724 Cloverly St,20905,General Dentistry,Primary (general),1,1639224181,2008,Stale,NPPES NPI 1639224181,,,
B,"Kingsley Achikeh Dds, PA",Silver Spring,MD,(301) 585-1515,"Kingsley Achikeh, DDS",President,,,,,8780 Georgia Ave,20910,General Dentistry,Primary (general),1,1629358460,2011,Stale,NPPES NPI 1629358460,,,
B,Lockwood Family Dental Office P.C.,Silver Spring,MD,(301) 754-3703,"Pablo Figueredo, D.D.S",Dentist/owner,,,,,10801 Lockwood Dr Ste 340,20901,General Dentistry,Primary (general),1,1902128002,2010,Stale,NPPES NPI 1902128002,,,
B,Mantoni Mobile Dentistry,Silver Spring,MD,(301) 587-7406,"Robert Mantoni, DDS",President/owner,,,,,8757 Georgia Ave Suite 530,20910,General Dentistry,Primary (general),1,1346658317,2014,Stale,NPPES NPI 1346658317,,,
B,Maryland Dental Specialty Group,Silver Spring,MD,(301) 598-3951,"Soorita Goorah, DDS",Dentist,,,,,13975 Connecticut Ave Suite # 208,20906,General Dentistry,Primary (general),1,1003167727,2012,Stale,NPPES NPI 1003167727,,,
B,"Murray D Sykes, Dds, PA",Silver Spring,MD,(301) 681-5080,"Murray Sykes, DDS",Dentist-President,,,,,9801 - Georgia Avenue 334,20902,General Dentistry,Primary (general),1,1609115856,2013,Stale,NPPES NPI 1609115856,,,
B,"P A Winkelman, PC",Silver Spring,MD,(301) 434-1300,"Peter Winkelman, DDS",President,,,,,8716 Piney Branch Rd,20901,General Dentistry,Primary (general),1,1427197862,2008,Stale,NPPES NPI 1427197862,,,
B,"Richard F Cheng, DDS LLC",Silver Spring,MD,(301) 933-0260,"Richard Cheng, D.D.S.",Owner,,,,,12004 Veirs Mill Rd,20906,General Dentistry,Primary (general),1,1780705343,2009,Stale,NPPES NPI 1780705343,,,
B,"Shazaad Ally Dds, & Associates LLC",Silver Spring,MD,(301) 560-6020,"Shazaad Ally, DDS",Owner,,,,,8501 Colesville Rd Suite 200,20910,General Dentistry,Primary (general),1,1518257245,2011,Stale,NPPES NPI 1518257245,,,
B,Siar S Karmand,Silver Spring,MD,(301) 754-1100,"Siar Karmand, DDS",Dentist,,,,,10301 Georgia Ave Suite 208,20902,General Dentistry,Primary (general),1,1417245309,2011,Stale,NPPES NPI 1417245309,,,
B,Silver Spring Dental Clinic LLC,Silver Spring,MD,(301) 593-6505,"Shin Kim, D.M.D",Dentist,,,,,11120 New Hampshire Ave #301,20904,General Dentistry,Primary (general),1,1578898680,2012,Stale,NPPES NPI 1578898680,,,
B,"Stephen Park, D.D.S.",Silver Spring,MD,(301) 587-2800,"Stephen Park, D.D.S.",Dentist,,,,,8630 Fenton St #928,20910,General Dentistry,Primary (general),1,1902879430,2011,Stale,NPPES NPI 1902879430,,,
B,"Steven H Keller, D.D.S. & Associates, P.A.",Silver Spring,MD,(301) 439-7878,"Steven Keller, DDS",President,,,,,1734 Elton Rd Ste 231,20903,General Dentistry,Primary (general),2,1679600910,2012,Stale,NPPES NPI 1679600910,,,
B,Tlc Modern Dentistry,Silver Spring,MD,(301) 933-1401,"Quang Tran, D.D.S",Owner/dentist,,,,,13623 Georgia Ave H-I,20906,General Dentistry,Primary (general),2,1578837787,2012,Stale,NPPES NPI 1578837787,,,
B,Toussaint Crawford DDS LLC,Silver Spring,MD,(240) 839-5100,"Kyiah Gill, MPH",Office Manager,,,,,8630 Fenton St 708,20910,General Dentistry,Primary (general),1,1972949535,2013,Stale,NPPES NPI 1972949535,,,
B,David William Deveas DDS,Towson,MD,(410) 825-8708,"David Deveas, DDS",Owner Dentist,,,,,406 Allegheny Ave,21204,General Dentistry,Primary (general),1,1356407225,2012,Stale,NPPES NPI 1356407225,,,
B,Dental One Associates Kenilworth LLC,Towson,MD,(410) 821-1551,Mike Cole,Vp Insurance Plan Management,,,,,658 Kenilworth Dr 210,21204,General Dentistry,Primary (general),1,1700208956,2014,Stale,NPPES NPI 1700208956,,,
B,Dr Rubeena Hosain DMD PA,Towson,MD,(410) 321-5960,Rubeena Hosain,President,,,,,1200 E Joppa Rd Suite A,21286,General Dentistry,Primary (general),1,1275750754,2008,Stale,NPPES NPI 1275750754,,,
B,"Duane A Anglin And Kimani Bethea-Anglin, D.d.s., P.A.",Towson,MD,(410) 337-7004,"Duane Anglin, DDS",Dentist/owner,,,,,7401 Osler Dr Suite 202,21204,General Dentistry,Primary (general),1,1306990411,2014,Stale,NPPES NPI 1306990411,,,
B,"Friedman Dds, LLC Dba Towson Smile Care",Towson,MD,(410) 583-2299,"Herbert Friedman, DDS",Owner/dentist,,,,,8501 Lasalle Rd Suite 306,21286,General Dentistry,Primary (general),1,1023347549,2009,Stale,NPPES NPI 1023347549,,,
B,Gilbart Dental Care LLC,Towson,MD,(410) 828-6888,"Jonathan Gilbart, DDS",President,,,,,8320 Bellona Ave Ste 10,21204,General Dentistry,Primary (general),1,1770717241,2009,Stale,NPPES NPI 1770717241,,,
B,"Gloria McMenamin Dds,dmd,pa",Towson,MD,(410) 339-5858,"Gloria Anne McMenamin, DDS",President,,,,,7600 Osler Dr Suite 115,21204,General Dentistry,Primary (general),1,1871702738,2014,Stale,NPPES NPI 1871702738,,,
B,Main Street Children'S Dentistry And Orthodontics Of Towson LLC,Towson,MD,(410) 321-8144,Mike Cole,Vp Insurance Plan Management,,,,,120 Sister Pierre Dr 502,21204,General Dentistry,Primary (general),2,1699183780,2014,Stale,NPPES NPI 1699183780,,,
B,Mary Teddy Wray DDS Dba Towson Extreme Smiles,Towson,MD,(410) 296-7599,Mary Wray,Owner,,,,,8501 Lasalle Rd Suite 306,21286,General Dentistry,Primary (general),1,1932235306,2008,Stale,NPPES NPI 1932235306,,,
B,Mazikas&barclay,Towson,MD,(410) 823-1005,"Joseph Mazikas, DDS",President,,,,,660 Kenilworth Dr Ste 205,21204,General Dentistry,Primary (general),1,1003083833,2008,Stale,NPPES NPI 1003083833,,,
B,"Suresh Pattanashetti Dmd, PA",Towson,MD,(410) 296-5740,"Suresh Pattanashetti, D.M.D",President,,,,,8601 Lasalle Rd Suite 200,21286,General Dentistry,Primary (general),1,1922125855,2008,Stale,NPPES NPI 1922125855,,,
B,"Thomas Llewellyn, Dds, Assoc. PA",Towson,MD,(410) 821-0100,"Thomas Llewellyn, DDS",Dentist Owner,,,,,120 Sister Pierre Drive Suite 302,21204,General Dentistry,Primary (general),1,1679658959,2008,Stale,NPPES NPI 1679658959,,,
B,Towsontown Dental Associates,Towson,MD,(410) 583-7744,"Patricia Zeffert, D.D.S.",President,,,,,7801 York Rd Suite 218,21204,General Dentistry,Primary (general),1,1336360791,2008,Stale,NPPES NPI 1336360791,,,
B,Dental One Associates Waldorf LLC,Waldorf,MD,(301) 645-4434,Mike Cole,Vp Insurance Plan Management,,,,,3500 Old Washington Rd 301,20602,General Dentistry,Primary (general),1,1457797151,2013,Stale,NPPES NPI 1457797151,,,
B,Dr Alvani And Associates,Waldorf,MD,(301) 645-5182,"Abdul Alvani, DDS",President,,,,,152 A Post Office Road,20602,General Dentistry,Primary (general),2,1225136971,2012,Stale,NPPES NPI 1225136971,,,
B,"Felix J Aguto, Dds, PA",Waldorf,MD,(301) 645-6556,"Felix Aguto, D.D.S.",Owner,,,,,3460 Old Washington Rd Suite #200,20602,General Dentistry,Primary (general),1,1093947525,2009,Stale,NPPES NPI 1093947525,,,
B,Gurpreet Singh Sethi DDS LLC,Waldorf,MD,(301) 396-3333,"Gurpreet Sethi, DDS",President,,,,,303 Post Office Rd Suite B-1,20602,General Dentistry,Primary (general),1,1720272677,2007,Stale,NPPES NPI 1720272677,,,
B,"Neibauer Dental Care, PC",Waldorf,MD,(301) 870-4553,Kam Shick,Insurance Coordinator,,,,,117 Saint Patricks Dr,20603,General Dentistry,Primary (general),1,1407123045,2011,Stale,NPPES NPI 1407123045,,,
B,Post Office Lake Dental Associates,Waldorf,MD,(301) 870-7077,Kameasa Johnson,Office Contact,,,,,603 Post Office Rd Ste 208,20602,General Dentistry,Primary (general),1,1962663203,2008,Stale,NPPES NPI 1962663203,,,
B,"Tuan D Pham DMD & Joseph A Maloney Dds, LLC",Waldorf,MD,(301) 374-9033,"Tuan Pham, D.M.D.",Owner,,,,,3450 Old Washington Rd Ste 204,20602,General Dentistry,Primary (general),1,1558364208,2008,Stale,NPPES NPI 1558364208,,,
B,Waldorf Family And Cosmetic Dentistry,Waldorf,MD,(301) 638-0100,"Ronald Dapice, D.D.S",Dr./owner,,,,,21 Industrial Park Dr,20602,General Dentistry,Primary (general),1,1528209897,2009,Stale,NPPES NPI 1528209897,,,
C,"Mary C Trahar, Dds, PA",Annapolis,MD,(240) 475-6127,"Mary Trahar, DDS",Orthodontist,,,,,716 Giddings Ave Ste 31,21401,Orthodontics,Secondary (specialty),1,1972329118,2024,Recent,NPPES NPI 1972329118,,,
C,Myorthos Maryland Orthodontics-Labbe PC,Annapolis,MD,(410) 267-7300,Caey Lonabocker,Vp Operations & Strategy,,,,,114 Forbes St,21401,Orthodontics,Secondary (specialty),1,1881357044,2024,Recent,NPPES NPI 1881357044,,,
C,"Baltimore Medical System, Inc",Baltimore,MD,(410) 732-8800,Shirley Sutton,President/ceo,,,,,5525 Eastern Ave Ste 202,21224,"Clinic/Center, Federally Qualified Health Center (FQHC)",Secondary (specialty),1,1619758216,2025,Recent,NPPES NPI 1619758216,,,
C,"Dennis G Foster, Jr., Dds., PA",Baltimore,MD,(410) 254-8891,"Dennis Foster, Jr, DDS",President,,,,,5129 Harford Rd,21214,Public Health,Secondary (specialty),1,1013863620,2026,Recent,NPPES NPI 1013863620,,,
C,Drs. Branoff And Kress P.A.,Baltimore,MD,(410) 486-0550,"Edward Silverman, D.D.S.",Partner,,,,,3635 Old Court Rd #505,21208,Orthodontics,Secondary (specialty),1,1235575986,2025,Recent,NPPES NPI 1235575986,,,
C,"Harbor Endodontics, PA",Baltimore,MD,(410) 637-3636,"Timothy Skane, DDS",Owner,,,,,36 S Charles St Ste 1405,21201,Endodontics,Secondary (specialty),1,1811609712,2022,Recent,NPPES NPI 1811609712,,,
C,Mount Washington Orthodontics,Baltimore,MD,(410) 449-5488,"Pardis Parizadeh, DDS",Owner,,,,,1501 Sulgrave Ave Ste 203,21209,Orthodontics,Secondary (specialty),1,1821978057,2025,Recent,NPPES NPI 1821978057,,,
C,Sterling Endodontics - Baltimore,Baltimore,MD,(410) 285-7177,"Juheon Seung, DDS",Owner,,,,,1101 N Point Blvd Ste 126,21224,Endodontics,Secondary (specialty),1,1518668896,2023,Recent,NPPES NPI 1518668896,,,
C,"The Breastfeeding Den, LLC",Baltimore,MD,(410) 246-2659,"Katherine Linda, IBCLC",Owner,,,,,2 Hamill Rd Ste 344W,21210,"Nurse Practitioner, Family",Secondary (specialty),1,1861953531,2024,Recent,NPPES NPI 1861953531,,,
C,U M Fdsp Associates PA,Baltimore,MD,(410) 706-7936,John Basile,Physician,,,,,650 W Baltimore St 7-North,21201,"Dentist, Oral and Maxillofacial Pathology",Secondary (specialty),1,1316021355,2026,Recent,NPPES NPI 1316021355,,,
C,Woodlawn Specialists In Orthodontics LLC,Baltimore,MD,(770) 692-1000,Jo Ann Rice,Credentialing Director,,,,,7169 Security Blvd,21244,Orthodontics,Secondary (specialty),2,1164351227,2026,Recent,NPPES NPI 1164351227,,,
C,Bdic LLC,Bethesda,MD,(301) 493-6200,"Raha Yousefi, DDS",Periodontist,,,,,5626 Shields Dr,20817,Periodontics,Secondary (specialty),1,1639820590,2022,Recent,NPPES NPI 1639820590,,,
C,Rc Orthodontics LLC,Bethesda,MD,(240) 462-6171,Robin Choi,Owner,,,,,5642 Shields Dr,20817,Orthodontics,Secondary (specialty),1,1528818960,2024,Recent,NPPES NPI 1528818960,,,
C,Zorc Orthodontics,Bethesda,MD,(301) 968-6466,"Meghan Zorc, DDS",Orthodontist,,,,,5413 W Cedar Ln Ste 106C,20814,Orthodontics,Secondary (specialty),1,1225956188,2026,Recent,NPPES NPI 1225956188,,,
C,Myorthos Maryland Orthodontics - Labbe PC,Catonsville,MD,(410) 744-2230,Casey Lonabocker,Vp Operations & Strategy,,,,,606 Frederick Rd Ste 2,21228,Orthodontics,Secondary (specialty),2,1407688948,2024,Recent,NPPES NPI 1407688948,,,
C,John Benkovich DDS MS PA,Chester,MD,(410) 643-4499,John Benkovich,Owner,,,,,800 Abruzzi Dr Ste F,21619,Orthodontics,Secondary (specialty),1,1558240929,2025,Recent,NPPES NPI 1558240929,,,
C,"Advanced Endodontic Associates, PA",Chevy Chase,MD,(301) 654-1818,"Fredric Simon, DDS",President,,,,,5454 Wisconsin Avenue Suite 1355,20815,Endodontics,Secondary (specialty),1,1578583993,2025,Recent,NPPES NPI 1578583993,,,
C,Myorthos Maryland Orthodontics-Labbe PC,Clarksville,MD,(410) 381-1077,Casey Lonabocker,Vp Operations & Strategy,,,,,12230 Clarksville Pike,21029,Orthodontics,Secondary (specialty),1,1104586742,2024,Recent,NPPES NPI 1104586742,,,
C,Arcs Endodontics LLC,Columbia,MD,(410) 772-9600,Fazel Fakhari,Owner,,,,,5840 Banneker Rd Ste 120,21044,Endodontics,Secondary (specialty),3,1710756465,2023,Recent,NPPES NPI 1710756465,,,
C,Columbia Endodontics LLC,Columbia,MD,(410) 730-0755,"David Desta, DDS,M.S.",Endodontics,,,,,10632 Little Patuxent Pkwy Ste 252,21044,Endodontics,Secondary (specialty),1,1629922190,2026,Recent,NPPES NPI 1629922190,,,
C,Crossthodontics LLC,Columbia,MD,(667) 421-8300,"Stephen Cross, DDS",Owner,,,,,6230 Old Dobbin Ln Ste 240,21045,Prosthodontics,Secondary (specialty),1,1467322016,2025,Recent,NPPES NPI 1467322016,,,
C,"MD Specialty Dental Services, LLC",Columbia,MD,(410) 630-8189,Charlotte Dasch,Director Of Provider Relations,,,,,5900 Waterloo Rd Ste 220,21045,Orthodontics,Secondary (specialty),4,1134856461,2022,Recent,NPPES NPI 1134856461,,,
C,"Specialists In Orthodontics Of Maryland, LLC",Columbia,MD,(410) 953-0111,Jo Ann Rice,Credentialing Director,,,,,8600 Snowden River Pkwy Ste 302,21045,"Clinic/Center, Dental",Secondary (specialty),1,1952954091,2023,Recent,NPPES NPI 1952954091,,,
C,Y Chae DMD LLC,Crofton,MD,(443) 292-8009,Youngsook Chae,Endodontist,,,,,1667 Crofton Ctr Ste 7A,21114,Endodontics,Secondary (specialty),1,1760104129,2022,Recent,NPPES NPI 1760104129,,,
C,Lang Orthodontics,Ellicott City,MD,(410) 461-2700,Maria Stanley,Office Manager,,,,,10030 Baltimore National Pike Ste D120,21042,Orthodontics,Secondary (specialty),1,1912624669,2022,Recent,NPPES NPI 1912624669,,,
C,Level Orthodontics LLC,Ellicott City,MD,(410) 988-2000,"Mark Guevarra, DMD",Owner,,,,,8001 Hillsborough Rd Ste 130,21043,Orthodontics,Secondary (specialty),1,1629865209,2025,Recent,NPPES NPI 1629865209,,,
C,"Ox Orthodontix, LLC",Ellicott City,MD,(410) 740-0002,"Sandra Selnick, DDS",Owner,,,,,5082 Dorsey Hall Dr Ste 202,21042,Orthodontics,Secondary (specialty),1,1427363589,2022,Recent,NPPES NPI 1427363589,,,
C,Priya Sharma Chand Bds MSD LLC,Ellicott City,MD,(410) 988-6502,"Priya Chand, BDS MSD",Endodontist,,,,,3454 Ellicott Center Dr Ste 102,21043,Endodontics,Secondary (specialty),1,1033072319,2025,Recent,NPPES NPI 1033072319,,,
C,Shines LLC,Ellicott City,MD,(312) 505-1629,Eui Shin,Owner,,,,,11085 Resort Rd Ste 400,21042,"Clinic/Center, Dental",Secondary (specialty),1,1649928649,2022,Recent,NPPES NPI 1649928649,,,
C,"Frederick Experienced Dental Partners, LLC",Frederick,MD,(410) 382-4200,"Todd Singer, DDS",Owner,,,,,161 Thomas Jefferson Drive Ste 195,21702,Periodontics,Secondary (specialty),1,1093669863,2026,Recent,NPPES NPI 1093669863,,,
C,Melanie Towe PA,Frederick,MD,(240) 651-5478,"Melanie Towe, DMD,MSD,DABP,DICOI",President/periodontist,,,,,6550 Mercantile Dr E Ste 201,21703,Periodontics,Secondary (specialty),1,1609735117,2026,Recent,NPPES NPI 1609735117,,,
C,Pateric LLC,Frederick,MD,(301) 662-0181,"Eric Coy, DDS, MS",Member,,,,,2090 Old Farm Dr Ste F,21702,Orthodontics,Secondary (specialty),2,1568389906,2026,Recent,NPPES NPI 1568389906,,,
C,"Verma Enterprises, P.C.",Frederick,MD,(301) 624-1001,"Devender Verma, D.D.S.",President,,,,,9093 Ridgefield Dr Suite 203,21701,"Dentist, Oral and Maxillofacial Pathology",Secondary (specialty),1,1215065206,2025,Recent,NPPES NPI 1215065206,,,
C,District Endodontics Gaithersburg LLC,Gaithersburg,MD,(530) 304-5571,Traci Hurst,Business Manager,,,,,610 Professional Dr Ste 255,20879,Endodontics,Secondary (specialty),1,1972456143,2026,Recent,NPPES NPI 1972456143,,,
C,"Embrace Orthodontics, LLC",Gaithersburg,MD,(301) 740-3660,"Victor Lam, DDS",President,,,,,501 N Frederick Ave Ste 102,20877,Orthodontics,Secondary (specialty),1,1073311874,2025,Recent,NPPES NPI 1073311874,,,
C,Kentlands Dental And Orhodontic Group Inc,Gaithersburg,MD,(301) 977-9787,"Akram Shouhayib, DDS-MS",Owner,,,,,308 Main St,20878,Orthodontics,Secondary (specialty),1,1306027784,2023,Recent,NPPES NPI 1306027784,,,
C,Specialty Dentistry At Gaithersburg,Gaithersburg,MD,(301) 869-1441,Meg Battaivan,General Manager,,,,,6 Montgomery Village Ave Ste 300,20879,Periodontics,Secondary (specialty),1,1922826676,2024,Recent,NPPES NPI 1922826676,,,
C,Children'S Dentistry Of Germantown,Germantown,MD,(301) 820-7158,Ifeanyi Okoye,Dentist/owner,,,,,20300 Seneca Meadows Pkwy Ste 100,20876,Pediatric,Secondary (specialty),1,1356158463,2025,Recent,NPPES NPI 1356158463,,,
C,Elizabeth C Robles DDS LLC,Germantown,MD,(301) 900-8010,Elizabeth Robles,Owner,,,,,19735 Germantown Rd Ste 230,20874,Orthodontics,Secondary (specialty),1,1710010798,2024,Recent,NPPES NPI 1710010798,,,
C,Kourosh Mehrabian DDS & Associates PC,Germantown,MD,(301) 528-5000,"Kourosh Mehrabian, DDS",Owner,,,,,19731 Frederick Rd,20876,"Clinic/Center, Dental",Secondary (specialty),1,1437830585,2024,Recent,NPPES NPI 1437830585,,,
C,Myorthos Maryland Orthodontics-Labbe PC,Germantown,MD,(301) 349-1789,Casey Lonabocker,Vp Operations & Strategy,,,,,20680 Seneca Meadows Pkwy Ste 207,20876,Orthodontics,Secondary (specialty),1,1043970684,2024,Recent,NPPES NPI 1043970684,,,
C,"Ys Chae, D.m.d., P.C.",Germantown,MD,(240) 690-2112,"Youngsook Chae, D.M.D.",Owner,,,,,19536 Doctors Dr,20874,Endodontics,Secondary (specialty),1,1124742945,2023,Recent,NPPES NPI 1124742945,,,
C,"Community Clinic, Inc",Greenbelt,MD,(866) 877-7258,Alisa Brightley,Lead Credentialing Specialist,,,,,7615 Ora Glen Drive,20770,"Clinic/Center, Dental",Secondary (specialty),1,1396551909,2024,Recent,NPPES NPI 1396551909,,,
C,Elite Root Canal Specialties Laurel,Laurel,MD,(301) 776-1030,"Valerie Okehie, DDS, MS",Endodontist,,,,,14333 Laurel Bowie Rd Ste 300,20708,Endodontics,Secondary (specialty),2,1184437261,2025,Recent,NPPES NPI 1184437261,,,
C,Pancholi Dental LLC,Laurel,MD,(443) 763-0754,"Shivakshi Pancholi, DDS",Dentist,,,,,3450 Laurel Fort Meade Rd Ste 202,20724,Public Health,Secondary (specialty),1,1366267148,2024,Recent,NPPES NPI 1366267148,,,
C,"Specialists In Orthodontics Of Maryland, LLC",Laurel,MD,(301) 470-2137,Jo Ann Rice,Credentialing Director,,,,,13600 Baltimore Ave Ste 200,20707,"Clinic/Center, Dental",Secondary (specialty),1,1043863186,2023,Recent,NPPES NPI 1043863186,,,
C,Lang Orthodontics,Lutherville,MD,(410) 615-1697,"Martin Lang, DDS",Owner,,,,,1407 York Rd Ste 204,21093,Orthodontics,Secondary (specialty),1,1770213498,2022,Recent,NPPES NPI 1770213498,,,
C,Myorthos Maryland Orthodontics - Labbe PC,Pikesville,MD,(410) 653-6379,Casey Lonabocker,Vp Operations & Strategy,,,,,1314 Bedford Ave Ste 110,21208,Orthodontics,Secondary (specialty),1,1104685205,2024,Recent,NPPES NPI 1104685205,,,
C,Shin Orthodontics,Potomac,MD,(301) 770-7770,Richard Shin,Member,,,,,11325 Seven Locks Rd Ste 256,20854,Orthodontics,Secondary (specialty),1,1871994806,2025,Recent,NPPES NPI 1871994806,,,
C,Specialists In Orthodontics Of Maryland 3 LLC Jerry Casper Sole Mbr,Potomac,MD,(301) 517-6359,Jo Ann Rice,Credentialing Manager,,,,,9812 Falls Rd Ste 118,20854,Orthodontics,Secondary (specialty),1,1649924077,2022,Recent,NPPES NPI 1649924077,,,
C,Baltimore County Government,Randallstown,MD,(410) 887-0613,Tonia Ross,Billing Manager,,,,,3525 Resource Dr,21133,Public Health,Secondary (specialty),1,1386325538,2025,Recent,NPPES NPI 1386325538,,,
C,Dlight Dental,Rockville,MD,(301) 330-9644,Jean Li,Owner,,,,,9600 Blackwell Rd Ste 101,20850,Periodontics,Secondary (specialty),1,1235594649,2024,Recent,NPPES NPI 1235594649,,,
C,Ge Orthodontics,Rockville,MD,(301) 424-1401,Sheng Ge,Orthodontist,,,,,50 W Edmonston Dr Ste 205,20852,Orthodontics,Secondary (specialty),2,1356182869,2024,Recent,NPPES NPI 1356182869,,,
C,"Mimi N Nguyen, D.d.s., P.A.",Rockville,MD,(301) 816-7846,Mimi Nguyen,Doctor,,,,,5832 Hubbard Dr,20852,Orthodontics,Secondary (specialty),1,1508633371,2023,Recent,NPPES NPI 1508633371,,,
C,Moco Pediatric Dentists LLC,Rockville,MD,(917) 846-7655,"Edwin Zaghi, DMD",Owner,,,,,9210 Corporate Blvd Ste 430,20850,Pediatric,Secondary (specialty),1,1053997361,2023,Recent,NPPES NPI 1053997361,,,
C,Prestige Periodontics Rockville LLC,Rockville,MD,(301) 681-4812,"Duane Bennett, DDS, MSD",Member,,,,,1801 Rockville Pike Ste 101,20852,Periodontics,Secondary (specialty),4,1184377350,2022,Recent,NPPES NPI 1184377350,,,
C,"Shady Grove Children'S Gad, LLC",Rockville,MD,(301) 307-3333,Jeffrey Wheeler,CEO,,,,,15001 Shady Grove Rd,20850,Anesthesiology,Secondary (specialty),1,1184461063,2026,Recent,NPPES NPI 1184461063,,,
C,Sureprescribe LLC,Rockville,MD,(866) 730-7873,Mahesh Bhatija,CEO,,,,,451 Hungerford Dr Ste 250,20850,"Clinic/Center, Multi-Specialty",Secondary (specialty),1,1447029269,2023,Recent,NPPES NPI 1447029269,,,
C,"Wildflower Endodontics, LLC",Rockville,MD,(301) 493-4496,"Kortnie Strother, DDS, MS, MSD",President,,,,,11510 Old Georgetown Rd Ste E,20852,Endodontics,Secondary (specialty),1,1487599866,2026,Recent,NPPES NPI 1487599866,,,
C,Yousuf Al-Aboosi DDS LLC,Rockville,MD,(301) 869-5595,"Yousuf Al-Aboosi, DDS",Owner,,,,,15200 Shady Grove Rd Ste 440,20850,Periodontics,Secondary (specialty),1,1225744394,2023,Recent,NPPES NPI 1225744394,,,
C,"Burkett And Burkett D.d.s.,p.a.",Salisbury,MD,(410) 749-6670,"John Burkett, D.D.S.",Owner,,,,,104 Milford St,21804,Prosthodontics,Secondary (specialty),1,1538281746,2025,Recent,NPPES NPI 1538281746,,,
C,Myorthos Maryland Orthodontics - Labbe PC,Salisbury,MD,(410) 749-2933,Casey Lonabocker,Vp Operations & Strategy,,,,,1413 Wesley Dr,21801,Orthodontics,Secondary (specialty),2,1083343347,2024,Recent,NPPES NPI 1083343347,,,
C,"Three Lower Counties Community Services, Inc.",Salisbury,MD,(410) 749-1015,Brian Holland,President/ceo,,,,,32033 Beaver Run Dr,21804,Pediatric,Secondary (specialty),1,1780960120,2024,Recent,NPPES NPI 1780960120,,,
C,Zenaida M Cofie DDS MS PA,Severn,MD,(410) 551-9590,"Zenaida Cofie, DDS MS",President,,,,,2622 Annapolis Rd Ste C1,21144,Orthodontics,Secondary (specialty),1,1447063888,2025,Recent,NPPES NPI 1447063888,,,
C,Boucree & Associates,Silver Spring,MD,(202) 265-5910,"Stanley Boucree, DDS,MS",Dentist/oral Surgeon,,,,,8555 16TH St Ste 404,20910,Oral Surgery,Secondary (specialty),1,1407516065,2024,Recent,NPPES NPI 1407516065,,,
C,Capital Kids Dentistry And Orthodontics,Silver Spring,MD,(227) 229-0170,Cassandra Wieth,Director Of Payer Relations,,,,,8788 Georgia Ave,20910,Pediatric,Secondary (specialty),1,1952239667,2026,Recent,NPPES NPI 1952239667,,,
C,"Drs. Demarco, Tilkin, And Powers, LLC",Silver Spring,MD,(301) 593-6363,"Michael Powers, DDS",Member,,,,,11120 New Hampshire Ave Ste 402,20904,Orthodontics,Secondary (specialty),1,1508733031,2025,Recent,NPPES NPI 1508733031,,,
C,Epp Maryland LLC,Silver Spring,MD,(240) 696-7208,Jason Bertollini,Credentialing Manager,,,,,804 Pershing Dr Ste 102,20910,Endodontics,Secondary (specialty),1,1518788199,2024,Recent,NPPES NPI 1518788199,,,
C,Kalambayi T Kabasela DDS PC,Silver Spring,MD,(301) 585-0405,"Kalambayi Kabasela, D.D.S.",Owner,,,,,8380 Colesville Road Suite 750,20910,Prosthodontics,Secondary (specialty),1,1689389314,2023,Recent,NPPES NPI 1689389314,,,
C,M&r Dental Associates,Silver Spring,MD,(301) 384-9800,"Maurice Gunraj, DDS",Owner,,,,,512 E Randolph Rd Suite A,20904,Orthodontics,Secondary (specialty),1,1356476394,2025,Recent,NPPES NPI 1356476394,,,
C,Montgomery County Maryland Government,Silver Spring,MD,(240) 777-1875,Jameelah Johnson,Manager,,,,,2000 Dennis Ave Fl 2,20902,Public Health,Secondary (specialty),1,1295520732,2025,Recent,NPPES NPI 1295520732,,,
C,Montgomery County Maryland Government,Silver Spring,MD,(240) 777-0311,Diana Cortez,Managment,,,,,8630 Fenton St Fl 10,20910,Public Health,Secondary (specialty),1,1144957168,2025,Recent,NPPES NPI 1144957168,,,
C,Montgomery County Maryland Government,Silver Spring,MD,(240) 777-1017,Diana Cortez,Management,,,,,2000 Dennis Ave,20902,Public Health,Secondary (specialty),1,1285414862,2025,Recent,NPPES NPI 1285414862,,,
C,"Sana P Augustus, Dds, PC",Silver Spring,MD,(301) 708-3012,"Sana Augustus, DDS",Owner/orthodontist,,,,,10750 Columbia Pike Ste 300,20901,Orthodontics,Secondary (specialty),1,1215625371,2023,Recent,NPPES NPI 1215625371,,,
C,"Community Clinic, Inc.",Takoma Park,MD,(301) 431-2972,Sonya Bruton,CEO,,,,,7676 New Hampshire Ave Ste 220A,20912,"Clinic/Center, Federally Qualified Health Center (FQHC)",Secondary (specialty),1,1790730281,2026,Recent,NPPES NPI 1790730281,,,
C,Baltimore Endodontic Associates LLC,Towson,MD,(443) 794-4108,"Heejun Lee, DDS",Endodontist,,,,,8601 Lasalle Rd Ste 203,21286,Endodontics,Secondary (specialty),1,1023953908,2026,Recent,NPPES NPI 1023953908,,,
C,"Feldman, Sachs & Fitzgerald, Dds, PA",Towson,MD,(410) 821-8800,"Robert Sachs, DDS",Vice President,,,,,660 Kenilworth Dr Suite 103,21204,Prosthodontics,Secondary (specialty),1,1982744884,2025,Recent,NPPES NPI 1982744884,,,
C,McInnes Palmer Orthodontics,Towson,MD,(410) 823-1900,"Meghan Palmer, D.D.S.",Owner,,,,,8322 Bellona Avenue Suite 310,21204,Orthodontics,Secondary (specialty),1,1508305681,2022,Recent,NPPES NPI 1508305681,,,
C,Patel County Dentistry PC,Towson,MD,(410) 321-5004,"Nimesh Patel, DDS",Owner,,,,,7801 York Rd Ste 315,21204,Orthodontics,Secondary (specialty),2,1386402253,2024,Recent,NPPES NPI 1386402253,,,
C,Zenaida M Cofie DDS MS PA,Towson,MD,(410) 825-1771,"Zenaida Cofie, DDS",President,,,,,8601 Lasalle Rd Suite 201,21286,Orthodontics,Secondary (specialty),1,1932233012,2025,Recent,NPPES NPI 1932233012,,,
C,Marlborough Village Orthodontics,Upper Marlboro,MD,(240) 326-3738,"Adrian Wilson, DDS",Dentist/owner,,,,,5098 Brown Station Road Suite 260,20772,Orthodontics,Secondary (specialty),1,1720700669,2022,Recent,NPPES NPI 1720700669,,,
C,Annapolis Endodontics,Annapolis,MD,(410) 268-4770,"Louis Berman, D.D.S.",Partner,,,,,201 West St Ste 102,21401,Endodontics,Secondary (specialty),1,1134204498,2020,Ageing,NPPES NPI 1134204498,,,
C,Berkinshaw Orthodontics PA,Annapolis,MD,(410) 266-8880,"Edwin Berkinshaw, DDS MS",President,,,,,129 Old Solomons Island Road,21401,Orthodontics,Secondary (specialty),1,1578644787,2020,Ageing,NPPES NPI 1578644787,,,
C,"Endodontics, P.A.",Annapolis,MD,(410) 224-6150,"Charles Mann, D.M.D",Owner/president,,,,,888 Bestgate Rd Suite 220,21401,Endodontics,Secondary (specialty),1,1821101452,2020,Ageing,NPPES NPI 1821101452,,,
C,"Mary C Trahar, Dds, PA",Annapolis,MD,(410) 280-2484,"Mary Trahar, DDS",President,,,,,716 Giddings Ave Suite 31,21401,Orthodontics,Secondary (specialty),1,1538292420,2017,Ageing,NPPES NPI 1538292420,,,
C,"Specialists In Orthodontics Of Maryland 2, PLLC",Annapolis,MD,(410) 266-0025,Monica Perkins,Credentialing Specialist,,,,,888 Bestgate Rd Ste 301,21401,Orthodontics,Secondary (specialty),1,1689206278,2020,Ageing,NPPES NPI 1689206278,,,
C,"Barbara A Lesco, D.d.s., P.A.",Baltimore,MD,(410) 727-6190,Joy Kahl,Office Manager,,,,,2 E Lee St,21202,Periodontics,Secondary (specialty),1,1396807210,2020,Ageing,NPPES NPI 1396807210,,,
C,Bk Faithful Enterprises Consulting LLC,Baltimore,MD,(410) 623-7381,"Byron Desbordes, DDS",Owner,,,,,3120 Lord Baltimore Dr Ste 100,21244,Durable Medical Equipment & Medical Supplies,Secondary (specialty),1,1003306671,2021,Ageing,NPPES NPI 1003306671,,,
C,"Byron C Desbordes, Dds, PC",Baltimore,MD,(410) 277-0138,"Byron Desbordes, DDS",Owner,,,,,3120 Lord Baltimore Dr Ste 100,21244,"Durable Medical Equipment & Medical Supplies, Customized Equipment",Secondary (specialty),1,1972987287,2015,Ageing,NPPES NPI 1972987287,,,
C,"Daniel C Shin, Dds, PC",Baltimore,MD,(410) 486-3636,"Daniel Shin, DDS",Owner/president,,,,,2835 Smith Ave Ste B,21209,Orthodontics,Secondary (specialty),1,1689122541,2016,Ageing,NPPES NPI 1689122541,,,
C,Endodontic Specialists,Baltimore,MD,(410) 653-2020,"Howard Cohen, D.D.S.",Endodontist,,,,,8 Reservoir Cir #102,21208,Endodontics,Secondary (specialty),1,1477674588,2020,Ageing,NPPES NPI 1477674588,,,
C,"Endodontics, P.A.",Baltimore,MD,(410) 931-0250,"Charles Mann, D.M.D",Owner/president,,,,,7939 Honeygo Blvd,21236,Endodontics,Secondary (specialty),1,1558395483,2020,Ageing,NPPES NPI 1558395483,,,
C,Forever Smiles Orthodontics,Baltimore,MD,(410) 989-5115,Pardis Parizadeh,CEO,,,,,4 Sudbrook Ln Ste 1,21208,Orthodontics,Secondary (specialty),1,1184391054,2021,Ageing,NPPES NPI 1184391054,,,
C,"Johnny Cares, Inc",Baltimore,MD,(410) 467-6040,William Green,CEO,,,,,3028 Greenmount Ave,21218,"Nurse Practitioner, Family",Secondary (specialty),2,1003293218,2015,Ageing,NPPES NPI 1003293218,,,
C,Stanley H Klein DDS PA,Baltimore,MD,(443) 271-3682,"Stanley Klein, DDS",President,,,,,2215 Ken Oak Rd,21209,Endodontics,Secondary (specialty),1,1083812150,2015,Ageing,NPPES NPI 1083812150,,,
C,Dr Martin L Okun,Bethesda,MD,(301) 656-1600,Martin Okun,Orthodontist,,,,,7201 Wisconsin Ave Suite 370,20814,Orthodontics,Secondary (specialty),2,1801945290,2020,Ageing,NPPES NPI 1801945290,,,
C,Ortho Suite LLC,Bethesda,MD,(301) 363-9026,"Derek Blank, DDS",President,smile@dcpediatricsmiles.com,NPPES federal registry filing,,,5642 Shields Dr,20817,Orthodontics,Secondary (specialty),1,1013596964,2021,Ageing,NPPES NPI 1013596964,,,
C,Dr Larosiliere DDS - Bowie PA,Bowie,MD,(301) 552-3807,Caroline Larosiliere,Owner Doctor,,,,,6000 Laurel Bowie Rd,20715,Pediatric,Secondary (specialty),1,1487230348,2021,Ageing,NPPES NPI 1487230348,,,
C,"Harold Packman, Dmd, PA",Bowie,MD,(301) 262-2800,"Harold Packman, DMD",Owner,,,,,14999 Health Center Dr Suite 110,20716,Periodontics,Secondary (specialty),1,1093848319,2020,Ageing,NPPES NPI 1093848319,,,
C,Michael J Kuhn DDS PC,California,MD,(301) 862-4424,"Michael Kuhn, D.D.S.","President, Orthodontist",,,,,23415 Three Notch Rd #2003,20619,Orthodontics,Secondary (specialty),1,1518184126,2020,Ageing,NPPES NPI 1518184126,,,
C,Abel & Patel LLC,Chevy Chase,MD,(301) 652-7372,"Jarred Abel, DDM, MD",Owner,,,,,5530 Wisconsin Ave Ste 930,20815,Oral & Maxillofacial Surgery,Secondary (specialty),1,1477219780,2021,Ageing,NPPES NPI 1477219780,,,
C,Chevy Chase Orthodontics,Chevy Chase,MD,(267) 250-5387,"Jennifer Smith, DMD",Orthodontist,,,,,8401 Connecticut Ave Ste 620,20815,Orthodontics,Secondary (specialty),1,1376187336,2019,Ageing,NPPES NPI 1376187336,,,
C,Flavio H Rasetto DDS MS PC,Chevy Chase,MD,(301) 652-9717,"Flavio Rasetto, DDS, MS",Owner,,,,,5454 Wisconsin Ave Suite 1500,20815,Prosthodontics,Secondary (specialty),1,1245690270,2016,Ageing,NPPES NPI 1245690270,,,
C,Columbia Center For Implants & Periodontics,Columbia,MD,(410) 997-1189,Carrie Slappo,Insurance Coordinator,,,,,6395 Dobbin Rd Ste 208,21045,Periodontics,Secondary (specialty),1,1932733896,2020,Ageing,NPPES NPI 1932733896,,,
C,Nuclear Smiles LLC,Columbia,MD,(301) 538-0719,"Jon Moles, DDS",Owner,info@nuclearsmiles.com,NPPES federal registry filing,,,10100 Twin Rivers Rd Apt 121,21044,Orthodontics,Secondary (specialty),1,1609412592,2019,Ageing,NPPES NPI 1609412592,,,
C,Saini Orthodontics,Columbia,MD,(410) 730-1255,Anna Stanley,Admin,,,,,10776 Hickory Ridge Rd,21044,Orthodontics,Secondary (specialty),1,1245251461,2020,Ageing,NPPES NPI 1245251461,,,
C,"Professional Dental Alliance Of Maryland, LLC",Cumberland,MD,(240) 362-7017,Lauren Howard,Credentialing Specialist,,,,,1415 River Ave Ste B,21502,Endodontics,Secondary (specialty),2,1720695703,2020,Ageing,NPPES NPI 1720695703,,,
C,"Bay Endodontics, LLC",Easton,MD,(443) 385-0285,Ronald Taylor,CEO,secure@tridentdso.com,NPPES federal registry filing,,,29466 Pintail Dr Ste 16,21601,Endodontics,Secondary (specialty),1,1750903845,2020,Ageing,NPPES NPI 1750903845,,,
C,Baltimore Washington Endodontics,Ellicott City,MD,(410) 203-1800,Mandy Palmer,Office Administrative Assistant,,,,,6021 University Blvd Suite 170,21043,Endodontics,Secondary (specialty),1,1275069510,2017,Ageing,NPPES NPI 1275069510,,,
C,Drs Greenwald Riger Kyser & Wang,Ellicott City,MD,(410) 418-8370,"Ronald Greenwald, DDS PA",Partner,,,,,10045 Baltimore National Pike Suite A1,21042,Orthodontics,Secondary (specialty),1,1295948826,2020,Ageing,NPPES NPI 1295948826,,,
C,Bloom & Reddy DDS PC,Frederick,MD,(301) 631-5860,"Kavitha Reddy, DDS MS",Orthodontist Partner,,,,,130 Thomas Johnson Drive Suite 2,21702,Orthodontics,Secondary (specialty),1,1427102961,2020,Ageing,NPPES NPI 1427102961,,,
C,"Dental Associates Of Frederick, LLC",Frederick,MD,(301) 668-7700,"Kevin Oakes, D.D.S.",President,,,,,196 Thomas Johnson Dr Suite 235,21702,Prosthodontics,Secondary (specialty),2,1891150744,2015,Ageing,NPPES NPI 1891150744,,,
C,"Dental Health Services, LLC",Frederick,MD,(301) 620-9666,Laura Clark,Manager,,,,,198 Thomas Johnson Dr Suite #103,21702,Orthodontics,Secondary (specialty),3,1710102520,2020,Ageing,NPPES NPI 1710102520,,,
C,"Douglas J Koch, D.d.s.,l.l.c.",Frederick,MD,(301) 663-0052,"Douglas Koch, D.D.S.",Owner,,,,,85 Thomas Johnson Ct Suite A,21702,Endodontics,Secondary (specialty),1,1982789269,2020,Ageing,NPPES NPI 1982789269,,,
C,Dr Behnaz Yalda Inc,Frederick,MD,(301) 698-5998,"Behnaz Yalda, DMD MS",President,,,,,77 Thomas Johnson Dr Suite D,21702,Periodontics,Secondary (specialty),2,1588760607,2020,Ageing,NPPES NPI 1588760607,,,
C,Frederick Orthodontics Associates LLC,Frederick,MD,(301) 631-0501,Lynette Messenger,Hr/billing Manager,,,,,52 Thomas Johnson Dr,21702,Orthodontics,Secondary (specialty),1,1669007993,2020,Ageing,NPPES NPI 1669007993,,,
C,Frederick Periodontal Associates,Frederick,MD,(301) 620-1692,"Harold Snyder, DDS,MS",Doctor,,,,,130 Thomas Johnson Dr Suite 6,21702,Periodontics,Secondary (specialty),1,1942659057,2016,Ageing,NPPES NPI 1942659057,,,
C,"Jerrold J Pollack,d.d.s.,p.a",Frederick,MD,(301) 694-9655,"Jerrold Pollack, D.D.S.",President-Owner,,,,,1133 Keswick Pl,21703,Orthodontics,Secondary (specialty),1,1952312209,2020,Ageing,NPPES NPI 1952312209,,,
C,Behnaz Yalda DMD PC,Gaithersburg,MD,(301) 926-0691,Behnaz Yalda,President,,,,,803 Russell Ave Suite 3A,20879,Periodontics,Secondary (specialty),1,1104282201,2016,Ageing,NPPES NPI 1104282201,,,
C,Dennis J & Marie T Stiles DDS PC,Gaithersburg,MD,(301) 947-6900,"Dennis Stiles, DDS",Owner,,,,,333 Main St,20878,Durable Medical Equipment & Medical Supplies,Secondary (specialty),1,1366804627,2020,Ageing,NPPES NPI 1366804627,,,
C,"Doctors Weber & Walker, PC",Gaithersburg,MD,(301) 869-3900,"Michael Weber, DDS",President,,,,,9027 Shady Grove Ct,20877,Endodontics,Secondary (specialty),1,1306048517,2020,Ageing,NPPES NPI 1306048517,,,
C,"Endodontics Of Gaithersburg, LLC",Gaithersburg,MD,(301) 527-0303,"Ali Eghtesadi, DDS",Endodontist/owner,,,,,847 Quince Orchard Blvd Ste G,20878,Endodontics,Secondary (specialty),1,1568021012,2019,Ageing,NPPES NPI 1568021012,,,
C,Fatemi Family Dentistry LLC,Gaithersburg,MD,(301) 740-2686,"Mohammad Fatemi, DDS",Dentist,,,,,604 S Frederick Ave #209,20877,Prosthodontics,Secondary (specialty),1,1033565528,2016,Ageing,NPPES NPI 1033565528,,,
C,Gaithersburg Ortho LLC,Gaithersburg,MD,(301) 948-7660,"Robert Yu, DDS, MS",Owner,,,,,814 W Diamond Ave Ste 300,20878,Orthodontics,Secondary (specialty),1,1619590668,2020,Ageing,NPPES NPI 1619590668,,,
C,Qods Ortho LLC,Gaithersburg,MD,(301) 527-2725,Casey Galante,Practice Manager,,,,,849 Quince Orchard Blvd Ste D,20878,Orthodontics,Secondary (specialty),2,1043809650,2021,Ageing,NPPES NPI 1043809650,,,
C,Evolution Oral Surgery,Germantown,MD,(301) 916-6000,"James Ryan, DDS",Oral Surgeon/owner,,,,,19851 Observation Dr Ste 320,20876,"Dentist, Oral and Maxillofacial Pathology",Secondary (specialty),1,1821693300,2020,Ageing,NPPES NPI 1821693300,,,
C,Antietam Periodontics PA Drs. Fred & Rebecca Bye,Hagerstown,MD,(301) 739-6868,"Fred Bye, DDS, MS",President,,,,,13424 Pennsylvania Ave Ste 201,21742,Periodontics,Secondary (specialty),1,1942212048,2020,Ageing,NPPES NPI 1942212048,,,
C,"Hub City Orthodontics, P.A.",Hagerstown,MD,(301) 733-5230,"Timothy Wilson, DDS",Owner/president,,,,,1118 Klick Way,21742,Orthodontics,Secondary (specialty),1,1851502884,2021,Ageing,NPPES NPI 1851502884,,,
C,Walnut Street Community Health Center,Hagerstown,MD,(301) 745-3777,Angela Munson,Office Manager,,,,,201 S Cleveland Ave,21740,Public Health,Secondary (specialty),1,1104135268,2020,Ageing,NPPES NPI 1104135268,,,
C,Ray Orthodontics,Laurel,MD,(301) 490-6922,"Robert Ray, DMD",Dentist/president,,,,,918 Fairlawn Ave,20707,Orthodontics,Secondary (specialty),2,1609534866,2021,Ageing,NPPES NPI 1609534866,,,
C,"Rct Endodontics Of Laurel, LLC",Laurel,MD,(240) 360-2412,"Adam Orgel, DDS",Owner,,,,,9889 Brewers Ct,20723,Endodontics,Secondary (specialty),1,1619350758,2018,Ageing,NPPES NPI 1619350758,,,
C,Sequence Orthodontics,Leonardtown,MD,(301) 997-0666,Alireza Rajaei,Owner,,,,,23140 Moakley St Ste 3,20650,Orthodontics,Secondary (specialty),1,1205496726,2019,Ageing,NPPES NPI 1205496726,,,
C,Dental Sleep Solutions Of Maryland,Lutherville,MD,(410) 821-5079,"Martin Lang, DDS",Owner,,,,,1407 York Rd Ste 204,21093,Orthodontics,Secondary (specialty),1,1124518089,2018,Ageing,NPPES NPI 1124518089,,,
C,"Rct Endodontics Of North Potomac, LLC",North Potomac,MD,(301) 947-3400,Mary Baggarly,Manager,,,,,11906 Darnestown Rd Ste G,20878,Endodontics,Secondary (specialty),1,1801404157,2020,Ageing,NPPES NPI 1801404157,,,
C,Stanley T Dorrow DDS,Pikesville,MD,(410) 654-0052,"Stanley Dorrow, DDS",Director,,,,,4000 Old Court Rd Ste 302,21208,"Durable Medical Equipment & Medical Supplies, Customized Equipment",Secondary (specialty),1,1629659628,2021,Ageing,NPPES NPI 1629659628,,,
C,Ahmad Soolari DMD PC,Potomac,MD,(301) 798-5558,"Ehsan Soolari, DDS",Employee,,,,,11616 Toulone Dr,20854,Periodontics,Secondary (specialty),1,1336664531,2017,Ageing,NPPES NPI 1336664531,,,
C,"Daniel Levy, D.d.s.,m.s.",Potomac,MD,(301) 785-1307,"Daniel Levy, D.D.S.",Sole Proprieter,,,,,10004 Iron Gate Rd,20854,Orthodontics,Secondary (specialty),1,1386018372,2015,Ageing,NPPES NPI 1386018372,,,
C,Advanced Endodontics Specialty Doctors,Rockville,MD,(301) 984-3800,"Farah Assadipour, DMD",Owner,,,,,5802 Hubbard Dr,20852,Endodontics,Secondary (specialty),1,1023510575,2018,Ageing,NPPES NPI 1023510575,,,
C,"Daniel B Farber, Dds, Ms, PA",Rockville,MD,(301) 881-5560,"Daniel Farber, DDS",President,,,,,11000 Rosemont Dr,20852,Orthodontics,Secondary (specialty),1,1316050644,2020,Ageing,NPPES NPI 1316050644,,,
C,"Doctors Weber & Walker, PC",Rockville,MD,(301) 231-0744,"Michael Weber, DDS",President,,,,,11125 Rockville Pike Suite 103,20852,Endodontics,Secondary (specialty),1,1366652695,2020,Ageing,NPPES NPI 1366652695,,,
C,Drs Ensor Johnson & Lewis LLC,Rockville,MD,(301) 881-6170,"Lauren Lewis, DDS",Owner,,,,,11810 Parklawn Dr Ste 101,20852,Pediatric,Secondary (specialty),1,1376881441,2018,Ageing,NPPES NPI 1376881441,,,
C,Georgetowne Park Endodontics,Rockville,MD,(301) 822-4132,"Ali Eghtesadi, DDS",Endodontist / Owner,,,,,5846 Hubbard Dr,20852,Endodontics,Secondary (specialty),1,1831758382,2019,Ageing,NPPES NPI 1831758382,,,
C,Rockville Family Dental Groups Corp,Rockville,MD,(301) 770-3929,Seyed Tofigh,President,,,,,5806 Hubbard Dr,20852,Public Health,Secondary (specialty),1,1013417138,2018,Ageing,NPPES NPI 1013417138,,,
C,"Bay Shore Servcies, Inc.",Salisbury,MD,(410) 912-0288,Susan Atwood,Administrator,,,,,531 Riverside Dr,21801,Public Health,Secondary (specialty),1,1053327601,2020,Ageing,NPPES NPI 1053327601,,,
C,"Urgent Dental Care Clinic, Inc.",Salisbury,MD,(410) 572-6331,Sharron Chambers,Administrator,,,,,926 Snow Hill Rd,21804,Public Health,Secondary (specialty),1,1457355786,2020,Ageing,NPPES NPI 1457355786,,,
C,Advanced Sleep Treatment Co,Silver Spring,MD,(301) 439-8333,Ekaterina Tomenko,Owner,,,,,10230 New Hampshire Ave Ste 330,20903,"Durable Medical Equipment & Medical Supplies, Customized Equipment",Secondary (specialty),2,1164921292,2021,Ageing,NPPES NPI 1164921292,,,
C,Bright Smile LLC,Silver Spring,MD,(305) 972-1334,Azadeh Nassiri,Orthodontist,,,,,3933 Ferrara Dr,20906,Orthodontics,Secondary (specialty),1,1376111690,2021,Ageing,NPPES NPI 1376111690,,,
C,Endodontic Specialists,Silver Spring,MD,(301) 593-4400,"Young Lee, DMD",President,,,,,12520 Prosperity Dr Ste 230,20904,Endodontics,Secondary (specialty),1,1417334079,2020,Ageing,NPPES NPI 1417334079,,,
C,Herbert Bricken DDS PA,Silver Spring,MD,(301) 879-0280,"Herbert Bricken, DDS",President,,,,,2415 Musgrove Road Suite 109,20904,Periodontics,Secondary (specialty),1,1548350952,2020,Ageing,NPPES NPI 1548350952,,,
C,Hill Pediatric Dentistry And Orthodontics,Silver Spring,MD,(301) 408-3131,"Avionne Hill, DDS",Dentist Owner,,,,,10230 New Hampshire Ave Ste 104,20903,Pediatric,Secondary (specialty),1,1780237644,2019,Ageing,NPPES NPI 1780237644,,,
C,K Hill Orthodontics LLC,Silver Spring,MD,(301) 622-5610,"Karlene-Anne Hill, DDS",Orthodontist,,,,,12316 New Hampshire Avenue,20904,Orthodontics,Secondary (specialty),1,1225116197,2020,Ageing,NPPES NPI 1225116197,,,
C,Michael D Peterson Ddsmspa,Silver Spring,MD,(301) 754-0500,"Michael Peterson, DDS",Corporate President,,,,,10301 Georgia Ave Ste 202,20902,Endodontics,Secondary (specialty),2,1154464998,2020,Ageing,NPPES NPI 1154464998,,,
C,"Rct Endodontics, LLC",Silver Spring,MD,(301) 562-9455,"Ronald Taylor, DDS, MSD",Owner,,,,,804 Pershing Dr #102,20910,Endodontics,Secondary (specialty),1,1366963993,2017,Ageing,NPPES NPI 1366963993,,,
C,Rolland B Pincus DDS PA,Silver Spring,MD,(301) 585-3100,"Rolland Pincus, DDS",President,,,,,8630 Fenton Street Suit 117,20910,Orthodontics,Secondary (specialty),1,1134294176,2020,Ageing,NPPES NPI 1134294176,,,
C,Kidz & Family Dental Center LLC,Takoma Park,MD,(301) 200-8015,Parisa Nemati,Owner,,,,,1350 Holton Ln,20912,Pediatric,Secondary (specialty),1,1831656826,2020,Ageing,NPPES NPI 1831656826,,,
C,"Brenda K Richardson, D.d.s., P.A.",Towson,MD,(410) 321-5700,Brenda Richardson,Owner,,,,,515 E Joppa Rd Suite 106,21286,Endodontics,Secondary (specialty),1,1801091905,2020,Ageing,NPPES NPI 1801091905,,,
C,Towson Periodontal Associates,Towson,MD,(410) 321-9477,"Thomas Daley, D.D.S.",Owner,,,,,521 E Joppa Rd Suite 200,21286,Periodontics,Secondary (specialty),1,1447346820,2020,Ageing,NPPES NPI 1447346820,,,
C,"Dr Arthur B Sorkin, D.d.s., LLC",Waldorf,MD,(301) 638-9350,"Arthur Sorkin, D.D.S., M.S.",Doctor,,,,,3460 Old Washington Rd Suite 301-B,20602,Periodontics,Secondary (specialty),1,1174009922,2018,Ageing,NPPES NPI 1174009922,,,
C,Michael J Kuhn DDS PC,Waldorf,MD,(301) 843-0620,"Michael Kuhn, D.D.S.","President, Orthodontist",,,,,85 High St Suite 4,20602,Orthodontics,Secondary (specialty),1,1326267113,2020,Ageing,NPPES NPI 1326267113,,,
C,Sequence Orthodontics,Waldorf,MD,(617) 599-0599,"Alireza Rajaei, DDS",Owner,,,,,603 Post Office Rd Ste 109,20602,Orthodontics,Secondary (specialty),1,1568832558,2019,Ageing,NPPES NPI 1568832558,,,
C,Chesapeake Endodontics Center LLC,Annapolis,MD,(410) 224-7556,"Jeffery Luzader, ENDODONTIST DDS",Member,,,,,888 Bestgate Rd Suite 213,21401,Endodontics,Secondary (specialty),1,1508915802,2007,Stale,NPPES NPI 1508915802,,,
C,"Dr Gwendolyn Dunn D.d.s, M.S. P.a",Baltimore,MD,(410) 542-9780,Gwendolyn Dunn,Owner,,,,,2406 Garrison Blvd,21216,Orthodontics,Secondary (specialty),2,1033408950,2011,Stale,NPPES NPI 1033408950,,,
C,Drs Russell & Nicholas-Holmes,Baltimore,MD,(410) 566-4200,May Nicholas-Holmes,Orthodontist,,,,,4714 Edmondson Avenue,21229,Orthodontics,Secondary (specialty),1,1003832684,2011,Stale,NPPES NPI 1003832684,,,
C,"Drs. Delgado & Stanek, P.A.",Baltimore,MD,(410) 747-1707,"George Delgado, D.D.S.",President,,,,,1006 Ingleside Ave,21228,Endodontics,Secondary (specialty),1,1124126537,2008,Stale,NPPES NPI 1124126537,,,
C,"Greater Baltimore Medical Center, Inc.",Baltimore,MD,(410) 522-1200,Eric Melchior,Executive Vice President & CFO,,,,,1200 E Fayette St,21202,Family Medicine,Secondary (specialty),1,1831257856,2008,Stale,NPPES NPI 1831257856,,,
C,"Halethorpe Orthodontics, LLC",Baltimore,MD,(410) 565-6282,"Ravi Kaur, DDS",Owner,,,,,4367 Hollins Ferry Rd Suite 1D,21227,Orthodontics,Secondary (specialty),1,1346646379,2014,Stale,NPPES NPI 1346646379,,,
C,"Kevin G Murphy Dds,ms",Baltimore,MD,(410) 372-0202,"Kevin Murphy, DDS, MS",Owner,,,,,6080 Falls Rd Ste 202,21209,Prosthodontics,Secondary (specialty),1,1477767853,2013,Stale,NPPES NPI 1477767853,,,
C,"Maryland Prosthodontic Associates, PC",Baltimore,MD,(443) 519-5293,"Ghassan Sinada, D.D.S.",Owner,,,,,"6569 N Charles St Physicians Pavilion West, Suite 601",21204,Prosthodontics,Secondary (specialty),1,1942575964,2012,Stale,NPPES NPI 1942575964,,,
C,Oral Medicine Consultants,Baltimore,MD,(410) 706-7625,"Timothy Meiller, DDS, PHD",Director Of Oral Medicine,,,,,650 W Baltimore St Room 7251,21201,"Dentist, Oral and Maxillofacial Pathology",Secondary (specialty),2,1871788430,2007,Stale,NPPES NPI 1871788430,,,
C,Bethesda TMJ Facial Pain Treatment LLC,Bethesda,MD,(301) 897-3350,Faith Anderson,Office Manager,,,,,10215 Fernwood Rd #601,20817,Periodontics,Secondary (specialty),2,1982872644,2008,Stale,NPPES NPI 1982872644,,,
C,Washington Center For Image Dentistry,Bethesda,MD,(301) 652-2300,"Vincent Prestipino, DDS",Managing Partner,,,,,7830 Old Georgetown Road Suite 260,20814,Prosthodontics,Secondary (specialty),1,1609066802,2008,Stale,NPPES NPI 1609066802,,,
C,Bowie Orthodontics LLC,Bowie,MD,(301) 383-0514,"Alexis Kirkland, D.D.S.",Owner/orthodontist,,,,,6828 Race Track Rd Ste B,20715,Orthodontics,Secondary (specialty),1,1295150126,2014,Stale,NPPES NPI 1295150126,,,
C,Ejiro Esi DDS PC,Burtonsville,MD,(240) 245-0540,"Ejiro Esi, DDS",Orthodontist,,,,,3915 National Dr 150,20866,Orthodontics,Secondary (specialty),1,1942545215,2012,Stale,NPPES NPI 1942545215,,,
C,Dr Darrll Adrian Clark D.D.S.,California,MD,(301) 866-9850,"Darrell Clark, D.D.S. P.A.",President,,,,,45111 First Colony Way,20619,Orthodontics,Secondary (specialty),1,1093916702,2011,Stale,NPPES NPI 1093916702,,,
C,Dr Darrell Adrian Clark D.D.S.,Clinton,MD,(301) 856-1234,"Darrell Clark, D.D.S. P.A.",President,,,,,8839 Branch Ave,20735,Orthodontics,Secondary (specialty),1,1285835991,2011,Stale,NPPES NPI 1285835991,,,
C,"Patricia S Stoker, Dds, PA",Columbia,MD,(410) 312-5661,"Patricia Stoker, D.D.S.",President Of The Corporation,,,,,6345 Woodside Ct Suite #103,21046,Orthodontics,Secondary (specialty),1,1083986509,2012,Stale,NPPES NPI 1083986509,,,
C,"Rubler And Halpern, LLC",Columbia,MD,(410) 997-0707,"Barbara Halpern, D.D.S.",Dr,,,,,5570 Sterrett Pl Suite 301,21044,Orthodontics,Secondary (specialty),1,1437274560,2008,Stale,NPPES NPI 1437274560,,,
C,"Brian D Hall, Dds, PA",Frederick,MD,(301) 696-2000,"Brian Hall, DDS",President / Endodontist,,,,,1090 W Patrick St Suite D,21703,Endodontics,Secondary (specialty),1,1255417028,2014,Stale,NPPES NPI 1255417028,,,
C,"Robert G Ray, DMD PC",Frederick,MD,(301) 228-3773,"Robert Ray, D.M.D",Doctor,,,,,7360 Guilford Dr #102,21704,Orthodontics,Secondary (specialty),1,1669610515,2009,Stale,NPPES NPI 1669610515,,,
C,Smile Frederick LLC,Frederick,MD,(301) 668-2662,"Robert Mansman, DDS",Owner Doctor,,,,,7360 Guilford Dr,21704,Orthodontics,Secondary (specialty),1,1407294788,2013,Stale,NPPES NPI 1407294788,,,
C,Toothman Orthodontics LLC,Frederick,MD,(301) 662-3366,Christine Haslup,Office Manager,,,,,10 W College Ter,21701,Orthodontics,Secondary (specialty),1,1598106056,2013,Stale,NPPES NPI 1598106056,,,
C,Burk&flinn Orthodontics P.A.,Gaithersburg,MD,(301) 977-4200,"Saul Burk, D.D.S,M.S.",President,,,,,656 Quince Orchard Rd Suite 110,20878,Orthodontics,Secondary (specialty),1,1417070459,2008,Stale,NPPES NPI 1417070459,,,
C,"Naveen Kwatra, Dds, PC",Gaithersburg,MD,(301) 977-2200,"Naveen Kwatra, DDS",President/owner,,,,,806 W Diamond Ave Suite 250,20878,Pediatric,Secondary (specialty),1,1770901324,2014,Stale,NPPES NPI 1770901324,,,
C,"Ngoc Q Chu, Dds, PA",Gaithersburg,MD,(301) 948-1225,"Ngoc Chu, DDS",Officer,,,,,841 Quince Orchard Blvd Ste C,20878,Prosthodontics,Secondary (specialty),1,1184898785,2008,Stale,NPPES NPI 1184898785,,,
C,Olympus Dental LLC,Gaithersburg,MD,(240) 780-7002,"Naveen Kwatra, DDS",President/owner,,,,,19231 Montgomery Village Ave Suite D12,20886,Pediatric,Secondary (specialty),1,1114344843,2014,Stale,NPPES NPI 1114344843,,,
C,"Wai Lam, Dds, PA",Gaithersburg,MD,(301) 963-3100,"Wai Lam, D.D.S.",Orthodontist,,,,,236 Main St Kentlands,20878,Orthodontics,Secondary (specialty),1,1912295874,2011,Stale,NPPES NPI 1912295874,,,
C,"Gary C Spinks, Dmd, PC",Germantown,MD,(301) 540-9090,"Gary Spinks, DMD",President,,,,,19500 Doctors Dr,20874,Periodontics,Secondary (specialty),1,1891987244,2007,Stale,NPPES NPI 1891987244,,,
C,"Germantown Pediatric Dental & Orthodontic Center, LLC",Germantown,MD,(301) 916-6800,Faith Gaskins,Insurance Planning Manager,,,,,19847 Century Blvd Suite 215,20874,Pediatric,Secondary (specialty),1,1770869968,2011,Stale,NPPES NPI 1770869968,,,
C,Dental Associate P.C.,Greenbelt,MD,(301) 474-9100,Rahim Tofigh,Owner,,,,,7500 Hanover Pkwy Ste 106,20770,Pediatric,Secondary (specialty),1,1235398785,2008,Stale,NPPES NPI 1235398785,,,
C,Antietam Orthodontics,Hagerstown,MD,(301) 733-1552,"Paul Thomopulos, DDS.,MDS",Owner,,,,,322 E Antietam St Suite103,21740,Orthodontics,Secondary (specialty),2,1033490263,2011,Stale,NPPES NPI 1033490263,,,
C,"Gordon S Groisser, Dds, MSD",Hagerstown,MD,(301) 393-2680,"Gordon Groisser, DDS, MSD",Owner/president,,,,,18638 Crestwood Drive Lower Level,21742,Orthodontics,Secondary (specialty),1,1790055804,2012,Stale,NPPES NPI 1790055804,,,
C,Periodontics PA,Hagerstown,MD,(301) 797-7410,"John Nitzell, DDS",President Periodontist,,,,,19816 Leitersburg Pike,21742,Periodontics,Secondary (specialty),1,1841489739,2007,Stale,NPPES NPI 1841489739,,,
C,Dental Associate,Hyattsville,MD,(301) 454-0300,Rahim Tofigh,Dentist,,,,,3600 E West Hwy Ste 400,20782,Pediatric,Secondary (specialty),2,1649431735,2008,Stale,NPPES NPI 1649431735,,,
C,"Decker & Lavine, Dds, PA",Laurel,MD,(301) 776-3066,"David Lavine, D.D.S., M.S.",Owner,,,,,14333 Laurel Bowie Rd Suite 201,20708,Orthodontics,Secondary (specialty),1,1316236813,2011,Stale,NPPES NPI 1316236813,,,
C,"Dr Edward G Shaivitz D.d.s., P.A.",Laurel,MD,(301) 490-5555,"Edward Shaivitz, D.D.S.",Owner,,,,,14333 Laurel Bowie Rd Suite 306,20708,Prosthodontics,Secondary (specialty),1,1639344732,2008,Stale,NPPES NPI 1639344732,,,
C,"Dennis Levinson,d.d.s.,p.a.",Owings Mills,MD,(410) 356-6500,Dennis Levinson,President,,,,,9199 Reisterstown Rd Suite 102B,21117,Endodontics,Secondary (specialty),2,1619279262,2011,Stale,NPPES NPI 1619279262,,,
C,Hero Endodontics,Owings Mills,MD,(410) 363-7090,Steve Yoon,Office Manager,,,,,25 Crossroads Dr Ste 147,21117,Endodontics,Secondary (specialty),1,1306182472,2012,Stale,NPPES NPI 1306182472,,,
C,"Amy Light, Dmd, PC",Potomac,MD,(301) 983-9804,"Amy Light, DMD",President,,,,,9812 Falls Rd Suite 118,20854,Orthodontics,Secondary (specialty),1,1336397496,2008,Stale,NPPES NPI 1336397496,,,
C,"Eduardo A Avila, Dmd, LLC",Rockville,MD,(301) 770-3922,"Eduardo Avila, DMD, MPH",Orthodontist,,,,,11400 Rockville Pike Ste 805,20852,Orthodontics,Secondary (specialty),1,1225339328,2013,Stale,NPPES NPI 1225339328,,,
C,Rockville Pediatric Dental LLC,Rockville,MD,(301) 881-0220,"Andrew Horng, DDS",Pediatric Dentist,,,,,121 Congressional Lane Suite 500,20852,Pediatric,Secondary (specialty),1,1497994461,2009,Stale,NPPES NPI 1497994461,,,
C,Sasan Moghaddame-Jafari MS DDS PA,Rockville,MD,(301) 984-3636,Sasan Moghaddame-Jafari,President,,,,,11921 Rockville Pike 405,20852,Endodontics,Secondary (specialty),1,1306009550,2008,Stale,NPPES NPI 1306009550,,,
C,"Stuart L Graves Dental Associates, P.C.",Rockville,MD,(301) 881-3840,Stuart Graves,Owner/president,,,,,11200 Rockville Pike Ste 115,20852,Oral Surgery,Secondary (specialty),1,1831499433,2010,Stale,NPPES NPI 1831499433,,,
C,"Greg Felthousen, Dds, Ms, LLC",Salisbury,MD,(410) 548-1096,"Greg Felthousen, DDS, MS",Owner,,,,,304 Dogwood Dr,21801,Periodontics,Secondary (specialty),1,1235360017,2009,Stale,NPPES NPI 1235360017,,,
C,Lynn F Ascher P A,Salisbury,MD,(410) 543-1675,"Lynn Ascher, DMD",President Of Dr Lynn F Ascher PA,,,,,560 Riverside Drive Suite B201,21801,"Dentist, Oral and Maxillofacial Pathology",Secondary (specialty),1,1225215924,2011,Stale,NPPES NPI 1225215924,,,
C,Cathy Wiltshire DDS PA,Silver Spring,MD,(301) 879-1607,"Cathy Wiltshire, DDS",Orthodontist,,,,,2415 Musgrove Rd Suite 307,20904,Orthodontics,Secondary (specialty),1,1760753420,2012,Stale,NPPES NPI 1760753420,,,
C,Dental Associate P.C.,Silver Spring,MD,(301) 438-1200,Rahim Tofigh,Owner,,,,,14301 Layhill Rd Ste 102,20906,Pediatric,Secondary (specialty),4,1730340829,2008,Stale,NPPES NPI 1730340829,,,
C,Dr Martin L Okun,Silver Spring,MD,(301) 388-2420,"Martin Okun, DDS, PA",Orthodontist,,,,,12520 Prosperity Dr Suite 340,20904,Orthodontics,Secondary (specialty),1,1740495696,2013,Stale,NPPES NPI 1740495696,,,
C,"Duane Erickson, DDS",Silver Spring,MD,(301) 236-0600,"Duane Erickson, DDS",Owner,,,,,13321 New Hampshire Ave Suite 206,20904,Orthodontics,Secondary (specialty),1,1689711541,2011,Stale,NPPES NPI 1689711541,,,
C,Gerald Chasen DDS,Silver Spring,MD,(301) 871-6175,"Gerald Chasen, DDS",Orthodontist,,,,,13975 Connecticut Ave #203,20906,Orthodontics,Secondary (specialty),1,1740339993,2008,Stale,NPPES NPI 1740339993,,,
C,"Kamlesh G Patel, D.M.D. P.A.",Silver Spring,MD,(301) 879-9500,"Kamlesh Patel, D.M.D.",President,,,,,2415 Musgrove Rd Suite 104,20904,Orthodontics,Secondary (specialty),1,1164420626,2009,Stale,NPPES NPI 1164420626,,,
C,Lisa H Slade DDS PC,Silver Spring,MD,(301) 585-9192,Lisa Slade,CEO-President,,,,,8607 2ND Ave Suite 201A,20910,Endodontics,Secondary (specialty),1,1215061882,2011,Stale,NPPES NPI 1215061882,,,
C,Marianne S Siewe Dds.ms.pc.,Silver Spring,MD,(301) 460-0770,"Marianne Siewe, DDS.,MS.",President,,,,,2277 Bel Pre Rd Ste 206,20906,Orthodontics,Secondary (specialty),1,1366751844,2010,Stale,NPPES NPI 1366751844,,,
C,"Samir B Hishmeh, D.d.s., PA",Silver Spring,MD,(301) 384-5700,"Samir Hishmeh, D.D.S.","Oral Surgeon, President",,,,,2415 Musgrove Rd 109,20904,Oral Surgery,Secondary (specialty),1,1821245903,2008,Stale,NPPES NPI 1821245903,,,
C,Scott Orthodontics,Silver Spring,MD,(301) 589-8191,"Stuart Scott, DDS",Owner,,,,,804 Pershing Dr Suite 106,20910,Orthodontics,Secondary (specialty),1,1710190541,2009,Stale,NPPES NPI 1710190541,,,
C,Alexandra Antonopoulou LLC,Towson,MD,(410) 337-0005,"Alexandra Antonopoulou, DDS",Endodontist,,,,,8320 Bellona Ave,21204,Endodontics,Secondary (specialty),1,1306172226,2009,Stale,NPPES NPI 1306172226,,,
C,Greater Baltimore Prosthodontics PA,Towson,MD,(410) 296-0136,"Michael Linnan, DDS PA",Owner,,,,,110 West Rd Suite 200,21204,Prosthodontics,Secondary (specialty),1,1841287034,2007,Stale,NPPES NPI 1841287034,,,
C,Robert G Ray D.m.d,Towson,MD,(410) 494-4344,"Robert Ray, D.M.D",Doctor,,,,,8600 Lasalle Rd Suite 630,21286,Orthodontics,Secondary (specialty),1,1023219367,2010,Stale,NPPES NPI 1023219367,,,
C,Dr Darrell Adrian Clark D.D.S.,Waldorf,MD,(301) 638-0282,"Darrell Clark, D.D.S.",President,,,,,12070 Old Line Ctr,20602,Orthodontics,Secondary (specialty),1,1568681682,2011,Stale,NPPES NPI 1568681682,,,
