Priority,Practice Name,City,State,Phone,Phone Check,Phone Note,Owner / Decision Maker,Owner Title,Email,Email Check,Email Type,Mail Host,Email Note,Email Source,Website,Address,ZIP,Practice Type,Record Type,Target Tier,Google Rating,Locations On Phone,Record Updated,Record Freshness,Source - Registry,Source - Website,Source - Google Maps,Source - Email Found On,Data Flag,NPI,Called,Outcome,Follow Up
B,Jude A Jocham DDS LLC,Auburn,ME,(207) 241-4429,VALID,area code matches ME,"Jude Jocham, DDS",Dentist,,,,,,,,26 Cross St,04210,General Dentistry,Practice (organisation),Primary (general),,1,2025,Recent,https://npiregistry.cms.hhs.gov/provider-view/1265245211,,,,,1265245211,,,
B,Lilianne Lorenzo,Auburn,ME,(207) 464-9373,VALID,area code matches ME,Lilianne Lorenzo,Dentist,,,,,,,,791 Turner St,04210,General Dentistry,Individual dentist,Primary (general),,1,2025,Recent,https://npiregistry.cms.hhs.gov/provider-view/1578325213,,,,,1578325213,,,
B,Taylor Brook Dental Associates,Auburn,ME,(207) 784-1577,VALID,area code matches ME,"Clifford Larlee, DMD",Owner Dentist,,,,,,,,27 Millett Dr,04210,General Dentistry,Practice (organisation),Primary (general),,1,2022,Recent,https://npiregistry.cms.hhs.gov/provider-view/1992924963,,,,,1992924963,,,
B,"Grace Odimayo, DMD",Augusta,ME,(207) 624-4773,VALID,area code matches ME,"Grace Odimayo, DMD",DMD,,,,,,,,250 Arsenal Street 11 Shs,04333,General Dentistry,Individual dentist,Primary (general),,1,2026,Recent,https://npiregistry.cms.hhs.gov/provider-view/1326081076,,,,,1326081076,,,
B,"Jenna Fongemie, DMD",Augusta,ME,(207) 622-1488,VALID,area code matches ME,"Jenna Fongemie, DMD",DMD,,,,,,,,94 Western Ave Ste 1,04330,General Dentistry,Individual dentist,Primary (general),,1,2022,Recent,https://npiregistry.cms.hhs.gov/provider-view/1235860545,,,,,1235860545,,,
B,"Kevin Kwon, DMD",Augusta,ME,(207) 287-3333,VALID,area code matches ME,"Kevin Kwon, DMD",DMD,,,,,,,,25 Stone St,04330,General Dentistry,Individual dentist,Primary (general),,1,2026,Recent,https://npiregistry.cms.hhs.gov/provider-view/1750952107,,,,,1750952107,,,
B,"Maine Dental Group, P.C.",Augusta,ME,(207) 622-9210,VALID,area code matches ME,David Lee,COO,,,,,,,,25 Stone St,04330,General Dentistry,Practice (organisation),Primary (general),,1,2024,Recent,https://npiregistry.cms.hhs.gov/provider-view/1154794758,,,,,1154794758,,,
B,"Nicole Hasenfus, D.D.S.",Augusta,ME,(207) 446-8579,VALID,area code matches ME,"Nicole Hasenfus, D.D.S.",D.D.S.,,,,,,,,41 Fuller Rd,04330,General Dentistry,Individual dentist,Primary (general),,1,2026,Recent,https://npiregistry.cms.hhs.gov/provider-view/1619380144,,,,,1619380144,,,
B,True Trusty Dental Group LLC,Augusta,ME,(207) 621-6700,VALID,area code matches ME,Michael Yoo,Owner,,,,,,,,102 Western Ave,04330,General Dentistry,Practice (organisation),Primary (general),,1,2023,Recent,https://npiregistry.cms.hhs.gov/provider-view/1740750553,,,,,1740750553,,,
B,Brandon Jolley DDS PA LLC,Bangor,ME,(207) 945-5952,VALID,area code matches ME,"Brandon Jolley, DDS",Owner/dentist,,,,,,,,700 Mount Hope Ave Ste 610,04401,General Dentistry,Practice (organisation),Primary (general),,2,2023,Recent,https://npiregistry.cms.hhs.gov/provider-view/1104691096,,,,,1104691096,,,
B,Creative Dental LLC,Bangor,ME,(207) 942-3000,VALID,area code matches ME,David Lee,COO,,,,,,,,1407 Broadway,04401,General Dentistry,Practice (organisation),Primary (general),,1,2024,Recent,https://npiregistry.cms.hhs.gov/provider-view/1194574723,,,,,1194574723,,,
B,"Israel Adeloye, D.M.D",Bangor,ME,(207) 404-8200,VALID,area code matches ME,"Israel Adeloye, D.M.D",D.m.d,,,,,,,,1048 Union St,04401,General Dentistry,Individual dentist,Primary (general),,1,2024,Recent,https://npiregistry.cms.hhs.gov/provider-view/1588070635,,,,,1588070635,,,
B,"Jacob Christman, DDS",Bangor,ME,(207) 404-8100,VALID,area code matches ME,"Jacob Christman, DDS",DDS,,,,,,,,1048 Union St,04401,General Dentistry,Individual dentist,Primary (general),,1,2023,Recent,https://npiregistry.cms.hhs.gov/provider-view/1396445060,,,,,1396445060,,,
B,"Layne Whiteley, D.D.S.",Bangor,ME,(917) 671-6160,CHECK,"area code 917 belongs to NY, practice is in ME","Layne Whiteley, D.D.S.",D.D.S.,,,,,,,,359 Hammond St,04401,General Dentistry,Individual dentist,Primary (general),,1,2024,Recent,https://npiregistry.cms.hhs.gov/provider-view/1841503505,,,,,1841503505,,,
B,"Mitchell Craig, DMD",Bar Harbor,ME,(207) 288-5333,VALID,area code matches ME,"Mitchell Craig, DMD",DMD,,,,,,,,1357 State Highway 102,04609,General Dentistry,Individual dentist,Primary (general),,1,2023,Recent,https://npiregistry.cms.hhs.gov/provider-view/1568146652,,,,,1568146652,,,
B,Catholic Charities Maine,Bath,ME,(207) 443-9721,VALID,area code matches ME,Alyssa Gilberti-Pekins,Chief Compliance Officer,,,,,,,,171 Congress Ave,04530,General Dentistry,Practice (organisation),Primary (general),,1,2026,Recent,https://npiregistry.cms.hhs.gov/provider-view/1184552945,,,,,1184552945,,,
B,"Jodie Griffin, DMD",Bath,ME,(207) 214-3289,VALID,area code matches ME,"Jodie Griffin, DMD",DMD,,,,,,,,171 Congress Ave,04530,General Dentistry,Individual dentist,Primary (general),,1,2026,Recent,https://npiregistry.cms.hhs.gov/provider-view/1013849785,,,,,1013849785,,,
B,Penobscot Community Health Center,Belfast,ME,(207) 218-6003,VALID,area code matches ME,"Lorelle Dwyer, ESQ.",President & CEO,,,,,,,,29 Schoodic Dr Ste 201,04915,General Dentistry,Practice (organisation),Primary (general),,1,2026,Recent,https://npiregistry.cms.hhs.gov/provider-view/1265381818,,,,,1265381818,,,
B,"Anna Ivanova, DMD",Biddeford,ME,(207) 569-8167,VALID,area code matches ME,"Anna Ivanova, DMD",DMD,,,,,,,,413 Alfred St Ste 101,04005,General Dentistry,Individual dentist,Primary (general),,1,2022,Recent,https://npiregistry.cms.hhs.gov/provider-view/1023538253,,,,,1023538253,,,
B,"Daniel Burke, Dmd, LLC",Biddeford,ME,(207) 284-5957,VALID,area code matches ME,"Daniel Burke, DMD",Owner,info@allsmilesdentalmaine.com,DELIVERABLE,Role account,Microsoft 365,domain accepts mail (MX present),NPPES federal registry filing,,2 Wellspring Rd,04005,General Dentistry,Practice (organisation),Primary (general),,1,2022,Recent,https://npiregistry.cms.hhs.gov/provider-view/1104539709,,,https://npiregistry.cms.hhs.gov/provider-view/1104539709,,1104539709,,,
B,"Edward Hirst, D. M. D.",Biddeford,ME,(207) 284-5253,VALID,area code matches ME,"Edward Hirst, D. M. D.",D M D,,,,,,,,275 Main St,04005,General Dentistry,Individual dentist,Primary (general),,1,2026,Recent,https://npiregistry.cms.hhs.gov/provider-view/1699713057,,,,,1699713057,,,
B,"Maine Dental Group, P.C.",Biddeford,ME,(207) 283-3775,VALID,area code matches ME,David Lee,COO,,,,,,,,473 Alfred St,04005,General Dentistry,Practice (organisation),Primary (general),,1,2024,Recent,https://npiregistry.cms.hhs.gov/provider-view/1740412899,,,,,1740412899,,,
B,Oakes Dental II LLC,Biddeford,ME,(207) 282-1229,VALID,area code matches ME,Nathan Oakes,Owner,,,,,,,,125 Shops Way # 126,04005,General Dentistry,Practice (organisation),Primary (general),,1,2023,Recent,https://npiregistry.cms.hhs.gov/provider-view/1225541907,,,,,1225541907,,,
B,"Nicole Cividanes, DMD",Brewer,ME,(207) 989-1952,VALID,area code matches ME,"Nicole Cividanes, DMD",DMD,,,,,,,,182 Wilson St,04412,General Dentistry,Individual dentist,Primary (general),,1,2023,Recent,https://npiregistry.cms.hhs.gov/provider-view/1720335748,,,,,1720335748,,,
B,"Samantha Leduc, DMD",Bridgton,ME,(207) 647-8052,VALID,area code matches ME,"Samantha Leduc, DMD",DMD,,,,,,,,138 Harrison Rd,04009,General Dentistry,Individual dentist,Primary (general),,1,2022,Recent,https://npiregistry.cms.hhs.gov/provider-view/1356070825,,,,,1356070825,,,
B,"Chadd Cockrell, DMD",Brunswick,ME,(207) 729-8939,VALID,area code matches ME,"Chadd Cockrell, DMD",DMD,,,,,,,,10 Everett St,04011,General Dentistry,Individual dentist,Primary (general),,1,2022,Recent,https://npiregistry.cms.hhs.gov/provider-view/1417394206,,,,,1417394206,,,
B,Downeast-Brunswick PLLC,Brunswick,ME,(207) 517-1011,VALID,area code matches ME,Mariah Thibault,Chief Operations Officer,,,,,,,,16 Center St,04011,General Dentistry,Practice (organisation),Primary (general),,1,2025,Recent,https://npiregistry.cms.hhs.gov/provider-view/1487539037,,,,,1487539037,,,
B,"Edward Roy, D.M.D.",Brunswick,ME,(207) 729-4144,VALID,area code matches ME,"Edward Roy, D.M.D.",D.M.D.,,,,,,,,39 Baribeau Dr,04011,General Dentistry,Individual dentist,Primary (general),,1,2023,Recent,https://npiregistry.cms.hhs.gov/provider-view/1932286143,,,,,1932286143,,,
B,Gregory Stein,Brunswick,ME,(207) 560-9319,VALID,area code matches ME,Gregory Stein,Dentist,,,,,,,,16 Center St,04011,General Dentistry,Individual dentist,Primary (general),,1,2022,Recent,https://npiregistry.cms.hhs.gov/provider-view/1245963164,,,,,1245963164,,,
B,"Roula Giannos, DMD",Camden,ME,(207) 236-3381,VALID,area code matches ME,"Roula Giannos, DMD",DMD,,,,,,,,1 Pearl St,04843,General Dentistry,Individual dentist,Primary (general),,1,2022,Recent,https://npiregistry.cms.hhs.gov/provider-view/1336297068,,,,,1336297068,,,
B,"Steven Andreasen, DMD",Cape Elizabeth,ME,(207) 799-0760,VALID,area code matches ME,"Steven Andreasen, DMD",DMD,,,,,,,,1232 A Shore Rd,04107,General Dentistry,Individual dentist,Primary (general),,1,2026,Recent,https://npiregistry.cms.hhs.gov/provider-view/1265400659,,,,,1265400659,,,
B,"David Levasseur, DDS",Caribou,ME,(207) 498-1314,VALID,area code matches ME,"David Levasseur, DDS",DDS,,,,,,,,163 Van Buren Rd,04736,General Dentistry,Individual dentist,Primary (general),,1,2024,Recent,https://npiregistry.cms.hhs.gov/provider-view/1154841559,,,,,1154841559,,,
B,Luis Gamarra,Dexter,ME,(801) 214-5852,VALID,area code 801 outside target states,Luis Gamarra,Dentist,,,,,,,,23 Main St,04930,General Dentistry,Individual dentist,Primary (general),,1,2025,Recent,https://npiregistry.cms.hhs.gov/provider-view/1205572120,,,,,1205572120,,,
B,"John Clark, DDS",Dover Foxcroft,ME,(207) 564-8197,VALID,area code matches ME,"John Clark, DDS",DDS,,,,,,,,8 Monument Square Ln,04426,General Dentistry,Individual dentist,Primary (general),,1,2025,Recent,https://npiregistry.cms.hhs.gov/provider-view/1235344052,,,,,1235344052,,,
B,Castleberry Dental LLC,Ellsworth,ME,(207) 374-5538,VALID,area code matches ME,"Travis Castleberry, DMD",Owner,,,,,,,,382 State St,04605,General Dentistry,Practice (organisation),Primary (general),,1,2025,Recent,https://npiregistry.cms.hhs.gov/provider-view/1376999730,,,,,1376999730,,,
B,"Kyle Wright, DMD",Ellsworth,ME,(207) 667-3009,VALID,area code matches ME,"Kyle Wright, DMD",DMD,,,,,,,,192 Main St,04605,General Dentistry,Individual dentist,Primary (general),,1,2026,Recent,https://npiregistry.cms.hhs.gov/provider-view/1790611390,,,,,1790611390,,,
B,"Jacob Kieffer, DDS",Falmouth,ME,(207) 517-7008,VALID,area code matches ME,"Jacob Kieffer, DDS",DDS,,,,,,,,202 Us Route 1 Ste 1,04105,General Dentistry,Individual dentist,Primary (general),,1,2023,Recent,https://npiregistry.cms.hhs.gov/provider-view/1013430453,,,,,1013430453,,,
B,Meghann Dombroski,Falmouth,ME,(207) 699-4160,VALID,area code matches ME,Meghann Dombroski,Dentist,,,,,,,,74 Gray Rd,04105,General Dentistry,Individual dentist,Primary (general),,1,2025,Recent,https://npiregistry.cms.hhs.gov/provider-view/1063725927,,,,,1063725927,,,
B,"Farrah Ross, DMD",Fryeburg,ME,(207) 935-3133,VALID,area code matches ME,"Farrah Ross, DMD",DMD,,,,,,,,44 Portland St,04037,General Dentistry,Individual dentist,Primary (general),,1,2024,Recent,https://npiregistry.cms.hhs.gov/provider-view/1255178182,,,,,1255178182,,,
B,"Andrew Athanathious, DMD",Gorham,ME,(207) 222-0522,VALID,area code matches ME,"Andrew Athanathious, DMD",DMD,,,,,,,,77 South St,04038,General Dentistry,Individual dentist,Primary (general),,1,2022,Recent,https://npiregistry.cms.hhs.gov/provider-view/1861125940,,,,,1861125940,,,
B,"Alex Kerbaugh, DMD",Kennebunk,ME,(207) 999-7245,VALID,area code matches ME,"Alex Kerbaugh, DMD",DMD,,,,,,,,5 Webhannet Place,04043,General Dentistry,Individual dentist,Primary (general),,1,2023,Recent,https://npiregistry.cms.hhs.gov/provider-view/1013447234,,,,,1013447234,,,
B,"Noah Frost, DMD",Kennebunk,ME,(207) 985-3796,VALID,area code matches ME,"Noah Frost, DMD",DMD,,,,,,,,118 York St,04043,General Dentistry,Individual dentist,Primary (general),,1,2025,Recent,https://npiregistry.cms.hhs.gov/provider-view/1346032430,,,,,1346032430,,,
B,"Mark Governo, D.M.D",Kittery,ME,(207) 439-3390,VALID,area code matches ME,"Mark Governo, D.M.D",D.m.d,,,,,,,,12 Newmarch St,03904,General Dentistry,Individual dentist,Primary (general),,1,2025,Recent,https://npiregistry.cms.hhs.gov/provider-view/1649359746,,,,,1649359746,,,
B,"Corbin Terry, DDS",Lewiston,ME,(207) 241-9139,VALID,area code matches ME,"Corbin Terry, DDS",DDS,,,,,,,,488 Sabattus St,04240,General Dentistry,Individual dentist,Primary (general),,1,2022,Recent,https://npiregistry.cms.hhs.gov/provider-view/1376286526,,,,,1376286526,,,
B,"Kmc Dental, P.A.",Lewiston,ME,(207) 376-4977,VALID,area code matches ME,"Kevin Connelly, DMD",Owner,,,,,,,,1065 Lisbon St,04240,General Dentistry,Practice (organisation),Primary (general),,2,2022,Recent,https://npiregistry.cms.hhs.gov/provider-view/1225559289,,,,,1225559289,,,
B,Deepa Patel,Lisbon,ME,(770) 630-8890,VALID,area code 770 outside target states,Deepa Patel,Dentist,,,,,,,,4 Bisbee St,04250,General Dentistry,Individual dentist,Primary (general),,1,2026,Recent,https://npiregistry.cms.hhs.gov/provider-view/1356276885,,,,,1356276885,,,
B,"Dustin Nadeau, DMD",Newport,ME,(207) 368-2500,VALID,area code matches ME,"Dustin Nadeau, DMD",DMD,,,,,,,,71 Elm St,04953,General Dentistry,Individual dentist,Primary (general),,1,2022,Recent,https://npiregistry.cms.hhs.gov/provider-view/1730616640,,,,,1730616640,,,
B,"Amy Alexcovich, DMD",Old Town,ME,(207) 827-6605,VALID,area code matches ME,"Amy Alexcovich, DMD",DMD,,,,,,,,242 Brunswick St,04468,General Dentistry,Individual dentist,Primary (general),,1,2022,Recent,https://npiregistry.cms.hhs.gov/provider-view/1538323019,,,,,1538323019,,,
B,"Albert Abena, D.D.S.",Portland,ME,(207) 221-4687,VALID,area code matches ME,"Albert Abena, D.D.S.",D.D.S.,,,,,,,,716 Stevens Ave,04103,General Dentistry,Individual dentist,Primary (general),,1,2022,Recent,https://npiregistry.cms.hhs.gov/provider-view/1003945528,,,,,1003945528,,,
B,Alexandra Y Peacock Cathcart DMD LLC,Portland,ME,(207) 797-7433,VALID,area code matches ME,"Alexandra Peacock Cathcart, D.M.D.",Owner,,,,,,,,110 Auburn Street,04103,General Dentistry,Practice (organisation),Primary (general),,1,2024,Recent,https://npiregistry.cms.hhs.gov/provider-view/1154446672,,,,,1154446672,,,
B,Arc Dental LLC,Portland,ME,(207) 772-4359,VALID,area code matches ME,David Lee,COO,,,,,,,,612 Brighton Ave,04102,General Dentistry,Practice (organisation),Primary (general),,1,2024,Recent,https://npiregistry.cms.hhs.gov/provider-view/1174399232,,,,,1174399232,,,
B,Arvene Golbazi,Portland,ME,(207) 910-5370,VALID,area code matches ME,Arvene Golbazi,Dentist,,,,,,,,193 Middle St,04101,General Dentistry,Individual dentist,Primary (general),,1,2026,Recent,https://npiregistry.cms.hhs.gov/provider-view/1821831801,,,,,1821831801,,,
B,"Charles Iselborn, DDS",Portland,ME,(207) 774-0546,VALID,area code matches ME,"Charles Iselborn, DDS",DDS,,,,,,,,149 Brighton Ave,04102,General Dentistry,Individual dentist,Primary (general),,1,2026,Recent,https://npiregistry.cms.hhs.gov/provider-view/1437198397,,,,,1437198397,,,
B,"Chelsea Toussaint, DMD",Portland,ME,(207) 517-6276,VALID,area code matches ME,"Chelsea Toussaint, DMD",DMD,,,,,,,,1036 Brighton Ave,04102,General Dentistry,Individual dentist,Primary (general),,1,2022,Recent,https://npiregistry.cms.hhs.gov/provider-view/1548519598,,,,,1548519598,,,
B,Community Dental,Portland,ME,(207) 874-1028,VALID,area code matches ME,Shelley Pelkey,It Coordinator,,,,,,,,190 Park Ave,04102,General Dentistry,Practice (organisation),Primary (general),,1,2022,Recent,https://npiregistry.cms.hhs.gov/provider-view/1467528851,,,,,1467528851,,,
B,"Courtney Schapira, DDS",Portland,ME,(843) 696-4003,VALID,area code 843 outside target states,"Courtney Schapira, DDS",DDS,,,,,,,,716 Stevens Ave,04103,General Dentistry,Individual dentist,Primary (general),,1,2022,Recent,https://npiregistry.cms.hhs.gov/provider-view/1619961760,,,,,1619961760,,,
B,Cynthia Koch,Portland,ME,(970) 393-0627,VALID,area code 970 outside target states,Cynthia Koch,Dentist,,,,,,,,17 Arlington St,04101,General Dentistry,Individual dentist,Primary (general),,1,2025,Recent,https://npiregistry.cms.hhs.gov/provider-view/1669367926,,,,,1669367926,,,
B,David R Kerr,Portland,ME,(207) 780-2900,VALID,area code matches ME,"David Kerr, DDS",Owner,,,,,,,,1601 Congress St,04102,General Dentistry,Practice (organisation),Primary (general),,1,2026,Recent,https://npiregistry.cms.hhs.gov/provider-view/1518335892,,,,,1518335892,,,
B,Dental Wellness PA LLC,Portland,ME,(207) 370-0575,VALID,area code matches ME,"Eugene Kim, DDS",Dentist/owner,,,,,,,,295 Forest Ave,04101,General Dentistry,Practice (organisation),Primary (general),,1,2022,Recent,https://npiregistry.cms.hhs.gov/provider-view/1699421800,,,,,1699421800,,,
B,"Florence Edwards, D.D.S.",Portland,ME,(207) 272-7637,VALID,area code matches ME,"Florence Edwards, D.D.S.",D.D.S.,,,,,,,,11 Little Rd,04102,General Dentistry,Individual dentist,Primary (general),,1,2024,Recent,https://npiregistry.cms.hhs.gov/provider-view/1396055760,,,,,1396055760,,,
B,"Hsin-Chiang Lee, DDS, MSD",Portland,ME,(463) 249-1299,VALID,area code 463 outside target states,"Hsin-Chiang Lee, DDS, MSD","DDS, MSD",,,,,,,,716 Stevens Ave,04103,General Dentistry,Individual dentist,Primary (general),,1,2024,Recent,https://npiregistry.cms.hhs.gov/provider-view/1881432599,,,,,1881432599,,,
B,"Jawharah Almalki, BDS, MS",Portland,ME,(207) 221-4773,VALID,area code matches ME,"Jawharah Almalki, BDS, MS","Bds, MS",,,,,,,,1 College St,04103,General Dentistry,Individual dentist,Primary (general),,1,2024,Recent,https://npiregistry.cms.hhs.gov/provider-view/1144055781,,,,,1144055781,,,
B,"Joel Doyon, DDS",Portland,ME,(207) 221-4805,VALID,area code matches ME,"Joel Doyon, DDS",DDS,,,,,,,,1 College St,04103,General Dentistry,Individual dentist,Primary (general),,1,2023,Recent,https://npiregistry.cms.hhs.gov/provider-view/1609822634,,,,,1609822634,,,
B,"Juan Bugueno, DDS",Portland,ME,(207) 212-4739,VALID,area code matches ME,"Juan Bugueno, DDS",DDS,,,,,,,,1 College St,04103,General Dentistry,Individual dentist,Primary (general),,1,2024,Recent,https://npiregistry.cms.hhs.gov/provider-view/1730150525,,,,,1730150525,,,
B,"Julia Clapis, DMD",Portland,ME,(207) 847-1028,VALID,area code matches ME,"Julia Clapis, DMD",DMD,,,,,,,,190 Park Ave,04102,General Dentistry,Individual dentist,Primary (general),,1,2025,Recent,https://npiregistry.cms.hhs.gov/provider-view/1326935917,,,,,1326935917,,,
B,"Kailee Jorgenson, DMD",Portland,ME,(207) 808-9694,VALID,area code matches ME,"Kailee Jorgenson, DMD",DMD,,,,,,,,117 Auburn St,04103,General Dentistry,Individual dentist,Primary (general),,1,2025,Recent,https://npiregistry.cms.hhs.gov/provider-view/1043879372,,,,,1043879372,,,
B,"Katelyn Allen, DMD",Portland,ME,(207) 623-8411,VALID,area code matches ME,"Katelyn Allen, DMD",DMD,,,,,,,,141 W Commercial St,04102,General Dentistry,Individual dentist,Primary (general),,1,2022,Recent,https://npiregistry.cms.hhs.gov/provider-view/1215430822,,,,,1215430822,,,
B,"Kelly Holst, DMD",Portland,ME,(207) 221-4294,VALID,area code matches ME,"Kelly Holst, DMD",DMD,,,,,,,,716 Stevens Ave,04103,General Dentistry,Individual dentist,Primary (general),,1,2024,Recent,https://npiregistry.cms.hhs.gov/provider-view/1801373998,,,,,1801373998,,,
B,Melissa Sears,Portland,ME,(207) 221-4748,VALID,area code matches ME,Melissa Sears,Dentist,,,,,,,,1 College St,04103,General Dentistry,Individual dentist,Primary (general),,1,2024,Recent,https://npiregistry.cms.hhs.gov/provider-view/1245848118,,,,,1245848118,,,
B,"Michelle Lund, D.D.S.",Portland,ME,(207) 221-4784,VALID,area code matches ME,"Michelle Lund, D.D.S.",D.D.S.,,,,,,,,1 College St,04103,General Dentistry,Individual dentist,Primary (general),,1,2025,Recent,https://npiregistry.cms.hhs.gov/provider-view/1538246319,,,,,1538246319,,,
B,"Nevin Lessard, DMD",Portland,ME,(057) 520-7370,INVALID,not a valid NANP number,"Nevin Lessard, DMD",DMD,,,,,,,,295 Forest Ave Ste 6,04101,General Dentistry,Individual dentist,Primary (general),,1,2023,Recent,https://npiregistry.cms.hhs.gov/provider-view/1790479244,,,,,1790479244,,,
B,"Nikki Trone McCabe, DMD",Portland,ME,(207) 221-4813,VALID,area code matches ME,"Nikki Trone McCabe, DMD",DMD,,,,,,,,1 College St,04103,General Dentistry,Individual dentist,Primary (general),,1,2025,Recent,https://npiregistry.cms.hhs.gov/provider-view/1366029548,,,,,1366029548,,,
B,"Palwinder Kaur-Panesar, DDS",Portland,ME,(207) 283-0171,VALID,area code matches ME,"Palwinder Kaur-Panesar, DDS",DDS,,,,,,,,1 College St,04103,General Dentistry,Individual dentist,Primary (general),,1,2026,Recent,https://npiregistry.cms.hhs.gov/provider-view/1710921945,,,,,1710921945,,,
B,Russell Family Dentistry LLC,Portland,ME,(207) 772-6966,VALID,area code matches ME,"Keith Russell, D.M.D.",Member/dentist,,,,,,,,495 Woodford Street,04103,General Dentistry,Practice (organisation),Primary (general),,1,2023,Recent,https://npiregistry.cms.hhs.gov/provider-view/1659449940,,,,,1659449940,,,
B,"Sarah Georgeson, DMD",Portland,ME,(207) 221-4747,VALID,area code matches ME,"Sarah Georgeson, DMD",DMD,,,,,,,,1 College St,04103,General Dentistry,Individual dentist,Primary (general),,1,2022,Recent,https://npiregistry.cms.hhs.gov/provider-view/1215591664,,,,,1215591664,,,
B,"Tamer Theodory, DDS",Portland,ME,(207) 221-4863,VALID,area code matches ME,"Tamer Theodory, DDS",DDS,,,,,,,,University Of New England College Of Dental Medicine 716 Stevens Avenue,04103,General Dentistry,Individual dentist,Primary (general),,1,2022,Recent,https://npiregistry.cms.hhs.gov/provider-view/1124498779,,,,,1124498779,,,
B,County Roots Childrens Dentistry LLC,Presque Isle,ME,(207) 462-4767,VALID,area code matches ME,"Erik Johnson, DMD",Pediatric Dentist,,,,,,,,181 Academy St Ste 4,04769,General Dentistry,Practice (organisation),Primary (general),,1,2024,Recent,https://npiregistry.cms.hhs.gov/provider-view/1689494213,,,,,1689494213,,,
B,Fei Yang,Presque Isle,ME,(207) 554-5045,VALID,area code matches ME,Fei Yang,Dentist,,,,,,,,122 Academy St,04769,General Dentistry,Individual dentist,Primary (general),,1,2026,Recent,https://npiregistry.cms.hhs.gov/provider-view/1306521695,,,,,1306521695,,,
B,"Levasseur Dentistry, LLC",Presque Isle,ME,(207) 764-3040,VALID,area code matches ME,"David Levasseur, DDS",Owner,,,,,,,,169 Academy St,04769,General Dentistry,Practice (organisation),Primary (general),,1,2023,Recent,https://npiregistry.cms.hhs.gov/provider-view/1194419382,,,,,1194419382,,,
B,Corey Riemersma,Rockport,ME,(207) 292-4027,VALID,area code matches ME,Corey Riemersma,Dentist,,,,,,,,819 Commercial St,04856,General Dentistry,Individual dentist,Primary (general),,1,2022,Recent,https://npiregistry.cms.hhs.gov/provider-view/1689396129,,,,,1689396129,,,
B,"Andrew Elkinson, DDS",Saco,ME,(207) 749-1436,VALID,area code matches ME,"Andrew Elkinson, DDS",DDS,,,,,,,,7 Wildberry Ln,04072,General Dentistry,Individual dentist,Primary (general),,1,2024,Recent,https://npiregistry.cms.hhs.gov/provider-view/1922842772,,,,,1922842772,,,
B,"Grace Harriman, DDS",Saco,ME,(207) 910-2646,VALID,area code matches ME,"Grace Harriman, DDS",DDS,,,,,,,,23 Water St Ste 104,04072,General Dentistry,Individual dentist,Primary (general),,1,2026,Recent,https://npiregistry.cms.hhs.gov/provider-view/1588943484,,,,,1588943484,,,
B,Maine Emergency Dentist,Saco,ME,(207) 408-6001,VALID,area code matches ME,"Grace Harriman, DDS",Dentist,,,,,,,,23 Water St,04072,General Dentistry,Practice (organisation),Primary (general),,1,2026,Recent,https://npiregistry.cms.hhs.gov/provider-view/1710869409,,,,,1710869409,,,
B,Saco Family Dentistry Holding LLC,Saco,ME,(207) 800-9315,VALID,area code matches ME,David Lee,COO,,,,,,,,323 Main St Unit 2,04072,General Dentistry,Practice (organisation),Primary (general),,1,2024,Recent,https://npiregistry.cms.hhs.gov/provider-view/1366209801,,,,,1366209801,,,
B,"Daniel Ravin, D.M.D.",Scarborough,ME,(207) 883-7887,VALID,area code matches ME,"Daniel Ravin, D.M.D.",D.M.D.,,,,,,,,40 Hannaford Dr,04074,General Dentistry,Individual dentist,Primary (general),,1,2026,Recent,https://npiregistry.cms.hhs.gov/provider-view/1851331250,,,,,1851331250,,,
B,"Nathan Goff, DMD",Scarborough,ME,(207) 883-0045,VALID,area code matches ME,"Nathan Goff, DMD",DMD,,,,,,,,7 Portland Farms Rd,04074,General Dentistry,Individual dentist,Primary (general),,1,2026,Recent,https://npiregistry.cms.hhs.gov/provider-view/1609818970,,,,,1609818970,,,
B,"Peter Garramore, DMD",Scarborough,ME,(207) 590-2698,VALID,area code matches ME,"Peter Garramore, DMD",DMD,,,,,,,,9 Laurel Ridge Rd,04074,General Dentistry,Individual dentist,Primary (general),,1,2025,Recent,https://npiregistry.cms.hhs.gov/provider-view/1881617165,,,,,1881617165,,,
B,"Sonya Shafique, DMD",Scarborough,ME,(603) 393-2784,VALID,area code 603 outside target states,"Sonya Shafique, DMD",DMD,,,,,,,,91 County Rd Ste 4,04074,General Dentistry,Individual dentist,Primary (general),,1,2026,Recent,https://npiregistry.cms.hhs.gov/provider-view/1356977706,,,,,1356977706,,,
B,"Summit Dental, PLLC",Scarborough,ME,(207) 503-0026,VALID,area code matches ME,"Sonya Shafique, DMD",Owner,,,,,,,,91 County Rd Ste 4,04074,General Dentistry,Practice (organisation),Primary (general),,1,2025,Recent,https://npiregistry.cms.hhs.gov/provider-view/1932061793,,,,,1932061793,,,
B,"Alice Dalco, DMD",Skowhegan,ME,(207) 474-8588,VALID,area code matches ME,"Alice Dalco, DMD",DMD,,,,,,,,327 North Ave,04976,General Dentistry,Individual dentist,Primary (general),,1,2025,Recent,https://npiregistry.cms.hhs.gov/provider-view/1700678497,,,,,1700678497,,,
B,"Eric Kessler, DDS",South Portland,ME,(512) 739-5261,VALID,area code 512 outside target states,"Eric Kessler, DDS",DDS,,,,,,,,171 Maine Mall Rd,04106,General Dentistry,Individual dentist,Primary (general),,1,2026,Recent,https://npiregistry.cms.hhs.gov/provider-view/1851096549,,,,,1851096549,,,
B,"James Chatmas, DDS",South Portland,ME,(207) 370-8282,VALID,area code matches ME,"James Chatmas, DDS",DDS,,,,,,,,307 Preble St,04106,General Dentistry,Individual dentist,Primary (general),,1,2022,Recent,https://npiregistry.cms.hhs.gov/provider-view/1710698675,,,,,1710698675,,,
B,Kembria Mayes,South Portland,ME,(207) 910-3567,VALID,area code matches ME,Kembria Mayes,Dentist,,,,,,,,171 Maine Mall Rd,04106,General Dentistry,Individual dentist,Primary (general),,1,2025,Recent,https://npiregistry.cms.hhs.gov/provider-view/1437904513,,,,,1437904513,,,
B,Rr Dental And Cattle PLLC,South Portland,ME,(207) 310-0842,VALID,area code matches ME,"Ryan Salamon, DMD",Managing Member,,,,,,,,225 Waterman Dr Unit 2,04106,General Dentistry,Practice (organisation),Primary (general),,1,2026,Recent,https://npiregistry.cms.hhs.gov/provider-view/1184543860,,,,,1184543860,,,
B,"Robert Grace, DMD",Springvale,ME,(207) 490-6900,VALID,area code matches ME,"Robert Grace, DMD",DMD,,,,,,,,15 Oak St,04083,General Dentistry,Individual dentist,Primary (general),,1,2023,Recent,https://npiregistry.cms.hhs.gov/provider-view/1083647804,,,,,1083647804,,,
B,"Rebecca Disarro, DMD",Strong,ME,(207) 684-3045,VALID,area code matches ME,"Rebecca Disarro, DMD",DMD,,,,,,,,177 N Main St,04983,General Dentistry,Individual dentist,Primary (general),,1,2024,Recent,https://npiregistry.cms.hhs.gov/provider-view/1396586053,,,,,1396586053,,,
B,Junyoung Choi,Thomaston,ME,(207) 593-1379,VALID,area code matches ME,Junyoung Choi,Dentist,,,,,,,,17 Thomaston Commons Way,04861,General Dentistry,Individual dentist,Primary (general),,1,2024,Recent,https://npiregistry.cms.hhs.gov/provider-view/1558061879,,,,,1558061879,,,
B,"Yanling Yue, DMD",Topsham,ME,(207) 729-3911,VALID,area code matches ME,"Yanling Yue, DMD",DMD,,,,,,,,7 Main St,04086,General Dentistry,Individual dentist,Primary (general),,1,2022,Recent,https://npiregistry.cms.hhs.gov/provider-view/1801526678,,,,,1801526678,,,
B,Island Community Medical Services - Dental,Vinalhaven,ME,(207) 863-4341,VALID,area code matches ME,Dinah Moyer,Director,,,,,,,,15 Medical Center Loop,04863,General Dentistry,Practice (organisation),Primary (general),,1,2022,Recent,https://npiregistry.cms.hhs.gov/provider-view/1528181229,,,,,1528181229,,,
B,Abbigail King,Waterville,ME,(978) 358-1538,CHECK,"area code 978 belongs to MA, practice is in ME",Abbigail King,Dentist,,,,,,,,333 Main St,04901,General Dentistry,Individual dentist,Primary (general),,1,2026,Recent,https://npiregistry.cms.hhs.gov/provider-view/1194658047,,,,,1194658047,,,
B,Continuum Dental Education Inc,Waterville,ME,(800) 971-2513,VALID,toll-free (not a local line),"Olugbenga Akinsanya, DDS",President,,,,,,,,185 Main St,04901,General Dentistry,Practice (organisation),Primary (general),,1,2025,Recent,https://npiregistry.cms.hhs.gov/provider-view/1396534640,,,,,1396534640,,,
B,"Elias Nawfel, DMD",Waterville,ME,(207) 872-6237,VALID,area code matches ME,"Elias Nawfel, DMD",DMD,,,,,,,,229 Main St,04901,General Dentistry,Individual dentist,Primary (general),,1,2026,Recent,https://npiregistry.cms.hhs.gov/provider-view/1710929492,,,,,1710929492,,,
B,"Jae Min Park, DDS",Waterville,ME,(833) 201-0170,VALID,toll-free (not a local line),"Jae Min Park, DDS",DDS,,,,,,,,185 Main St,04901,General Dentistry,Individual dentist,Primary (general),,1,2025,Recent,https://npiregistry.cms.hhs.gov/provider-view/1043101074,,,,,1043101074,,,
B,Libby Breznyak,Waterville,ME,(207) 873-2073,VALID,area code matches ME,Libby Breznyak,Dentist,,,,,,,,98 Silver St,04901,General Dentistry,Individual dentist,Primary (general),,1,2026,Recent,https://npiregistry.cms.hhs.gov/provider-view/1144154238,,,,,1144154238,,,
B,Oakes Dental Waterville,Waterville,ME,(207) 873-0110,VALID,area code matches ME,Nathan Oakes,Owner,,,,,,,,333 Main St,04901,General Dentistry,Practice (organisation),Primary (general),,2,2023,Recent,https://npiregistry.cms.hhs.gov/provider-view/1760075303,,,,,1760075303,,,
B,"Ryan Creighton, D.M.D.",Waterville,ME,(207) 859-3114,VALID,area code matches ME,"Ryan Creighton, D.M.D.",D.M.D.,,,,,,,,325D Kennedy Memorial Dr,04901,General Dentistry,Individual dentist,Primary (general),,1,2024,Recent,https://npiregistry.cms.hhs.gov/provider-view/1184293433,,,,,1184293433,,,
B,"Hyun Kim, DDS",Windham,ME,(207) 892-3200,VALID,area code matches ME,"Hyun Kim, DDS",DDS,,,,,,,,713 Roosevelt Trl,04062,General Dentistry,Individual dentist,Primary (general),,1,2022,Recent,https://npiregistry.cms.hhs.gov/provider-view/1952027310,,,,,1952027310,,,
B,Forest Falls Dental Holding LLC,Yarmouth,ME,(207) 846-3966,VALID,area code matches ME,David Lee,COO,,,,,,,,10 Forest Falls Dr Stop 9,04096,General Dentistry,Practice (organisation),Primary (general),,1,2024,Recent,https://npiregistry.cms.hhs.gov/provider-view/1386401826,,,,,1386401826,,,
B,"Anastasia Theodorou D.M.D. , P.A.",Auburn,ME,(207) 784-4222,VALID,area code matches ME,"Anastasia Theodorou, D.M.D.",Owner,,,,,,,,2 Great Falls Plz,04210,General Dentistry,Practice (organisation),Primary (general),,2,2020,Ageing,https://npiregistry.cms.hhs.gov/provider-view/1518079995,,,,,1518079995,,,
B,Ar Dental LLC,Auburn,ME,(207) 777-1010,VALID,area code matches ME,"Amrita Reddy, DMD",Owner,,,,,,,,791 Turner St,04210,General Dentistry,Practice (organisation),Primary (general),,1,2015,Ageing,https://npiregistry.cms.hhs.gov/provider-view/1467831362,,,,,1467831362,,,
B,"Calvin Kenley, DMD",Auburn,ME,(435) 757-6699,VALID,area code 435 outside target states,"Calvin Kenley, DMD",DMD,,,,,,,,26 Cross St Unit 5,04210,General Dentistry,Individual dentist,Primary (general),,1,2016,Ageing,https://npiregistry.cms.hhs.gov/provider-view/1174973515,,,,,1174973515,,,
B,Kaitlin Clark,Auburn,ME,(207) 312-5422,VALID,area code matches ME,Kaitlin Clark,Dentist,,,,,,,,34 Center St,04210,General Dentistry,Individual dentist,Primary (general),,1,2021,Ageing,https://npiregistry.cms.hhs.gov/provider-view/1518535103,,,,,1518535103,,,
B,"Robert D Limoges D.m.d.,p.a.",Auburn,ME,(207) 784-7355,VALID,area code matches ME,"Robert Limoges, D.M.D",Owner,,,,,,,,220 Main St,04210,General Dentistry,Practice (organisation),Primary (general),,1,2020,Ageing,https://npiregistry.cms.hhs.gov/provider-view/1609961622,,,,,1609961622,,,
B,"Tyler Gagnon, DMD",Auburn,ME,(207) 782-3971,VALID,area code matches ME,"Tyler Gagnon, DMD",DMD,,,,,,,,227 Mount Auburn Ave,04210,General Dentistry,Individual dentist,Primary (general),,1,2021,Ageing,https://npiregistry.cms.hhs.gov/provider-view/1548752397,,,,,1548752397,,,
B,"Wael Hassan, DDS",Auburn,ME,(207) 558-0085,VALID,area code matches ME,"Wael Hassan, DDS",DDS,,,,,,,,Aspen Dental 791 Turner Street,04210,General Dentistry,Individual dentist,Primary (general),,1,2018,Ageing,https://npiregistry.cms.hhs.gov/provider-view/1467946541,,,,,1467946541,,,
B,Willow Run Dental Assoc. P.A.,Auburn,ME,(207) 783-0261,VALID,area code matches ME,"Nancy Girouard, RDH",Office Manager,,,,,,,,1 Willow Run Unit 1-B,04210,General Dentistry,Practice (organisation),Primary (general),,1,2020,Ageing,https://npiregistry.cms.hhs.gov/provider-view/1992745384,,,,,1992745384,,,
B,"Yen-Chang Chen, D.M.D.",Auburn,ME,(207) 783-1351,VALID,area code matches ME,"Yen-Chang Chen, D.M.D.",D.M.D.,,,,,,,,730 Center St Suite 7,04210,General Dentistry,Individual dentist,Primary (general),,1,2016,Ageing,https://npiregistry.cms.hhs.gov/provider-view/1932252269,,,,,1932252269,,,
B,"Alex Gale, DMD",Augusta,ME,(207) 570-0555,VALID,area code matches ME,"Alex Gale, DMD",DMD,,,,,,,,1 VA Ctr,04330,General Dentistry,Individual dentist,Primary (general),,1,2017,Ageing,https://npiregistry.cms.hhs.gov/provider-view/1376073783,,,,,1376073783,,,
B,"Audra Boynton, DMD",Augusta,ME,(207) 623-3400,VALID,area code matches ME,"Audra Boynton, DMD",DMD,,,,,,,,6 E Chestnut St Ste 420,04330,General Dentistry,Individual dentist,Primary (general),,1,2018,Ageing,https://npiregistry.cms.hhs.gov/provider-view/1609019884,,,,,1609019884,,,
B,Bryant Dental Care,Augusta,ME,(207) 621-1111,VALID,area code matches ME,Brenda Ames,Office Coordinator,,,,,,,,59 Davenport St,04330,General Dentistry,Practice (organisation),Primary (general),,1,2020,Ageing,https://npiregistry.cms.hhs.gov/provider-view/1548482987,,,,,1548482987,,,
B,Den Dent Al. LLC,Augusta,ME,(207) 621-2904,VALID,area code matches ME,Denise Nadeau Aldilaimi,Dentist,,,,,,,,8 Shuman Ave,04330,General Dentistry,Practice (organisation),Primary (general),,1,2017,Ageing,https://npiregistry.cms.hhs.gov/provider-view/1770025694,,,,,1770025694,,,
B,"Family Dental Practice, LLC",Augusta,ME,(207) 622-7022,VALID,area code matches ME,"Charles Munier, DMD",General Partner,,,,,,,,43 Grove St,04330,General Dentistry,Practice (organisation),Primary (general),,1,2020,Ageing,https://npiregistry.cms.hhs.gov/provider-view/1033266606,,,,,1033266606,,,
B,"Howard A Bates, D.m.d",Augusta,ME,(207) 621-0099,VALID,area code matches ME,"Howard Bates, D.M.D",Dentist,,,,,,,,221 Eastern Ave,04330,General Dentistry,Practice (organisation),Primary (general),,1,2020,Ageing,https://npiregistry.cms.hhs.gov/provider-view/1679787402,,,,,1679787402,,,
B,Robert A Patenaude DDS PA,Augusta,ME,(207) 623-8122,VALID,area code matches ME,"Robert Patenaude, DMD",Dentist,,,,,,,,169 Water Street,04330,General Dentistry,Practice (organisation),Primary (general),,1,2020,Ageing,https://npiregistry.cms.hhs.gov/provider-view/1376764829,,,,,1376764829,,,
B,Timm & Desrosiers DMD,Augusta,ME,(207) 622-1711,VALID,area code matches ME,"Stephen Desrosiers, D.M.D.",Partner,,,,,,,,41 Fuller Rd,04330,General Dentistry,Practice (organisation),Primary (general),,1,2020,Ageing,https://npiregistry.cms.hhs.gov/provider-view/1518056498,,,,,1518056498,,,
B,"Alain Auguste, D.D.S",Bangor,ME,(203) 252-4916,CHECK,"area code 203 belongs to CT, practice is in ME","Alain Auguste, D.D.S",D.d.s,,,,,,,,728 Stillwater Ave,04401,General Dentistry,Individual dentist,Primary (general),,1,2021,Ageing,https://npiregistry.cms.hhs.gov/provider-view/1376808816,,,,,1376808816,,,
B,"B & B Dental, LLC",Bangor,ME,(207) 941-6550,VALID,area code matches ME,"Robert Erickson, DMD",Co-Owner,,,,,,,,12 Stillwater Ave,04401,General Dentistry,Practice (organisation),Primary (general),,2,2020,Ageing,https://npiregistry.cms.hhs.gov/provider-view/1831319425,,,,,1831319425,,,
B,Bangor Family Dentistry,Bangor,ME,(207) 947-4767,VALID,area code matches ME,"Mark Carreira, D.M.D., D.D.S.",Owner,,,,,,,,83 Ridgewood Dr,04401,General Dentistry,Practice (organisation),Primary (general),,1,2018,Ageing,https://npiregistry.cms.hhs.gov/provider-view/1457360562,,,,,1457360562,,,
B,Buxton Dental PC,Bangor,ME,(207) 947-1166,VALID,area code matches ME,"Travis Buxton, DDS",Owner/dentist,,,,,,,,792 Stillwater Ave,04401,General Dentistry,Practice (organisation),Primary (general),,2,2018,Ageing,https://npiregistry.cms.hhs.gov/provider-view/1619398856,,,,,1619398856,,,
B,"Gregory P Kramer, D.m.d., P.A.",Bangor,ME,(207) 941-9885,VALID,area code matches ME,"Gregory Kramer, D.M.D.",President,,,,,,,,700 Mount Hope Ave Suite 682,04401,General Dentistry,Practice (organisation),Primary (general),,1,2020,Ageing,https://npiregistry.cms.hhs.gov/provider-view/1851474555,,,,,1851474555,,,
B,John W Clark PA,Bangor,ME,(207) 990-5887,VALID,area code matches ME,"John Clark, D.D.S.",Owner,,,,,,,,753 Stillwater Ave,04401,General Dentistry,Practice (organisation),Primary (general),,1,2021,Ageing,https://npiregistry.cms.hhs.gov/provider-view/1326306085,,,,,1326306085,,,
B,"Michele E Spekhardt, DMD P.A.",Bangor,ME,(207) 947-7503,VALID,area code matches ME,"Michele Spekhardt, DMD",Owner,,,,,,,,62 Corporate Dr,04401,General Dentistry,Practice (organisation),Primary (general),,1,2015,Ageing,https://npiregistry.cms.hhs.gov/provider-view/1871514026,,,,,1871514026,,,
B,Penobscot Community Health Center,Bangor,ME,(207) 992-2152,VALID,area code matches ME,"Lori Dwyer, ESQ.",President & CEO,,,,,,,,100 Moosehead Blvd,04401,General Dentistry,Practice (organisation),Primary (general),,1,2018,Ageing,https://npiregistry.cms.hhs.gov/provider-view/1720535651,,,,,1720535651,,,
B,Penobscot Community Health Center,Bangor,ME,(207) 945-5247,VALID,area code matches ME,"Lori Dwyer, ESQ.",President & CEO,,,,,,,,1048 Union St,04401,General Dentistry,Practice (organisation),Primary (general),,1,2021,Ageing,https://npiregistry.cms.hhs.gov/provider-view/1053404996,,,,,1053404996,,,
B,"Praveen Pavuluru, D.M.D",Bangor,ME,(207) 262-3744,VALID,area code matches ME,"Praveen Pavuluru, D.M.D",D.m.d,,,,,,,,90 Ridgewood Dr,04401,General Dentistry,Individual dentist,Primary (general),,1,2016,Ageing,https://npiregistry.cms.hhs.gov/provider-view/1467548552,,,,,1467548552,,,
B,"R Joseph Libby, D.m.d., P.A.",Bangor,ME,(207) 947-8861,VALID,area code matches ME,"R Libby, D.M.D.",President,,,,,,,,875 Hammond St,04401,General Dentistry,Practice (organisation),Primary (general),,1,2020,Ageing,https://npiregistry.cms.hhs.gov/provider-view/1235186271,,,,,1235186271,,,
B,"Robert L Brookings, Dmd, PA",Bangor,ME,(207) 947-6239,VALID,area code matches ME,"Robert Brookings, D.M.D.",President,,,,,,,,39 Grove St,04401,General Dentistry,Practice (organisation),Primary (general),,1,2020,Ageing,https://npiregistry.cms.hhs.gov/provider-view/1285854869,,,,,1285854869,,,
B,Skye Dental PLLC,Bangor,ME,(207) 973-1900,VALID,area code matches ME,Skye Kim,Owner,,,,,,,,728 Stillwater Ave,04401,General Dentistry,Practice (organisation),Primary (general),,1,2017,Ageing,https://npiregistry.cms.hhs.gov/provider-view/1144733478,,,,,1144733478,,,
B,Stillwater Dental Associates,Bangor,ME,(207) 947-0717,VALID,area code matches ME,Ronald Bailey,Owner,,,,,,,,778 Stillwater Ave,04401,General Dentistry,Practice (organisation),Primary (general),,2,2020,Ageing,https://npiregistry.cms.hhs.gov/provider-view/1265546337,,,,,1265546337,,,
B,Twin City Dental,Bangor,ME,(207) 947-3939,VALID,area code matches ME,"Louise King, D.M.D.",Dentist,,,,,,,,151 State St,04401,General Dentistry,Practice (organisation),Primary (general),,1,2016,Ageing,https://npiregistry.cms.hhs.gov/provider-view/1972962835,,,,,1972962835,,,
B,"Waleed Kais, D.D.S.",Bangor,ME,(207) 945-6036,VALID,area code matches ME,"Waleed Kais, D.D.S.",D.D.S.,,,,,,,,151 State St,04401,General Dentistry,Individual dentist,Primary (general),,1,2017,Ageing,https://npiregistry.cms.hhs.gov/provider-view/1417075235,,,,,1417075235,,,
B,"Michelle Beaulieu, DMD",Bath,ME,(207) 443-6255,VALID,area code matches ME,"Michelle Beaulieu, DMD",DMD,,,,,,,,130 Centre St Ste 2,04530,General Dentistry,Individual dentist,Primary (general),,1,2019,Ageing,https://npiregistry.cms.hhs.gov/provider-view/1649675810,,,,,1649675810,,,
B,Plourde Family Dental PC,Bath,ME,(207) 443-3232,VALID,area code matches ME,"Jeremy Plourde, DMD",Dentist,,,,,,,,130 Centre St Ste 1,04530,General Dentistry,Practice (organisation),Primary (general),,1,2020,Ageing,https://npiregistry.cms.hhs.gov/provider-view/1487294856,,,,,1487294856,,,
B,"Beaudoin & Scarfarotti, Ptr",Biddeford,ME,(207) 282-3928,VALID,area code matches ME,"Angela Scarfarotti, DDS",Ptr,,,,,,,,28 West Cole Road,04005,General Dentistry,Practice (organisation),Primary (general),,1,2020,Ageing,https://npiregistry.cms.hhs.gov/provider-view/1639212897,,,,,1639212897,,,
B,Dean Tourigny DDS PA,Biddeford,ME,(207) 284-0776,VALID,area code matches ME,"Dean Tourigny, DDS PA",Owner,,,,,,,,234 Main St,04005,General Dentistry,Practice (organisation),Primary (general),,1,2020,Ageing,https://npiregistry.cms.hhs.gov/provider-view/1639374986,,,,,1639374986,,,
B,Hamel Dental PC,Biddeford,ME,(207) 282-6185,VALID,area code matches ME,"Paola Melissa Hamel, DDS",President,,,,,,,,2 Dental Ave,04005,General Dentistry,Practice (organisation),Primary (general),,2,2018,Ageing,https://npiregistry.cms.hhs.gov/provider-view/1043704901,,,,,1043704901,,,
B,"Laura Callan, DMD",Biddeford,ME,(200) 282-1305,VALID,area code 200 outside target states,"Laura Callan, DMD",DMD,,,,,,,,57 Barra Rd,04005,General Dentistry,Individual dentist,Primary (general),,1,2021,Ageing,https://npiregistry.cms.hhs.gov/provider-view/1114549276,,,,,1114549276,,,
B,"Northeast Dental Partners, PA",Brewer,ME,(207) 307-7405,VALID,area code matches ME,"Michael Cabral, DMD",Vice President,,,,,,,,24 Dirigo Drive,04412,General Dentistry,Practice (organisation),Primary (general),,1,2018,Ageing,https://npiregistry.cms.hhs.gov/provider-view/1497250740,,,,,1497250740,,,
B,Brunswick Dental Health Assoc,Brunswick,ME,(207) 729-6531,VALID,area code matches ME,"Peter Lebourdias, DMD",Dentist,,,,,,,,27 Baribeau Dr,04011,General Dentistry,Practice (organisation),Primary (general),,1,2020,Ageing,https://npiregistry.cms.hhs.gov/provider-view/1447323571,,,,,1447323571,,,
B,David Vocal DDS PLLC,Brunswick,ME,(207) 725-5831,VALID,area code matches ME,"David Vocal, DDS",Owner/dentist,,,,,,,,135 Maine St Ste 1,04011,General Dentistry,Practice (organisation),Primary (general),,1,2021,Ageing,https://npiregistry.cms.hhs.gov/provider-view/1013594993,,,,,1013594993,,,
B,Kathleen S Winn DMD PA,Brunswick,ME,(207) 725-2121,VALID,area code matches ME,"Kathleen Winn, DMD",President,,,,,,,,49 Longfellow Ave Suite 1,04011,General Dentistry,Practice (organisation),Primary (general),,1,2020,Ageing,https://npiregistry.cms.hhs.gov/provider-view/1548325194,,,,,1548325194,,,
B,"Otto John Vnek, Dds, PC",Brunswick,ME,(207) 725-4311,VALID,area code matches ME,"Otto Vnek, DDS",Owner,,,,,,,,82 Baribeau Dr,04011,General Dentistry,Practice (organisation),Primary (general),,1,2020,Ageing,https://npiregistry.cms.hhs.gov/provider-view/1295871408,,,,,1295871408,,,
B,Rockwell F Davis D.D.S.,Brunswick,ME,(207) 729-3571,VALID,area code matches ME,"Rockwell Davis, D.D.S.",Dentist,,,,,,,,16 Center St,04011,General Dentistry,Practice (organisation),Primary (general),,1,2020,Ageing,https://npiregistry.cms.hhs.gov/provider-view/1356562375,,,,,1356562375,,,
B,"Jason Greenbaum, DMD",Buxton,ME,(207) 352-4163,VALID,area code matches ME,"Jason Greenbaum, DMD",DMD,,,,,,,,440 Narragansett Trl,04093,General Dentistry,Individual dentist,Primary (general),,1,2021,Ageing,https://npiregistry.cms.hhs.gov/provider-view/1538796982,,,,,1538796982,,,
B,"Zachary Reagan, D.M.D.",Buxton,ME,(207) 929-3900,VALID,area code matches ME,"Zachary Reagan, D.M.D.",D.M.D.,,,,,,,,440 Narragansett Trl,04093,General Dentistry,Individual dentist,Primary (general),,1,2018,Ageing,https://npiregistry.cms.hhs.gov/provider-view/1902392715,,,,,1902392715,,,
B,"Aaron Palmer, D.M.D",Ellsworth,ME,(207) 664-2474,VALID,area code matches ME,"Aaron Palmer, D.M.D",D.m.d,,,,,,,,382 State St,04605,General Dentistry,Individual dentist,Primary (general),,1,2019,Ageing,https://npiregistry.cms.hhs.gov/provider-view/1639336902,,,,,1639336902,,,
B,Caring Hands Of Maine,Ellsworth,ME,(207) 667-6789,VALID,area code matches ME,"Timothy Oh, DMD",President,,,,,,,,72 Beechland Rd,04605,General Dentistry,Practice (organisation),Primary (general),,1,2017,Ageing,https://npiregistry.cms.hhs.gov/provider-view/1780905539,,,,,1780905539,,,
B,Ellsworth Bucksport Dental Associates,Ellsworth,ME,(207) 667-7117,VALID,area code matches ME,Jodi Sawyer,Office Manager,,,,,,,,325 Main St,04605,General Dentistry,Practice (organisation),Primary (general),,1,2020,Ageing,https://npiregistry.cms.hhs.gov/provider-view/1679784482,,,,,1679784482,,,
B,"Eric Bolduc, DDS",Ellsworth,ME,(207) 357-3859,VALID,area code matches ME,"Eric Bolduc, DDS",DDS,,,,,,,,206 High St,04605,General Dentistry,Individual dentist,Primary (general),,1,2019,Ageing,https://npiregistry.cms.hhs.gov/provider-view/1548822596,,,,,1548822596,,,
B,"Kevin Wright, DMD",Ellsworth,ME,(207) 852-1059,VALID,area code matches ME,"Kevin Wright, DMD",DMD,,,,,,,,99 Oak St,04605,General Dentistry,Individual dentist,Primary (general),,1,2019,Ageing,https://npiregistry.cms.hhs.gov/provider-view/1093372906,,,,,1093372906,,,
B,Peter F Meyer DDS PA,Ellsworth,ME,(207) 667-4632,VALID,area code matches ME,"Peter Meyer, DDS",Owner,,,,,,,,382 State Street,04605,General Dentistry,Practice (organisation),Primary (general),,1,2020,Ageing,https://npiregistry.cms.hhs.gov/provider-view/1518046804,,,,,1518046804,,,
B,Wagner Auguste Dental PLLC,Ellsworth,ME,(207) 669-4826,VALID,area code matches ME,Alain Auguste,Owner,,,,,,,,206 High St Ste D,04605,General Dentistry,Practice (organisation),Primary (general),,2,2020,Ageing,https://npiregistry.cms.hhs.gov/provider-view/1811529522,,,,,1811529522,,,
B,"Antonios Karagiorgos, DMD",Falmouth,ME,(207) 781-5900,VALID,area code matches ME,"Antonios Karagiorgos, DMD",DMD,,,,,,,,Falmouth Dental Arts 168 Us Route 1,04105,General Dentistry,Individual dentist,Primary (general),,1,2019,Ageing,https://npiregistry.cms.hhs.gov/provider-view/1679940142,,,,,1679940142,,,
B,Falmouth Dental Health,Falmouth,ME,(207) 781-2328,VALID,area code matches ME,"Joseph Long, D.D.S.",President,,,,,,,,21 Northbrook Dr,04105,General Dentistry,Practice (organisation),Primary (general),,2,2020,Ageing,https://npiregistry.cms.hhs.gov/provider-view/1295853315,,,,,1295853315,,,
B,Falmouth Dentistry,Falmouth,ME,(207) 878-8600,VALID,area code matches ME,Kyra Chadbourne,Owner,,,,,,,,78 Leighton Rd,04105,General Dentistry,Practice (organisation),Primary (general),,1,2015,Ageing,https://npiregistry.cms.hhs.gov/provider-view/1316325582,,,,,1316325582,,,
B,"Family Preventive Dental Care, P.A.",Falmouth,ME,(207) 781-4625,VALID,area code matches ME,"Geoffrey Wagner, D.D.S.",General Dentist,,,,,,,,251 Us Route 1,04105,General Dentistry,Practice (organisation),Primary (general),,1,2020,Ageing,https://npiregistry.cms.hhs.gov/provider-view/1912113010,,,,,1912113010,,,
B,"Foreside Dental Health Care, PA",Falmouth,ME,(207) 781-2054,VALID,area code matches ME,"Alan Avtges, D.M.D.",Owner,,,,,,,,3 Fundy Rd,04105,General Dentistry,Practice (organisation),Primary (general),,2,2020,Ageing,https://npiregistry.cms.hhs.gov/provider-view/1013036615,,,,,1013036615,,,
B,"Kenneth E Myers D.d.s, PA",Falmouth,ME,(207) 797-3130,VALID,area code matches ME,"Kenneth Myers, D.D.S",Owner/dentist,,,,,,,,2 Blackstrap Rd,04105,General Dentistry,Practice (organisation),Primary (general),,1,2015,Ageing,https://npiregistry.cms.hhs.gov/provider-view/1316333594,,,,,1316333594,,,
B,Peak Sleep Maine,Falmouth,ME,(207) 878-8844,VALID,area code matches ME,Stefan Andren,Owner,,,,,,,,74 Gray Rd 3,04105,General Dentistry,Practice (organisation),Primary (general),,2,2016,Ageing,https://npiregistry.cms.hhs.gov/provider-view/1124479118,,,,,1124479118,,,
B,"Rupali Gaindh, DMD",Falmouth,ME,(207) 650-6139,VALID,area code matches ME,"Rupali Gaindh, DMD",DMD,,,,,,,,10 Canterbury Lane,04105,General Dentistry,Individual dentist,Primary (general),,1,2016,Ageing,https://npiregistry.cms.hhs.gov/provider-view/1194272161,,,,,1194272161,,,
B,"Scott Brendan Daigle, DMD",Farmington,ME,(207) 779-2659,VALID,area code matches ME,"Scott Brendan Daigle, DMD",DMD,,,,,,,,131 Franklin Health Cmns Unit 1,04938,General Dentistry,Individual dentist,Primary (general),,1,2021,Ageing,https://npiregistry.cms.hhs.gov/provider-view/1083181234,,,,,1083181234,,,
B,"Marc Horowitz, DDS",Harrington,ME,(207) 483-4502,VALID,area code matches ME,"Marc Horowitz, DDS",DDS,,,,,,,,81 Main St,04643,General Dentistry,Individual dentist,Primary (general),,1,2016,Ageing,https://npiregistry.cms.hhs.gov/provider-view/1093849325,,,,,1093849325,,,
B,Androscoggin Oral And Maxillofacial Surgeons PA,Lewiston,ME,(207) 784-9327,VALID,area code matches ME,"Jan Kippax, DMD",Owner,,,,,,,,501 Main St,04240,General Dentistry,Practice (organisation),Primary (general),,1,2020,Ageing,https://npiregistry.cms.hhs.gov/provider-view/1821029075,,,,,1821029075,,,
B,Community Dental,Lewiston,ME,(207) 777-7442,VALID,area code matches ME,Shelley Pelkey,Billing Coordinator,,,,,,,,177 Main St,04240,General Dentistry,Practice (organisation),Primary (general),,1,2020,Ageing,https://npiregistry.cms.hhs.gov/provider-view/1851467252,,,,,1851467252,,,
B,"Daniel J Bizier ,d.m.d.,p.a.",Lewiston,ME,(207) 782-5308,VALID,area code matches ME,Daniel Bizier,Dentist,,,,,,,,210 Sabattus St,04240,General Dentistry,Practice (organisation),Primary (general),,2,2020,Ageing,https://npiregistry.cms.hhs.gov/provider-view/1053513663,,,,,1053513663,,,
B,Rosemarie Sheline DDS PA,Lewiston,ME,(207) 784-2211,VALID,area code matches ME,Rosemarie Sheline,President,,,,,,,,110 Canal St,04240,General Dentistry,Practice (organisation),Primary (general),,2,2020,Ageing,https://npiregistry.cms.hhs.gov/provider-view/1629387931,,,,,1629387931,,,
B,"Oluwapelumi Adeloye, D.M.D, MPH",Lincoln,ME,(207) 794-6700,VALID,area code matches ME,"Oluwapelumi Adeloye, D.M.D, MPH","D.m.d, Mph",,,,,,,,175 W Broadway,04457,General Dentistry,Individual dentist,Primary (general),,1,2019,Ageing,https://npiregistry.cms.hhs.gov/provider-view/1235623307,,,,,1235623307,,,
B,Lisbon Family Dental Care,Lisbon Falls,ME,(207) 407-4301,VALID,area code matches ME,"Jenna Pulkka, DMD",Dentist,,,,,,,,568 Lisbon St Suite 1,04252,General Dentistry,Practice (organisation),Primary (general),,1,2015,Ageing,https://npiregistry.cms.hhs.gov/provider-view/1083003255,,,,,1083003255,,,
B,"Isaac Kim, DMD",Madison,ME,(207) 696-4681,VALID,area code matches ME,"Isaac Kim, DMD",DMD,,,,,,,,21 Old Point Ave,04950,General Dentistry,Individual dentist,Primary (general),,1,2021,Ageing,https://npiregistry.cms.hhs.gov/provider-view/1538731799,,,,,1538731799,,,
B,"Christopher Parent, DMD",Porter,ME,(207) 625-8126,VALID,area code matches ME,"Christopher Parent, DMD",DMD,,,,,,,,70 Main St,04068,General Dentistry,Individual dentist,Primary (general),,1,2019,Ageing,https://npiregistry.cms.hhs.gov/provider-view/1215594387,,,,,1215594387,,,
B,1330 Dental Associates,Portland,ME,(207) 773-3738,VALID,area code matches ME,"James Bennas, DMD",President,,,,,,,,1330 Congress Street,04102,General Dentistry,Practice (organisation),Primary (general),,2,2020,Ageing,https://npiregistry.cms.hhs.gov/provider-view/1629022611,,,,,1629022611,,,
B,42 North Dental Care PLLC,Portland,ME,(207) 773-6331,VALID,area code matches ME,"Michael Scialabba, DDS",Chief Clinical Officer,,,,,,,,650 Brighton Ave,04102,General Dentistry,Practice (organisation),Primary (general),,2,2021,Ageing,https://npiregistry.cms.hhs.gov/provider-view/1497346829,,,,,1497346829,,,
B,"Alan B Rich, Jr. DMD PA",Portland,ME,(207) 771-2093,VALID,area code matches ME,"Alan Rich, DMD",President,,,,,,,,163 Pleasant Ave,04103,General Dentistry,Practice (organisation),Primary (general),,2,2020,Ageing,https://npiregistry.cms.hhs.gov/provider-view/1881205219,,,,,1881205219,,,
B,Aspen Dental Of Maine PC,Portland,ME,(207) 773-2150,VALID,area code matches ME,Isam Hamati,Mcd,,,,,,,,1036 Brighton Ave,04102,General Dentistry,Practice (organisation),Primary (general),,2,2020,Ageing,https://npiregistry.cms.hhs.gov/provider-view/1164640017,,,,,1164640017,,,
B,"Barry C Saltz, Dds, PA",Portland,ME,(207) 797-0541,VALID,area code matches ME,"Barry Saltz, DDS",Dentist,,,,,,,,812 Stevens Ave,04103,General Dentistry,Practice (organisation),Primary (general),,1,2020,Ageing,https://npiregistry.cms.hhs.gov/provider-view/1477756070,,,,,1477756070,,,
B,David A Vaughan DDS PA,Portland,ME,(207) 878-6693,VALID,area code matches ME,"David Vaughan, DDS",President Owner,,,,,,,,1250 Forest Ave,04103,General Dentistry,Practice (organisation),Primary (general),,1,2020,Ageing,https://npiregistry.cms.hhs.gov/provider-view/1407809403,,,,,1407809403,,,
B,Gregory J Fisher DDS PA,Portland,ME,(207) 774-2146,VALID,area code matches ME,"Gregory Fisher, DDS",President,,,,,,,,314 Riverside Street,04103,General Dentistry,Practice (organisation),Primary (general),,1,2020,Ageing,https://npiregistry.cms.hhs.gov/provider-view/1831392810,,,,,1831392810,,,
B,"Jennifer Brunacini, DDS",Portland,ME,(207) 842-4653,VALID,area code matches ME,"Jennifer Brunacini, DDS",DDS,,,,,,,,"284 Cumberland Ave Portland High School, Amanda Rowe Health Clinic",04101,General Dentistry,Individual dentist,Primary (general),,1,2015,Ageing,https://npiregistry.cms.hhs.gov/provider-view/1467681601,,,,,1467681601,,,
B,"Kathryn L Horutz, D.M.D. LLC",Portland,ME,(207) 772-1205,VALID,area code matches ME,"Kathryn Horutz, D.M.D.",Owner,,,,,,,,173 Ocean Ave,04103,General Dentistry,Practice (organisation),Primary (general),,1,2020,Ageing,https://npiregistry.cms.hhs.gov/provider-view/1639384142,,,,,1639384142,,,
B,"Lee Niemeyer, DMD, MAGD, ABGD",Portland,ME,(207) 221-4713,VALID,area code matches ME,"Lee Niemeyer, DMD, MAGD, ABGD","DMD, Magd, Abgd",,,,,,,,716 Stevens Ave,04103,General Dentistry,Individual dentist,Primary (general),,1,2019,Ageing,https://npiregistry.cms.hhs.gov/provider-view/1346245990,,,,,1346245990,,,
B,"Mohamed Elsalhy, BDM, MSC, MPH, PHD",Portland,ME,(207) 409-9490,VALID,area code matches ME,"Mohamed Elsalhy, BDM, MSC, MPH, PHD","Bdm, Msc, Mph, PHD",,,,,,,,1 College St,04103,General Dentistry,Individual dentist,Primary (general),,1,2021,Ageing,https://npiregistry.cms.hhs.gov/provider-view/1225629942,,,,,1225629942,,,
B,Nicholas Armellino,Portland,ME,(207) 221-4848,VALID,area code matches ME,Nicholas Armellino,Dentist,,,,,,,,716 Stevens Ave,04103,General Dentistry,Individual dentist,Primary (general),,1,2015,Ageing,https://npiregistry.cms.hhs.gov/provider-view/1942302278,,,,,1942302278,,,
B,"Nicole Kimmes, DDS",Portland,ME,(207) 221-4739,VALID,area code matches ME,"Nicole Kimmes, DDS",DDS,,,,,,,,716 Stevens Ave,04103,General Dentistry,Individual dentist,Primary (general),,1,2018,Ageing,https://npiregistry.cms.hhs.gov/provider-view/1285618413,,,,,1285618413,,,
B,North Deering Dental Assoc Inc,Portland,ME,(207) 797-5834,VALID,area code matches ME,Margaret McCarthy,Bookkeeper,,,,,,,,1334 Washington Ave,04103,General Dentistry,Practice (organisation),Primary (general),,1,2020,Ageing,https://npiregistry.cms.hhs.gov/provider-view/1760507479,,,,,1760507479,,,
B,"Pardis Koleini, DMD",Portland,ME,(207) 662-0111,VALID,area code matches ME,"Pardis Koleini, DMD",DMD,,,,,,,,22 Bramhall Street Maine Medical Center,04102,General Dentistry,Individual dentist,Primary (general),,1,2018,Ageing,https://npiregistry.cms.hhs.gov/provider-view/1518497890,,,,,1518497890,,,
B,Peter T Cyr DMD PA,Portland,ME,(207) 772-4128,VALID,area code matches ME,"Peter Cyr, DMD",Dentist,,,,,,,,68 Deering St,04101,General Dentistry,Practice (organisation),Primary (general),,1,2020,Ageing,https://npiregistry.cms.hhs.gov/provider-view/1528189826,,,,,1528189826,,,
B,Portland Family Dental,Portland,ME,(207) 797-3585,VALID,area code matches ME,"Michael Sundberg, D.D.S.",Director,,,,,,,,1006 Forest Ave,04103,General Dentistry,Practice (organisation),Primary (general),,1,2020,Ageing,https://npiregistry.cms.hhs.gov/provider-view/1437362779,,,,,1437362779,,,
B,"Portland North Dental Associates, P.A.",Portland,ME,(207) 878-3100,VALID,area code matches ME,"Robert Derice, D.M.D.",President,,,,,,,,9 Sanborn St,04103,General Dentistry,Practice (organisation),Primary (general),,1,2020,Ageing,https://npiregistry.cms.hhs.gov/provider-view/1356425763,,,,,1356425763,,,
B,"Rachael Creisher, DMD",Portland,ME,(207) 874-2141,VALID,area code matches ME,"Rachael Creisher, DMD",DMD,,,,,,,,63 Preble St,04101,General Dentistry,Individual dentist,Primary (general),,1,2017,Ageing,https://npiregistry.cms.hhs.gov/provider-view/1215467881,,,,,1215467881,,,
B,Richard H Nellson,Portland,ME,(207) 773-3794,VALID,area code matches ME,"Richard Nellson, D.D.S.",Owner,,,,,,,,163 Pleasant Ave,04103,General Dentistry,Practice (organisation),Primary (general),,2,2020,Ageing,https://npiregistry.cms.hhs.gov/provider-view/1326253139,,,,,1326253139,,,
B,"Ryan Salamon, DMD",Portland,ME,(207) 828-2543,VALID,area code matches ME,"Ryan Salamon, DMD",DMD,,,,,,,,1036 Brighton Ave Ste A,04102,General Dentistry,Individual dentist,Primary (general),,1,2018,Ageing,https://npiregistry.cms.hhs.gov/provider-view/1538651054,,,,,1538651054,,,
B,"William Benson, DMD",Portland,ME,(978) 372-9122,CHECK,"area code 978 belongs to MA, practice is in ME","William Benson, DMD",DMD,,,,,,,,716 Stevens Ave,04103,General Dentistry,Individual dentist,Primary (general),,1,2018,Ageing,https://npiregistry.cms.hhs.gov/provider-view/1184614778,,,,,1184614778,,,
B,Academy Dental PA,Presque Isle,ME,(207) 764-3764,VALID,area code matches ME,"Sandi Bouchard, DO",Office/business Manager,,,,,,,,179 Acedemy St,04769,General Dentistry,Practice (organisation),Primary (general),,1,2018,Ageing,https://npiregistry.cms.hhs.gov/provider-view/1316955396,,,,,1316955396,,,
B,"Aroostook Family Dental Health, P.A.",Presque Isle,ME,(207) 764-0684,VALID,area code matches ME,"Allen Jacobs, D.M.D.",Owner Operator,,,,,,,,184 Academy St,04769,General Dentistry,Practice (organisation),Primary (general),,1,2020,Ageing,https://npiregistry.cms.hhs.gov/provider-view/1003939240,,,,,1003939240,,,
B,"Brandon Rinker, DDS",Presque Isle,ME,(702) 480-9009,VALID,area code 702 outside target states,"Brandon Rinker, DDS",DDS,,,,,,,,1 North St,04769,General Dentistry,Individual dentist,Primary (general),,1,2021,Ageing,https://npiregistry.cms.hhs.gov/provider-view/1861061137,,,,,1861061137,,,
B,"Rachel Taddeo, D.M.D.",Presque Isle,ME,(856) 336-8258,VALID,area code 856 outside target states,"Rachel Taddeo, D.M.D.",D.M.D.,,,,,,,,59 Hardy St,04769,General Dentistry,Individual dentist,Primary (general),,1,2017,Ageing,https://npiregistry.cms.hhs.gov/provider-view/1154617470,,,,,1154617470,,,
B,White Smiles Family Dentistry,Presque Isle,ME,(207) 760-7216,VALID,area code matches ME,"Joseph White, D.M.D",Dentist,,,,,,,,1 North St,04769,General Dentistry,Practice (organisation),Primary (general),,1,2015,Ageing,https://npiregistry.cms.hhs.gov/provider-view/1245628916,,,,,1245628916,,,
B,"Chandni Mahindra, DDS",Rockland,ME,(732) 766-4865,VALID,area code 732 outside target states,"Chandni Mahindra, DDS",DDS,,,,,,,,19 Summer St,04841,General Dentistry,Individual dentist,Primary (general),,1,2019,Ageing,https://npiregistry.cms.hhs.gov/provider-view/1043624158,,,,,1043624158,,,
B,"David A Theriault, D.m.d",Rockland,ME,(207) 594-8353,VALID,area code matches ME,Lindsay Harvey,Office Manager,,,,,,,,19 Summer St,04841,General Dentistry,Practice (organisation),Primary (general),,1,2020,Ageing,https://npiregistry.cms.hhs.gov/provider-view/1881814788,,,,,1881814788,,,
B,"Min Su Kwak, DDS",Saco,ME,(207) 284-6809,VALID,area code matches ME,"Min Su Kwak, DDS",DDS,,,,,,,,339 Main St,04072,General Dentistry,Individual dentist,Primary (general),,1,2019,Ageing,https://npiregistry.cms.hhs.gov/provider-view/1750943072,,,,,1750943072,,,
B,"Julianne Hanley, DMD",Sanford,ME,(207) 324-4493,VALID,area code matches ME,"Julianne Hanley, DMD",DMD,,,,,,,,2 Stilson St,04073,General Dentistry,Individual dentist,Primary (general),,1,2019,Ageing,https://npiregistry.cms.hhs.gov/provider-view/1528625217,,,,,1528625217,,,
B,"Lea Beaulieu, DMD",Sanford,ME,(207) 324-8699,VALID,area code matches ME,"Lea Beaulieu, DMD",DMD,,,,,,,,2 Stilson St,04073,General Dentistry,Individual dentist,Primary (general),,1,2018,Ageing,https://npiregistry.cms.hhs.gov/provider-view/1073007407,,,,,1073007407,,,
B,"Diamond & Brangwynne Dental, LLC",Scarborough,ME,(207) 883-4285,VALID,area code matches ME,Lindsey Brangwynne,Dentist/co-Owner,,,,,,,,500 Enterprise Dr,04074,General Dentistry,Practice (organisation),Primary (general),,2,2016,Ageing,https://npiregistry.cms.hhs.gov/provider-view/1659822021,,,,,1659822021,,,
B,"Kristin Lawson, MS, DDS",Scarborough,ME,(207) 883-4203,VALID,area code matches ME,"Kristin Lawson, MS, DDS","Ms, DDS",,,,,,,,300 Technology Way,04074,General Dentistry,Individual dentist,Primary (general),,1,2020,Ageing,https://npiregistry.cms.hhs.gov/provider-view/1285990531,,,,,1285990531,,,
B,"Sweet Dental, PA",Scarborough,ME,(207) 396-4373,VALID,area code matches ME,"Anna Sweet, DMD",President,,,,,,,,306 Us Route 1 Bldg B,04074,General Dentistry,Practice (organisation),Primary (general),,1,2015,Ageing,https://npiregistry.cms.hhs.gov/provider-view/1225429657,,,,,1225429657,,,
B,"Breakwater Dental, LLC",South Portland,ME,(207) 775-2072,VALID,area code matches ME,"Shilo Annis, DMD",Owner/dentist,,,,,,,,25 Long Creek Dr Unit D,04106,General Dentistry,Practice (organisation),Primary (general),,2,2021,Ageing,https://npiregistry.cms.hhs.gov/provider-view/1811575202,,,,,1811575202,,,
B,Cape Cottage Family Dentistry,South Portland,ME,(207) 799-1681,VALID,area code matches ME,"Emily Nelson, DMD",Dentist,,,,,,,,463 Cottage Rd,04106,General Dentistry,Practice (organisation),Primary (general),,1,2017,Ageing,https://npiregistry.cms.hhs.gov/provider-view/1558808857,,,,,1558808857,,,
B,"Huy Nguyen, DMD",South Portland,ME,(207) 408-0479,VALID,area code matches ME,"Huy Nguyen, DMD",DMD,,,,,,,,85 Western Ave,04106,General Dentistry,Individual dentist,Primary (general),,1,2021,Ageing,https://npiregistry.cms.hhs.gov/provider-view/1437720810,,,,,1437720810,,,
B,"Jacob Fillebrown, DMD",South Portland,ME,(207) 253-5600,VALID,area code matches ME,"Jacob Fillebrown, DMD",DMD,,,,,,,,324 Gannett Dr Ste 500,04106,General Dentistry,Individual dentist,Primary (general),,1,2017,Ageing,https://npiregistry.cms.hhs.gov/provider-view/1003336702,,,,,1003336702,,,
B,Justin Chow,South Portland,ME,(866) 803-4943,VALID,toll-free (not a local line),Justin Chow,Dentist,,,,,,,,171 Maine Mall Rd,04106,General Dentistry,Individual dentist,Primary (general),,1,2020,Ageing,https://npiregistry.cms.hhs.gov/provider-view/1306455720,,,,,1306455720,,,
B,"Mind Your Mouth, Pa, LLC",South Portland,ME,(207) 200-4106,VALID,area code matches ME,"Katherine Paret, DMD",Member,,,,,,,,225 Waterman Dr,04106,General Dentistry,Practice (organisation),Primary (general),,1,2021,Ageing,https://npiregistry.cms.hhs.gov/provider-view/1316615677,,,,,1316615677,,,
B,"Nicholas Flaherty, DMD",South Portland,ME,(207) 591-4020,VALID,area code matches ME,"Nicholas Flaherty, DMD",DMD,,,,,,,,171 Maine Mall Rd,04106,General Dentistry,Individual dentist,Primary (general),,1,2018,Ageing,https://npiregistry.cms.hhs.gov/provider-view/1902399504,,,,,1902399504,,,
B,"Oakes, LLC",South Portland,ME,(207) 775-1551,VALID,area code matches ME,"Nathan Oakes, DMD",Owner,,,,,,,,171 Maine Mall Rd,04106,General Dentistry,Practice (organisation),Primary (general),,1,2016,Ageing,https://npiregistry.cms.hhs.gov/provider-view/1295287746,,,,,1295287746,,,
B,Orthodontic Associates PA,South Portland,ME,(207) 772-5487,VALID,area code matches ME,"Bruce Podhouser, DMD ABO",DMD Abo,,,,,,,,440 Western Ave,04106,General Dentistry,Practice (organisation),Primary (general),,1,2020,Ageing,https://npiregistry.cms.hhs.gov/provider-view/1598872103,,,,,1598872103,,,
B,"W David Melevsky, DDS",South Portland,ME,(207) 761-6699,VALID,area code matches ME,"Walter Melevsky, DDS",Doctor,,,,,,,,25 Long Creek Dr,04106,General Dentistry,Practice (organisation),Primary (general),,1,2020,Ageing,https://npiregistry.cms.hhs.gov/provider-view/1124232772,,,,,1124232772,,,
B,"Ayla Nelson, DMD",Springvale,ME,(690) 020-7490,INVALID,not a valid NANP number,"Ayla Nelson, DMD",DMD,,,,,,,,15 Oak St,04083,General Dentistry,Individual dentist,Primary (general),,1,2019,Ageing,https://npiregistry.cms.hhs.gov/provider-view/1710544812,,,,,1710544812,,,
B,"Christiana Dagher, DDS",Standish,ME,(207) 642-4300,VALID,area code matches ME,"Christiana Dagher, DDS",DDS,,,,,,,,43 Ossipee Trl E,04084,General Dentistry,Individual dentist,Primary (general),,1,2021,Ageing,https://npiregistry.cms.hhs.gov/provider-view/1477221703,,,,,1477221703,,,
B,"Jessica Devine, DMD",Topsham,ME,(207) 725-1755,VALID,area code matches ME,"Jessica Devine, DMD",DMD,,,,,,,,11 Winners Cir,04086,General Dentistry,Individual dentist,Primary (general),,1,2021,Ageing,https://npiregistry.cms.hhs.gov/provider-view/1437649480,,,,,1437649480,,,
B,"Sanghwan Lee, DMD",Topsham,ME,(207) 729-3515,VALID,area code matches ME,"Sanghwan Lee, DMD",DMD,,,,,,,,127 Topsham Fair Mall Rd,04086,General Dentistry,Individual dentist,Primary (general),,1,2021,Ageing,https://npiregistry.cms.hhs.gov/provider-view/1740954320,,,,,1740954320,,,
B,"Anna V O'Keefe, Dmd, P.A.",Waterville,ME,(207) 872-8911,VALID,area code matches ME,Brendan O'Keefe,Manager,,,,,,,,325D Kennedy Memorial Dr,04901,General Dentistry,Practice (organisation),Primary (general),,1,2017,Ageing,https://npiregistry.cms.hhs.gov/provider-view/1447796644,,,,,1447796644,,,
B,"Benjamin Manter, DMD",Waterville,ME,(207) 680-0424,VALID,area code matches ME,"Benjamin Manter, DMD",DMD,,,,,,,,57 Silver St Apt 4,04901,General Dentistry,Individual dentist,Primary (general),,1,2018,Ageing,https://npiregistry.cms.hhs.gov/provider-view/1477030815,,,,,1477030815,,,
B,"Sapan Bhatt, DMD",Waterville,ME,(866) 568-2580,VALID,toll-free (not a local line),"Sapan Bhatt, DMD",DMD,,,,,,,,160 Elm Plz,04901,General Dentistry,Individual dentist,Primary (general),,1,2018,Ageing,https://npiregistry.cms.hhs.gov/provider-view/1841615101,,,,,1841615101,,,
B,"John Skvorak Jr., D.M.D.",Westbrook,ME,(207) 797-7400,VALID,area code matches ME,"John Skvorak, DMD",Dentist,,,,,,,,390 Bridgton Rd,04092,General Dentistry,Practice (organisation),Primary (general),,1,2020,Ageing,https://npiregistry.cms.hhs.gov/provider-view/1033129069,,,,,1033129069,,,
B,Main Street Dental,Westbrook,ME,(207) 856-6121,VALID,area code matches ME,"Paul Cloutier, DDS PA",President,,,,,,,,808 Main St,04092,General Dentistry,Practice (organisation),Primary (general),,1,2020,Ageing,https://npiregistry.cms.hhs.gov/provider-view/1649484098,,,,,1649484098,,,
B,"Nano Dentistry, P.A.",Westbrook,ME,(207) 856-6724,VALID,area code matches ME,"Safwan Nano, DDS",Owner,,,,,,,,13 Pleasant St,04092,General Dentistry,Practice (organisation),Primary (general),,1,2020,Ageing,https://npiregistry.cms.hhs.gov/provider-view/1275747966,,,,,1275747966,,,
B,"Lifetime Dental Health, PA",Windham,ME,(207) 892-8548,VALID,area code matches ME,"Robert Green, D.M.D.",President,,,,,,,,731 Roosevelt Trl,04062,General Dentistry,Practice (organisation),Primary (general),,1,2020,Ageing,https://npiregistry.cms.hhs.gov/provider-view/1750435558,,,,,1750435558,,,
B,Michael Bufo DMD LLC,Windham,ME,(207) 893-2001,VALID,area code matches ME,"Michael Bufo, DMD",Owner,,,,,,,,4 Commons Ave,04062,General Dentistry,Practice (organisation),Primary (general),,2,2015,Ageing,https://npiregistry.cms.hhs.gov/provider-view/1700153483,,,,,1700153483,,,
B,"Allen Goldey, D.D.S.",Albion,ME,(207) 437-2100,VALID,area code matches ME,"Allen Goldey, D.D.S.",D.D.S.,,,,,,,,7 School St,04910,General Dentistry,Individual dentist,Primary (general),,1,2007,Stale,https://npiregistry.cms.hhs.gov/provider-view/1154396810,,,,,1154396810,,,
B,"Jin Hwang, D.M.D",Auburn,ME,(201) 679-3176,VALID,area code 201 outside target states,"Jin Hwang, D.M.D",D.m.d,,,,,,,,26 Cross St,04210,General Dentistry,Individual dentist,Primary (general),,1,2007,Stale,https://npiregistry.cms.hhs.gov/provider-view/1073701975,,,,,1073701975,,,
B,"Richard Towle, D.D.S.",Auburn,ME,(207) 783-3221,VALID,area code matches ME,"Richard Towle, D.D.S.",D.D.S.,,,,,,,,4 Fair St,04210,General Dentistry,Individual dentist,Primary (general),,1,2009,Stale,https://npiregistry.cms.hhs.gov/provider-view/1750514576,,,,,1750514576,,,
B,Riverview Dental,Auburn,ME,(207) 783-2521,VALID,area code matches ME,Scott Bernardy,Owner,,,,,,,,155 Center St Bldg D-9,04210,General Dentistry,Practice (organisation),Primary (general),,2,2007,Stale,https://npiregistry.cms.hhs.gov/provider-view/1861692295,,,,,1861692295,,,
B,"Syed Fahd, D.D.S.",Auburn,ME,(207) 777-4323,VALID,area code matches ME,"Syed Fahd, D.D.S.",D.D.S.,,,,,,,,60 Second St,04210,General Dentistry,Individual dentist,Primary (general),,1,2013,Stale,https://npiregistry.cms.hhs.gov/provider-view/1982919148,,,,,1982919148,,,
B,"Charles Kanozak, DMD",Augusta,ME,(207) 622-3879,VALID,area code matches ME,"Charles Kanozak, DMD",DMD,,,,,,,,137 Western Ave,04330,General Dentistry,Individual dentist,Primary (general),,1,2008,Stale,https://npiregistry.cms.hhs.gov/provider-view/1417123449,,,,,1417123449,,,
B,David S Grody,Augusta,ME,(207) 622-0450,VALID,area code matches ME,David Grody,Owner,,,,,,,,2689 N Belfast Ave,04330,General Dentistry,Practice (organisation),Primary (general),,1,2008,Stale,https://npiregistry.cms.hhs.gov/provider-view/1609048842,,,,,1609048842,,,
B,"David Wicks, DDS",Augusta,ME,(207) 622-2400,VALID,area code matches ME,"David Wicks, DDS",DDS,,,,,,,,133 State St,04330,General Dentistry,Individual dentist,Primary (general),,1,2007,Stale,https://npiregistry.cms.hhs.gov/provider-view/1700093028,,,,,1700093028,,,
B,"Dunn Dental Arts Llc, P.A.",Augusta,ME,(207) 622-3144,VALID,area code matches ME,James Dunn,Dentist,,,,,,,,221 Eastern Ave Suite 1,04330,General Dentistry,Practice (organisation),Primary (general),,1,2010,Stale,https://npiregistry.cms.hhs.gov/provider-view/1588877310,,,,,1588877310,,,
B,Evergreen Dental Associates LLC,Augusta,ME,(207) 622-0861,VALID,area code matches ME,Mikki Studley,Practice Administrator,,,,,,,,281 Western Ave,04330,General Dentistry,Practice (organisation),Primary (general),,1,2012,Stale,https://npiregistry.cms.hhs.gov/provider-view/1013121342,,,,,1013121342,,,
B,"Heather Masters, D.D.S",Augusta,ME,(540) 230-7622,CHECK,"area code 540 belongs to VA, practice is in ME","Heather Masters, D.D.S",D.d.s,,,,,,,,1 VA Ctr Dental Clinic,04330,General Dentistry,Individual dentist,Primary (general),,1,2014,Stale,https://npiregistry.cms.hhs.gov/provider-view/1699192039,,,,,1699192039,,,
B,Interdent LLC,Augusta,ME,(207) 623-7580,VALID,area code matches ME,"Glen Abbott, D.D.S.",President,,,,,,,,12 Shuman Ave,04330,General Dentistry,Practice (organisation),Primary (general),,1,2011,Stale,https://npiregistry.cms.hhs.gov/provider-view/1992099311,,,,,1992099311,,,
B,"Marjan Seywerd, D.D.S.",Augusta,ME,(207) 622-1564,VALID,area code matches ME,"Marjan Seywerd, D.D.S.",D.D.S.,,,,,,,,516 Western Ave,04330,General Dentistry,Individual dentist,Primary (general),,1,2007,Stale,https://npiregistry.cms.hhs.gov/provider-view/1356378046,,,,,1356378046,,,
B,"Michelle Hamilton, DMD, PHD",Augusta,ME,(617) 529-2261,CHECK,"area code 617 belongs to MA, practice is in ME","Michelle Hamilton, DMD, PHD","DMD, PHD",,,,,,,,1 VA Ctr,04330,General Dentistry,Individual dentist,Primary (general),,1,2010,Stale,https://npiregistry.cms.hhs.gov/provider-view/1932309069,,,,,1932309069,,,
B,Rosemarie Sheline DDS PA,Augusta,ME,(207) 622-9215,VALID,area code matches ME,Carl Sheline,Office Manager,,,,,,,,278 State St,04330,General Dentistry,Practice (organisation),Primary (general),,1,2012,Stale,https://npiregistry.cms.hhs.gov/provider-view/1366700767,,,,,1366700767,,,
B,Steven R Zembroski DMD Inc,Augusta,ME,(207) 622-1477,VALID,area code matches ME,"Steven Zembroski, DMD",Owner,,,,,,,,94 Western Ave Suite 1,04330,General Dentistry,Practice (organisation),Primary (general),,1,2008,Stale,https://npiregistry.cms.hhs.gov/provider-view/1407060007,,,,,1407060007,,,
B,"Abdul Shaikh, D.M.D.",Bangor,ME,(866) 437-4819,VALID,toll-free (not a local line),"Abdul Shaikh, D.M.D.",D.M.D.,,,,,,,,728 Stillwater Ave,04401,General Dentistry,Individual dentist,Primary (general),,1,2014,Stale,https://npiregistry.cms.hhs.gov/provider-view/1730586223,,,,,1730586223,,,
B,"Brian Bishop, DDS",Bangor,ME,(207) 942-8893,VALID,area code matches ME,"Brian Bishop, DDS",DDS,,,,,,,,241 State St Ste 101,04401,General Dentistry,Individual dentist,Primary (general),,1,2007,Stale,https://npiregistry.cms.hhs.gov/provider-view/1174743926,,,,,1174743926,,,
B,"Gary Fessler, DDS",Bangor,ME,(207) 942-6001,VALID,area code matches ME,"Gary Fessler, DDS",DDS,,,,,,,,16 Grove Street,04401,General Dentistry,Individual dentist,Primary (general),,1,2007,Stale,https://npiregistry.cms.hhs.gov/provider-view/1902001225,,,,,1902001225,,,
B,"John E Tozer, Dmd, PA",Bangor,ME,(207) 945-5300,VALID,area code matches ME,"John Tozer, DMD",President,,,,,,,,743 Broadway,04401,General Dentistry,Practice (organisation),Primary (general),,1,2008,Stale,https://npiregistry.cms.hhs.gov/provider-view/1255501979,,,,,1255501979,,,
B,"John Hauge, D.M.D.",Bangor,ME,(207) 990-2727,VALID,area code matches ME,"John Hauge, D.M.D.",D.M.D.,,,,,,,,498 Essex St #103,04401,General Dentistry,Individual dentist,Primary (general),,1,2011,Stale,https://npiregistry.cms.hhs.gov/provider-view/1770888547,,,,,1770888547,,,
B,"Mark Lausier, D.M.D.",Bangor,ME,(207) 942-2511,VALID,area code matches ME,"Mark Lausier, D.M.D.",D.M.D.,,,,,,,,336 Mount Hope Ave Suite 10,04401,General Dentistry,Individual dentist,Primary (general),,1,2007,Stale,https://npiregistry.cms.hhs.gov/provider-view/1184734105,,,,,1184734105,,,
B,"Randon Bragdon, D.M.D.",Bangor,ME,(207) 947-0284,VALID,area code matches ME,"Randon Bragdon, D.M.D.",D.M.D.,,,,,,,,30 Judson Blvd,04401,General Dentistry,Individual dentist,Primary (general),,1,2007,Stale,https://npiregistry.cms.hhs.gov/provider-view/1346251378,,,,,1346251378,,,
B,"Rebekah Blanchette, D.D.S.",Bangor,ME,(207) 945-6493,VALID,area code matches ME,"Rebekah Blanchette, D.D.S.",D.D.S.,,,,,,,,715 Hammond St,04401,General Dentistry,Individual dentist,Primary (general),,1,2010,Stale,https://npiregistry.cms.hhs.gov/provider-view/1740591882,,,,,1740591882,,,
B,"Robert Erickson, DMD",Bangor,ME,(207) 992-2060,VALID,area code matches ME,"Robert Erickson, DMD",DMD,,,,,,,,12 Stillwater Ave,04401,General Dentistry,Individual dentist,Primary (general),,1,2011,Stale,https://npiregistry.cms.hhs.gov/provider-view/1679791529,,,,,1679791529,,,
B,"Wayne Wibby, DDS",Bangor,ME,(207) 942-4155,VALID,area code matches ME,"Wayne Wibby, DDS",DDS,,,,,,,,20 Bellevue Ave,04401,General Dentistry,Individual dentist,Primary (general),,1,2007,Stale,https://npiregistry.cms.hhs.gov/provider-view/1659574051,,,,,1659574051,,,
B,Community Dental,Biddeford,ME,(207) 282-1305,VALID,area code matches ME,Shelley Pelkey,Billing Coordinator,,,,,,,,57 Barra Rd,04005,General Dentistry,Practice (organisation),Primary (general),,2,2009,Stale,https://npiregistry.cms.hhs.gov/provider-view/1245566819,,,,,1245566819,,,
B,"Joseph R Kenneally, Dmd, PA",Biddeford,ME,(207) 283-1752,VALID,area code matches ME,"Joseph Kenneally, D.M.D.",President,,,,,,,,6 Wellspring Rd,04005,General Dentistry,Practice (organisation),Primary (general),,2,2007,Stale,https://npiregistry.cms.hhs.gov/provider-view/1962697318,,,,,1962697318,,,
B,"James Moshier, Dmd, LLC",Brunswick,ME,(207) 725-2062,VALID,area code matches ME,"James Moshier, DMD",Owner,,,,,,,,53 Pleasant St,04011,General Dentistry,Practice (organisation),Primary (general),,1,2012,Stale,https://npiregistry.cms.hhs.gov/provider-view/1235497272,,,,,1235497272,,,
B,"James Oshetski, D.D.S.",Brunswick,ME,(207) 729-1159,VALID,area code matches ME,"James Oshetski, D.D.S.",D.D.S.,,,,,,,,14 Maine St Ste 409,04011,General Dentistry,Individual dentist,Primary (general),,1,2010,Stale,https://npiregistry.cms.hhs.gov/provider-view/1366406977,,,,,1366406977,,,
B,"Mary Mackey, DMD",Brunswick,ME,(207) 607-4171,VALID,area code matches ME,"Mary Mackey, DMD",DMD,,,,,,,,64 Pleasant St,04011,General Dentistry,Individual dentist,Primary (general),,1,2011,Stale,https://npiregistry.cms.hhs.gov/provider-view/1336430123,,,,,1336430123,,,
B,"Thomas Skaling, DMD",Brunswick,ME,(207) 729-3212,VALID,area code matches ME,"Thomas Skaling, DMD",DMD,,,,,,,,10 Cumberland Street Suite 1,04011,General Dentistry,Individual dentist,Primary (general),,1,2007,Stale,https://npiregistry.cms.hhs.gov/provider-view/1881603082,,,,,1881603082,,,
B,"Joel Ackerman, DMD",Ellsworth,ME,(507) 667-3009,VALID,area code 507 outside target states,"Joel Ackerman, DMD",DMD,,,,,,,,99 Oak Street,04605,General Dentistry,Individual dentist,Primary (general),,1,2007,Stale,https://npiregistry.cms.hhs.gov/provider-view/1417979386,,,,,1417979386,,,
B,Mlh LLC,Ellsworth,ME,(207) 667-2770,VALID,area code matches ME,"Marc Horowitz, DDS",Owner,,,,,,,,31 Commerce Park,04605,General Dentistry,Practice (organisation),Primary (general),,1,2008,Stale,https://npiregistry.cms.hhs.gov/provider-view/1306081666,,,,,1306081666,,,
B,"Peter Cummings, DMD",Ellsworth,ME,(207) 667-8778,VALID,area code matches ME,"Peter Cummings, DMD",DMD,,,,,,,,201 High St,04605,General Dentistry,Individual dentist,Primary (general),,1,2007,Stale,https://npiregistry.cms.hhs.gov/provider-view/1609838200,,,,,1609838200,,,
B,"William Caddoo, DMD",Ellsworth,ME,(207) 667-5744,VALID,area code matches ME,"William Caddoo, DMD",DMD,,,,,,,,175 Water Street,04605,General Dentistry,Individual dentist,Primary (general),,1,2007,Stale,https://npiregistry.cms.hhs.gov/provider-view/1700989357,,,,,1700989357,,,
B,Community Dental,Falmouth,ME,(207) 874-1025,VALID,area code matches ME,Shelley Pelkey,Health It & Billinf Coordinator,,,,,,,,366 Us Route 1,04105,General Dentistry,Practice (organisation),Primary (general),,1,2013,Stale,https://npiregistry.cms.hhs.gov/provider-view/1619984200,,,,,1619984200,,,
B,"Irina Babayan, Dds, PA",Falmouth,ME,(207) 781-4216,VALID,area code matches ME,Irina Babayan,President,,,,,,,,251 Us Route 1,04105,General Dentistry,Practice (organisation),Primary (general),,2,2014,Stale,https://npiregistry.cms.hhs.gov/provider-view/1619373800,,,,,1619373800,,,
B,Krisztina Sebok,Falmouth,ME,(207) 878-6797,VALID,area code matches ME,Krisztina Sebok,Dentist,,,,,,,,10 Fox Hall Rd,04105,General Dentistry,Individual dentist,Primary (general),,1,2007,Stale,https://npiregistry.cms.hhs.gov/provider-view/1619151461,,,,,1619151461,,,
B,"Jonathan Strout, D.D.S.",Freeport,ME,(207) 865-3934,VALID,area code matches ME,"Jonathan Strout, D.D.S.",D.D.S.,,,,,,,,46 Mallett Dr,04032,General Dentistry,Individual dentist,Primary (general),,1,2007,Stale,https://npiregistry.cms.hhs.gov/provider-view/1730307240,,,,,1730307240,,,
B,"Kenneth Koenke, DDS",Freeport,ME,(207) 865-0673,VALID,area code matches ME,"Kenneth Koenke, DDS",DDS,,,,,,,,37 Bow St,04032,General Dentistry,Individual dentist,Primary (general),,1,2007,Stale,https://npiregistry.cms.hhs.gov/provider-view/1801955364,,,,,1801955364,,,
B,Barbarick & Barbarick DMD PA,Lewiston,ME,(207) 784-5769,VALID,area code matches ME,"Sumner Barbarick, DMD",President,,,,,,,,480 Main St,04240,General Dentistry,Practice (organisation),Primary (general),,2,2007,Stale,https://npiregistry.cms.hhs.gov/provider-view/1962682344,,,,,1962682344,,,
B,"Central Maine Dental, L.L.C.",Lewiston,ME,(207) 783-8800,VALID,area code matches ME,"Kevin Guze, D.M.D.",Owner/principal,,,,,,,,488 Sabattus St,04240,General Dentistry,Practice (organisation),Primary (general),,1,2014,Stale,https://npiregistry.cms.hhs.gov/provider-view/1952721276,,,,,1952721276,,,
B,"James Davis, DMD",Lewiston,ME,(207) 782-4731,VALID,area code matches ME,"James Davis, DMD",DMD,,,,,,,,488 Sabattus St,04240,General Dentistry,Individual dentist,Primary (general),,1,2007,Stale,https://npiregistry.cms.hhs.gov/provider-view/1760593578,,,,,1760593578,,,
B,"James P Herbert, D.m.d., P.A.",Lewiston,ME,(207) 782-0670,VALID,area code matches ME,"James Herbert, D.M.D.",Administrator,,,,,,,,22 Strawberry Ave,04240,General Dentistry,Practice (organisation),Primary (general),,1,2007,Stale,https://npiregistry.cms.hhs.gov/provider-view/1225222920,,,,,1225222920,,,
B,Mitchell Auster DMD,Lewiston,ME,(207) 784-2142,VALID,area code matches ME,Mitchell Auster,Owner,,,,,,,,1065 Lisbon St,04240,General Dentistry,Practice (organisation),Primary (general),,1,2010,Stale,https://npiregistry.cms.hhs.gov/provider-view/1487867792,,,,,1487867792,,,
B,"Stuart Cohen, DMD",Lewiston,ME,(207) 783-1652,VALID,area code matches ME,"Stuart Cohen, DMD",DMD,,,,,,,,185 Webster St,04240,General Dentistry,Individual dentist,Primary (general),,1,2007,Stale,https://npiregistry.cms.hhs.gov/provider-view/1336151133,,,,,1336151133,,,
B,"Tina Kell, DDS",Lewiston,ME,(207) 330-2330,VALID,area code matches ME,"Tina Kell, DDS",DDS,,,,,,,,626 Main St,04240,General Dentistry,Individual dentist,Primary (general),,1,2014,Stale,https://npiregistry.cms.hhs.gov/provider-view/1144255407,,,,,1144255407,,,
B,"James Weigand, D.D.S.",Poland Spring,ME,(207) 998-4587,VALID,area code matches ME,"James Weigand, D.D.S.",D.D.S.,,,,,,,,364 Maine St,04274,General Dentistry,Individual dentist,Primary (general),,1,2007,Stale,https://npiregistry.cms.hhs.gov/provider-view/1821168469,,,,,1821168469,,,
B,"David Kerr, D.D.S.",Portland,ME,(207) 775-0001,VALID,area code matches ME,"David Kerr, D.D.S.",D.D.S.,,,,,,,,1601 Congress St,04102,General Dentistry,Individual dentist,Primary (general),,1,2007,Stale,https://npiregistry.cms.hhs.gov/provider-view/1205858644,,,,,1205858644,,,
B,Dental Arts Of Portland,Portland,ME,(207) 773-2111,VALID,area code matches ME,"Alex Mazurenko, DMD",Owner,,,,,,,,2401 Congress St Suite # 2,04102,General Dentistry,Practice (organisation),Primary (general),,2,2011,Stale,https://npiregistry.cms.hhs.gov/provider-view/1922214865,,,,,1922214865,,,
B,"Dheeraj Pamidimukkala, DMD",Portland,ME,(207) 797-5000,VALID,area code matches ME,"Dheeraj Pamidimukkala, DMD",DMD,,,,,,,,315 Auburn St,04103,General Dentistry,Individual dentist,Primary (general),,1,2007,Stale,https://npiregistry.cms.hhs.gov/provider-view/1447355276,,,,,1447355276,,,
B,"Elizabeth Brachowicz, D.M.D.",Portland,ME,(617) 855-5363,CHECK,"area code 617 belongs to MA, practice is in ME","Elizabeth Brachowicz, D.M.D.",D.M.D.,,,,,,,,1036 Brighton Ave,04102,General Dentistry,Individual dentist,Primary (general),,1,2012,Stale,https://npiregistry.cms.hhs.gov/provider-view/1306194147,,,,,1306194147,,,
B,"Frederick R Molander, Dmd, PA",Portland,ME,(207) 775-1401,VALID,area code matches ME,"Frederick Molander, DMD",Owner,,,,,,,,1250 Congress St,04102,General Dentistry,Practice (organisation),Primary (general),,1,2011,Stale,https://npiregistry.cms.hhs.gov/provider-view/1598042640,,,,,1598042640,,,
B,Griffee Dental PC,Portland,ME,(207) 772-2150,VALID,area code matches ME,"Justin Griffee, DMD",Owner,,,,,,,,1036 Brighton Ave A,04102,General Dentistry,Practice (organisation),Primary (general),,1,2008,Stale,https://npiregistry.cms.hhs.gov/provider-view/1922243849,,,,,1922243849,,,
B,"James Difilippo, DMD",Portland,ME,(207) 797-8497,VALID,area code matches ME,"James Difilippo, DMD",DMD,,,,,,,,1107 Forest Avenue,04103,General Dentistry,Individual dentist,Primary (general),,1,2007,Stale,https://npiregistry.cms.hhs.gov/provider-view/1174739189,,,,,1174739189,,,
B,"James Martin, DMD",Portland,ME,(207) 450-7212,VALID,area code matches ME,"James Martin, DMD",DMD,,,,,,,,1314 Westbrook St,04102,General Dentistry,Individual dentist,Primary (general),,1,2012,Stale,https://npiregistry.cms.hhs.gov/provider-view/1629325675,,,,,1629325675,,,
B,"Jason Kassir, DMD",Portland,ME,(207) 773-4597,VALID,area code matches ME,"Jason Kassir, DMD",DMD,,,,,,,,611 Brighton Ave,04102,General Dentistry,Individual dentist,Primary (general),,1,2007,Stale,https://npiregistry.cms.hhs.gov/provider-view/1558431080,,,,,1558431080,,,
B,"Jay Beauchemin, D.D.S.",Portland,ME,(207) 221-4709,VALID,area code matches ME,"Jay Beauchemin, D.D.S.",D.D.S.,,,,,,,,716 Stevens Ave,04103,General Dentistry,Individual dentist,Primary (general),,1,2014,Stale,https://npiregistry.cms.hhs.gov/provider-view/1043269657,,,,,1043269657,,,
B,"John Zappia, D.D.S.",Portland,ME,(207) 772-8112,VALID,area code matches ME,"John Zappia, D.D.S.",D.D.S.,,,,,,,,686 Brighton Ave,04102,General Dentistry,Individual dentist,Primary (general),,1,2007,Stale,https://npiregistry.cms.hhs.gov/provider-view/1821010141,,,,,1821010141,,,
B,"Kevin Lukis, DDS",Portland,ME,(207) 878-3480,VALID,area code matches ME,"Kevin Lukis, DDS",DDS,,,,,,,,1250 Forest Ave Ste 3B,04103,General Dentistry,Individual dentist,Primary (general),,1,2013,Stale,https://npiregistry.cms.hhs.gov/provider-view/1215360110,,,,,1215360110,,,
B,"Lawrence Flaherty, DMD",Portland,ME,(207) 774-8855,VALID,area code matches ME,"Lawrence Flaherty, DMD",DMD,,,,,,,,660 Brighton Ave,04102,General Dentistry,Individual dentist,Primary (general),,1,2007,Stale,https://npiregistry.cms.hhs.gov/provider-view/1356363386,,,,,1356363386,,,
B,"Leonard J Brennan, Dmd, LLC",Portland,ME,(207) 773-2446,VALID,area code matches ME,"Leonard Brennan, DMD",Owner,,,,,,,,1250 Congress St,04102,General Dentistry,Practice (organisation),Primary (general),,2,2007,Stale,https://npiregistry.cms.hhs.gov/provider-view/1225151178,,,,,1225151178,,,
B,"Olin Farrior, D.M.D.",Portland,ME,(207) 221-4722,VALID,area code matches ME,"Olin Farrior, D.M.D.",D.M.D.,,,,,,,,716 Stevens Ave,04103,General Dentistry,Individual dentist,Primary (general),,1,2014,Stale,https://npiregistry.cms.hhs.gov/provider-view/1679733547,,,,,1679733547,,,
B,"Pamela Anzelc, DDS",Portland,ME,(207) 878-3540,VALID,area code matches ME,"Pamela Anzelc, DDS",DDS,,,,,,,,380 Auburn St,04103,General Dentistry,Individual dentist,Primary (general),,1,2007,Stale,https://npiregistry.cms.hhs.gov/provider-view/1457372716,,,,,1457372716,,,
B,"Ronald Cody, D.M.D.",Portland,ME,(207) 774-2071,VALID,area code matches ME,"Ronald Cody, D.M.D.",D.M.D.,,,,,,,,487 Stevens Ave,04103,General Dentistry,Individual dentist,Primary (general),,1,2007,Stale,https://npiregistry.cms.hhs.gov/provider-view/1194862482,,,,,1194862482,,,
B,"Thomas Richardson, DMD JD",Portland,ME,(202) 878-3480,VALID,area code 202 outside target states,"Thomas Richardson, DMD JD",DMD Jd,,,,,,,,1250 Forest Avenue Suite 3B,04103,General Dentistry,Individual dentist,Primary (general),,1,2007,Stale,https://npiregistry.cms.hhs.gov/provider-view/1821194689,,,,,1821194689,,,
B,"Garth Duff, DMD",Presque Isle,ME,(207) 227-1332,VALID,area code matches ME,"Garth Duff, DMD",DMD,,,,,,,,179 Academy St,04769,General Dentistry,Individual dentist,Primary (general),,1,2007,Stale,https://npiregistry.cms.hhs.gov/provider-view/1477655405,,,,,1477655405,,,
B,Biddeford Saco Dental Assoc,Saco,ME,(207) 282-9962,VALID,area code matches ME,"James Kelley, DDS",Owner,,,,,,,,323 Main Street,04072,General Dentistry,Practice (organisation),Primary (general),,1,2013,Stale,https://npiregistry.cms.hhs.gov/provider-view/1932213998,,,,,1932213998,,,
B,"Arthur Schliesman, DMD",Scarborough,ME,(207) 883-6061,VALID,area code matches ME,"Arthur Schliesman, DMD",DMD,,,,,,,,434 Us Rt 1,04070,General Dentistry,Individual dentist,Primary (general),,1,2007,Stale,https://npiregistry.cms.hhs.gov/provider-view/1841358504,,,,,1841358504,,,
B,"Dunstan Dental Center, LLC",Scarborough,ME,(207) 883-3229,VALID,area code matches ME,"Joseph Penna, D.M.D.",President/owner,,,,,,,,618 Us Route 1 Suite 4,04074,General Dentistry,Practice (organisation),Primary (general),,1,2007,Stale,https://npiregistry.cms.hhs.gov/provider-view/1447433560,,,,,1447433560,,,
B,"Jonathan Shinay, D.M.D.",Scarborough,ME,(617) 901-3732,CHECK,"area code 617 belongs to MA, practice is in ME","Jonathan Shinay, D.M.D.",D.M.D.,,,,,,,,243 Us Route 1,04074,General Dentistry,Individual dentist,Primary (general),,1,2012,Stale,https://npiregistry.cms.hhs.gov/provider-view/1538471420,,,,,1538471420,,,
B,"Michael Bufo, DMD",Scarborough,ME,(207) 510-6700,VALID,area code matches ME,"Michael Bufo, DMD",DMD,,,,,,,,306 Us Route 1 Bldg B-N,04074,General Dentistry,Individual dentist,Primary (general),,1,2007,Stale,https://npiregistry.cms.hhs.gov/provider-view/1558370767,,,,,1558370767,,,
B,"Robert Mitchell, D.D.S.",Scarborough,ME,(207) 510-0033,VALID,area code matches ME,"Robert Mitchell, D.D.S.",D.D.S.,,,,,,,,306 Us Route 1 Bldg C-1,04074,General Dentistry,Individual dentist,Primary (general),,1,2009,Stale,https://npiregistry.cms.hhs.gov/provider-view/1740281666,,,,,1740281666,,,
B,"Esthetic Dentistry Of Maine, LLC",South Portland,ME,(207) 772-1996,VALID,area code matches ME,"Daniel Armstrong, D.M.D.",Dentist,,,,,,,,192 Western Ave,04106,General Dentistry,Practice (organisation),Primary (general),,1,2008,Stale,https://npiregistry.cms.hhs.gov/provider-view/1760668818,,,,,1760668818,,,
B,Gary A Kokx DMD Todd D Ray DMD PLLC,South Portland,ME,(207) 774-6553,VALID,area code matches ME,"Todd Ray, DMD",Owner/partner,,,,,,,,25 Long Creek Dr 1,04106,General Dentistry,Practice (organisation),Primary (general),,1,2012,Stale,https://npiregistry.cms.hhs.gov/provider-view/1134164601,,,,,1134164601,,,
B,"Laura Krause, DDS",South Portland,ME,(207) 772-5244,VALID,area code matches ME,"Laura Krause, DDS",DDS,,,,,,,,265 Westbrook St,04106,General Dentistry,Individual dentist,Primary (general),,1,2007,Stale,https://npiregistry.cms.hhs.gov/provider-view/1487705562,,,,,1487705562,,,
B,"Nathan Oakes, DMD",South Portland,ME,(207) 517-6279,VALID,area code matches ME,"Nathan Oakes, DMD",DMD,,,,,,,,171 Maine Mall Rd,04106,General Dentistry,Individual dentist,Primary (general),,1,2013,Stale,https://npiregistry.cms.hhs.gov/provider-view/1144660515,,,,,1144660515,,,
B,"Pkv,inc",South Portland,ME,(207) 773-1703,VALID,area code matches ME,"Prashant Kaushik, D.M.D.",Dentist,,,,,,,,192 Western Ave,04106,General Dentistry,Practice (organisation),Primary (general),,2,2011,Stale,https://npiregistry.cms.hhs.gov/provider-view/1104195064,,,,,1104195064,,,
B,American Dental Associates,Waterville,ME,(207) 872-6815,VALID,area code matches ME,"Olugbenga Akinsanya, DDS",Dentist,,,,,,,,179 Main St Suite 212,04901,General Dentistry,Practice (organisation),Primary (general),,1,2008,Stale,https://npiregistry.cms.hhs.gov/provider-view/1245484310,,,,,1245484310,,,
B,"David Tyler, DDS",Waterville,ME,(207) 872-8023,VALID,area code matches ME,"David Tyler, DDS",DDS,,,,,,,,32 College Ave Suite 103,04901,General Dentistry,Individual dentist,Primary (general),,1,2007,Stale,https://npiregistry.cms.hhs.gov/provider-view/1922182591,,,,,1922182591,,,
B,"Douglas Laliberte, D.M.D.",Waterville,ME,(207) 872-8891,VALID,area code matches ME,"Douglas Laliberte, D.M.D.",D.M.D.,,,,,,,,93 Main St,04901,General Dentistry,Individual dentist,Primary (general),,1,2009,Stale,https://npiregistry.cms.hhs.gov/provider-view/1609004449,,,,,1609004449,,,
B,Dr George W Manter DMD,Waterville,ME,(207) 873-5511,VALID,area code matches ME,Jessica Libby,Secretary,,,,,,,,57 Silver St,04901,General Dentistry,Practice (organisation),Primary (general),,1,2008,Stale,https://npiregistry.cms.hhs.gov/provider-view/1205039773,,,,,1205039773,,,
B,"John Koons, DMD",Waterville,ME,(207) 872-5252,VALID,area code matches ME,"John Koons, DMD",DMD,,,,,,,,2 Queens Way Suite 1,04901,General Dentistry,Individual dentist,Primary (general),,1,2007,Stale,https://npiregistry.cms.hhs.gov/provider-view/1205939675,,,,,1205939675,,,
B,"John Loomis, DDS",Waterville,ME,(207) 877-9917,VALID,area code matches ME,"John Loomis, DDS",DDS,,,,,,,,3 Brigham St,04901,General Dentistry,Individual dentist,Primary (general),,1,2007,Stale,https://npiregistry.cms.hhs.gov/provider-view/1306949490,,,,,1306949490,,,
B,"Nicholas Nawfel, DDS",Waterville,ME,(207) 873-3224,VALID,area code matches ME,"Nicholas Nawfel, DDS",DDS,,,,,,,,24 Common Street,04901,General Dentistry,Individual dentist,Primary (general),,1,2007,Stale,https://npiregistry.cms.hhs.gov/provider-view/1073610671,,,,,1073610671,,,
B,"Olugbenga Akinsanya, DDS",Waterville,ME,(207) 415-1296,VALID,area code matches ME,"Olugbenga Akinsanya, DDS",DDS,,,,,,,,185 Main St,04901,General Dentistry,Individual dentist,Primary (general),,1,2013,Stale,https://npiregistry.cms.hhs.gov/provider-view/1154586006,,,,,1154586006,,,
B,Ducor Dent LLC,Westbrook,ME,(207) 878-8181,VALID,area code matches ME,"Jonathan Gibbs, D.D.S.",Owner,,,,,,,,395A Bridgton Rd,04092,General Dentistry,Practice (organisation),Primary (general),,1,2011,Stale,https://npiregistry.cms.hhs.gov/provider-view/1881988210,,,,,1881988210,,,
B,Advanced Dental Concepts,Windham,ME,(207) 892-8325,VALID,area code matches ME,"Stanley Armstrong, D.M.D.",Owner,,,,,,,,744 Roosevelt Trl Suite 104,04062,General Dentistry,Practice (organisation),Primary (general),,1,2008,Stale,https://npiregistry.cms.hhs.gov/provider-view/1053520478,,,,,1053520478,,,
B,"Roosevelt Dental, P.A.",Windham,ME,(207) 894-5580,VALID,area code matches ME,"Eugene Kim, DDS",Owner,,,,,,,,840 Roosevelt Trl,04062,General Dentistry,Practice (organisation),Primary (general),,1,2012,Stale,https://npiregistry.cms.hhs.gov/provider-view/1194084731,,,,,1194084731,,,
C,"Michael Goldberg, D.M.D.",Bangor,ME,(207) 941-6700,VALID,area code matches ME,"Michael Goldberg, D.M.D.",D.M.D.,,,,,,,,700 Mount Hope Ave Suite 410,04401,Periodontics,Individual dentist,Secondary (specialty),,1,2026,Recent,https://npiregistry.cms.hhs.gov/provider-view/1649214859,,,,,1649214859,,,
C,John Remmes,Biddeford,ME,(207) 284-3317,VALID,area code matches ME,John Remmes,Dentist,,,,,,,,6 Wellspring Rd,04005,Orthodontics,Individual dentist,Secondary (specialty),,1,2026,Recent,https://npiregistry.cms.hhs.gov/provider-view/1558295584,,,,,1558295584,,,
C,Southern Maine Endodontics,Biddeford,ME,(207) 494-7301,VALID,area code matches ME,"Leeann Cote, DMD",Dentist,,,,,,,,6 Wellspring Rd Ste E,04005,Endodontics,Practice (organisation),Secondary (specialty),,1,2023,Recent,https://npiregistry.cms.hhs.gov/provider-view/1295259687,,,,,1295259687,,,
C,"Kenneth Ashe, DDS",Brunswick,ME,(207) 921-1820,VALID,area code matches ME,"Kenneth Ashe, DDS",DDS,,,,,,,,650 Sewall St Branch Health Clinic Naval Air Station,04011,Prosthodontics,Individual dentist,Secondary (specialty),,1,2026,Recent,https://npiregistry.cms.hhs.gov/provider-view/1598741746,,,,,1598741746,,,
C,Bucksport Regional Health Center,Bucksport,ME,(207) 469-7371,VALID,area code matches ME,Carol Carew,CEO,,,,,,,,110 Broadway,04416,"Clinic/Center, Federally Qualified Health Center (FQHC)",Practice (organisation),Secondary (specialty),,1,2024,Recent,https://npiregistry.cms.hhs.gov/provider-view/1043271133,,,,,1043271133,,,
C,"207 Periodontics, PLLC",Portland,ME,(207) 774-1471,VALID,area code matches ME,"Kara Achille, DMD",Owner Dentist,,,,,,,,595 Brighton Ave,04102,Periodontics,Practice (organisation),Secondary (specialty),,1,2022,Recent,https://npiregistry.cms.hhs.gov/provider-view/1629724877,,,,,1629724877,,,
C,Catholic Charities Maine,Portland,ME,(207) 781-8550,VALID,area code matches ME,Alyssa Gilberti-Pekins,Chief Compliance Officer,,,,,,,,307 Congress Street,04101,"Social Worker, Clinical",Practice (organisation),Secondary (specialty),,1,2026,Recent,https://npiregistry.cms.hhs.gov/provider-view/1013955947,,,,,1013955947,,,
C,Hui Ling Cheah,Portland,ME,(207) 221-4728,VALID,area code matches ME,Hui Ling Cheah,Dentist,,,,,,,,1 College St,04103,Prosthodontics,Individual dentist,Secondary (specialty),,1,2026,Recent,https://npiregistry.cms.hhs.gov/provider-view/1932800539,,,,,1932800539,,,
C,"Kara Achille, DMD",Portland,ME,(072) 774-1471,INVALID,not a valid NANP number,"Kara Achille, DMD",DMD,,,,,,,,595 Brighton Ave,04102,Periodontics,Individual dentist,Secondary (specialty),,1,2022,Recent,https://npiregistry.cms.hhs.gov/provider-view/1487051686,,,,,1487051686,,,
C,Mainely Smiles,Portland,ME,(207) 808-9498,VALID,area code matches ME,Michael Lombardi,Director Of Finance,,,,,,,,117 Auburn St,04103,Public Health,Practice (organisation),Secondary (specialty),,1,2025,Recent,https://npiregistry.cms.hhs.gov/provider-view/1992391536,,,,,1992391536,,,
C,"Neetha Antony, BDS",Portland,ME,(207) 221-4714,VALID,area code matches ME,"Neetha Antony, BDS",Bds,,,,,,,,1 College St,04103,Oral Radiology,Individual dentist,Secondary (specialty),,1,2023,Recent,https://npiregistry.cms.hhs.gov/provider-view/1538945803,,,,,1538945803,,,
C,Ning Yu,Portland,ME,(207) 614-7487,VALID,area code matches ME,Ning Yu,Dentist,,,,,,,,650 Brighton Ave,04102,Periodontics,Individual dentist,Secondary (specialty),,1,2025,Recent,https://npiregistry.cms.hhs.gov/provider-view/1477287373,,,,,1477287373,,,
C,"Rachel Garoufalis, D.M.D.",Portland,ME,(207) 221-4225,VALID,area code matches ME,"Rachel Garoufalis, D.M.D.",D.M.D.,,,,,,,,716 Stevens Ave,04103,Endodontics,Individual dentist,Secondary (specialty),,1,2024,Recent,https://npiregistry.cms.hhs.gov/provider-view/1124454665,,,,,1124454665,,,
C,"Robyn Shafer, RDH",Portland,ME,(207) 774-3197,VALID,area code matches ME,"Robyn Shafer, RDH",RDH,,,,,,,,94 Washington Ave # 2630,04101,Public Health,Individual dentist,Secondary (specialty),,1,2022,Recent,https://npiregistry.cms.hhs.gov/provider-view/1306573456,,,,,1306573456,,,
C,"Yanelis Mestre, DMD",Portland,ME,(207) 773-3111,VALID,area code matches ME,"Yanelis Mestre, DMD",DMD,,,,,,,,1601 Congress St,04102,Pediatric,Individual dentist,Secondary (specialty),,1,2022,Recent,https://npiregistry.cms.hhs.gov/provider-view/1528685849,,,,,1528685849,,,
C,"Yu-Hsin Chen, DDS, MSOB",Portland,ME,(120) 782-3373,INVALID,not a valid NANP number,"Yu-Hsin Chen, DDS, MSOB","DDS, Msob",,,,,,,,612 Brighton Ave,04102,Periodontics,Individual dentist,Secondary (specialty),,1,2025,Recent,https://npiregistry.cms.hhs.gov/provider-view/1750261483,,,,,1750261483,,,
C,"Amanda Paradis, DMD, MSD",Saco,ME,(207) 590-9560,VALID,area code matches ME,"Amanda Paradis, DMD, MSD","DMD, MSD",,,,,,,,485 Main St,04072,Orthodontics,Individual dentist,Secondary (specialty),,1,2023,Recent,https://npiregistry.cms.hhs.gov/provider-view/1851169387,,,,,1851169387,,,
C,"Lisa Howard, DDS, MS",Scarborough,ME,(207) 885-1005,VALID,area code matches ME,"Lisa Howard, DDS, MS","DDS, MS",,,,,,,,306 Us Route 1 Ste D1,04074,Orthodontics,Individual dentist,Secondary (specialty),,1,2026,Recent,https://npiregistry.cms.hhs.gov/provider-view/1740283746,,,,,1740283746,,,
C,"Scarborough Dental Association, P.A.",Scarborough,ME,(207) 883-8911,VALID,area code matches ME,"Mark Buttarazzi, D.M.D.",Dentist,,,,,,,,243 Us Route 1 Suite 2,04074,Endodontics,Practice (organisation),Secondary (specialty),,1,2025,Recent,https://npiregistry.cms.hhs.gov/provider-view/1255373593,,,,,1255373593,,,
C,Teledentalassistance,Scarborough,ME,(207) 432-0649,VALID,area code matches ME,Stacy Caron,Founder,,,,,,,,6 Carriage Way,04074,Public Health,Practice (organisation),Secondary (specialty),,1,2022,Recent,https://npiregistry.cms.hhs.gov/provider-view/1710619010,,,,,1710619010,,,
C,"Luke L'Heureux, D.M.D.",Waterville,ME,(207) 873-0117,VALID,area code matches ME,"Luke L'Heureux, D.M.D.",D.M.D.,,,,,,,,244 Kennedy Memorial Dr,04901,Oral Surgery,Individual dentist,Secondary (specialty),,1,2022,Recent,https://npiregistry.cms.hhs.gov/provider-view/1780995712,,,,,1780995712,,,
C,Align Orthodontics LLC,Winslow,ME,(207) 956-0470,VALID,area code matches ME,David Lee,COO,,,,,,,,334 Augusta Rd,04901,Orthodontics,Practice (organisation),Secondary (specialty),,1,2025,Recent,https://npiregistry.cms.hhs.gov/provider-view/1558152074,,,,,1558152074,,,
C,Central Maine Endodontics,Auburn,ME,(207) 783-1671,VALID,area code matches ME,"Michelle Mazur Kary, DDS MPH",Owner President,,,,,,,,219 Mount Auburn Ave,04210,Endodontics,Practice (organisation),Secondary (specialty),,1,2020,Ageing,https://npiregistry.cms.hhs.gov/provider-view/1114129756,,,,,1114129756,,,
C,Thomas B Cook DDS Orthodontics PA,Augusta,ME,(207) 623-3116,VALID,area code matches ME,"Thomas Cook, DDS  MS",President,,,,,,,,45 Fuller Rd,04330,Orthodontics,Practice (organisation),Secondary (specialty),,1,2020,Ageing,https://npiregistry.cms.hhs.gov/provider-view/1669599478,,,,,1669599478,,,
C,"Associates In Orthodontics, P.A.",Bangor,ME,(207) 942-1442,VALID,area code matches ME,"Louis Hardy, D.D.S.",President,,,,,,,,766 Stillwater Ave,04401,Orthodontics,Practice (organisation),Secondary (specialty),,1,2020,Ageing,https://npiregistry.cms.hhs.gov/provider-view/1447268073,,,,,1447268073,,,
C,Bangor Braces PC,Bangor,ME,(207) 945-6324,VALID,area code matches ME,"Brad Woodford, DDS",Owner,,,,,,,,570 Stillwater Ave,04401,Orthodontics,Practice (organisation),Secondary (specialty),,1,2016,Ageing,https://npiregistry.cms.hhs.gov/provider-view/1851836001,,,,,1851836001,,,
C,Mallick Endodontics,Bangor,ME,(207) 573-1243,VALID,area code matches ME,"Nikhil Mallick, DDS",Owner,,,,,,,,1 Cumberland Pl Ste 202,04401,Endodontics,Practice (organisation),Secondary (specialty),,1,2019,Ageing,https://npiregistry.cms.hhs.gov/provider-view/1205498870,,,,,1205498870,,,
C,Northeast Periodoantal Associates,Bangor,ME,(207) 941-2300,VALID,area code matches ME,"Laura Reidy, D.M.D.",Periodontist,,,,,,,,"20 Penn Plaza, Suite 32",04401,Periodontics,Practice (organisation),Secondary (specialty),,1,2020,Ageing,https://npiregistry.cms.hhs.gov/provider-view/1396967824,,,,,1396967824,,,
C,Corey J Teguis DMD PA,Biddeford,ME,(207) 282-5682,VALID,area code matches ME,Corey Teguis,Owner,,,,,,,,28 W Cole Rd Ste 102,04005,Orthodontics,Practice (organisation),Secondary (specialty),,1,2017,Ageing,https://npiregistry.cms.hhs.gov/provider-view/1891236766,,,,,1891236766,,,
C,Maine Periodontics Plllc,Biddeford,ME,(207) 283-4867,VALID,area code matches ME,"Arthur Gager, DDS","Dentist, Owner",,,,,,,,2 Medical Center Dr,04005,Periodontics,Practice (organisation),Secondary (specialty),,1,2020,Ageing,https://npiregistry.cms.hhs.gov/provider-view/1053908103,,,,,1053908103,,,
C,"Remmes Orthodontics, P.A.",Biddeford,ME,(207) 282-7501,VALID,area code matches ME,"Paul Remmes, DMD",Owner,,,,,,,,6 Wellspring Rd,04005,Orthodontics,Practice (organisation),Secondary (specialty),,1,2020,Ageing,https://npiregistry.cms.hhs.gov/provider-view/1679792949,,,,,1679792949,,,
C,Topsham Endodontics,Brunswick,ME,(207) 203-3060,VALID,area code matches ME,"Gregory Sprague, DDS, MSD",Doctor/owner,,,,,,,,275 Bath Rd Ste 6,04011,Endodontics,Practice (organisation),Secondary (specialty),,1,2018,Ageing,https://npiregistry.cms.hhs.gov/provider-view/1194293696,,,,,1194293696,,,
C,"John Willis, D.D.S",Falmouth,ME,(207) 781-2272,VALID,area code matches ME,"John Willis, D.D.S",D.d.s,,,,,,,,6 Fundy Rd Ste 200,04105,Pediatric,Individual dentist,Secondary (specialty),,1,2021,Ageing,https://npiregistry.cms.hhs.gov/provider-view/1205211208,,,,,1205211208,,,
C,Alan W Schneit DMD PA,Portland,ME,(207) 761-4343,VALID,area code matches ME,"Alan Schneit, DMD",President,,,,,,,,612 Brighton Avenue,04102,Orthodontics,Practice (organisation),Secondary (specialty),,1,2020,Ageing,https://npiregistry.cms.hhs.gov/provider-view/1275698292,,,,,1275698292,,,
C,Candid Maine PC,Portland,ME,(860) 481-7631,CHECK,"area code 860 belongs to CT, practice is in ME","Richard D'Avanzo, DMD",Owner,,,,,,,,415 Congress St Ste 201,04101,Orthodontics,Practice (organisation),Secondary (specialty),,5,2020,Ageing,https://npiregistry.cms.hhs.gov/provider-view/1881209641,,,,,1881209641,,,
C,"Chin Kim, DDS",Portland,ME,(207) 221-4686,VALID,area code matches ME,"Chin Kim, DDS",DDS,,,,,,,,716 Stevens Ave,04103,Prosthodontics,Individual dentist,Secondary (specialty),,1,2021,Ageing,https://npiregistry.cms.hhs.gov/provider-view/1376123133,,,,,1376123133,,,
C,"City Of Portland Maine Hhs, PHD",Portland,ME,(207) 874-8784,VALID,area code matches ME,Joseph Gray,City Manager,,,,,,,,389 Congress St Room 307,04101,Public Health,Practice (organisation),Secondary (specialty),,1,2020,Ageing,https://npiregistry.cms.hhs.gov/provider-view/1710002324,,,,,1710002324,,,
C,"Faisal Almoghaisseeb, DDS, MS",Portland,ME,(207) 221-4637,VALID,area code matches ME,"Faisal Almoghaisseeb, DDS, MS","DDS, MS",,,,,,,,716 Stevens Ave,04103,Endodontics,Individual dentist,Secondary (specialty),,1,2021,Ageing,https://npiregistry.cms.hhs.gov/provider-view/1558799148,,,,,1558799148,,,
C,"Jennifer Caplin, D.M.D. M.S.",Portland,ME,(207) 227-4747,VALID,area code matches ME,"Jennifer Caplin, D.M.D. M.S.",D.M.D. M.S.,,,,,,,,1 College St,04103,Orthodontics,Individual dentist,Secondary (specialty),,1,2021,Ageing,https://npiregistry.cms.hhs.gov/provider-view/1427451285,,,,,1427451285,,,
C,"John Payne, D.D.S.",Portland,ME,(207) 221-4756,VALID,area code matches ME,"John Payne, D.D.S.",D.D.S.,,,,,,,,716 Stevens Ave,04103,Prosthodontics,Individual dentist,Secondary (specialty),,1,2018,Ageing,https://npiregistry.cms.hhs.gov/provider-view/1225047806,,,,,1225047806,,,
C,Maine Coast Oral Surgery,Portland,ME,(207) 772-8055,VALID,area code matches ME,"Russell Collett, DDS",Oral Surgeon,,,,,,,,1601 Congress St,04102,"Dentist, Oral and Maxillofacial Pathology",Practice (organisation),Secondary (specialty),,1,2018,Ageing,https://npiregistry.cms.hhs.gov/provider-view/1952717084,,,,,1952717084,,,
C,"Miles Cone, DMD",Portland,ME,(207) 536-7509,VALID,area code matches ME,"Miles Cone, DMD",DMD,,,,,,,,193 Middle St Nuance Dental Specialists,04101,Prosthodontics,Individual dentist,Secondary (specialty),,1,2016,Ageing,https://npiregistry.cms.hhs.gov/provider-view/1518116615,,,,,1518116615,,,
C,"Molly Cohen, DMD",Portland,ME,(207) 221-4876,VALID,area code matches ME,"Molly Cohen, DMD",DMD,,,,,,,,716 Stevens Ave,04103,"Dentist, Oral and Maxillofacial Pathology",Individual dentist,Secondary (specialty),,1,2019,Ageing,https://npiregistry.cms.hhs.gov/provider-view/1407142540,,,,,1407142540,,,
C,Periodontal Associates,Portland,ME,(207) 772-7459,VALID,area code matches ME,"George Gordon, DMD",President,,,,,,,,612 Brighton Ave,04102,Periodontics,Practice (organisation),Secondary (specialty),,1,2020,Ageing,https://npiregistry.cms.hhs.gov/provider-view/1932329943,,,,,1932329943,,,
C,"Smile Clinic, LLC",Portland,ME,(207) 352-3111,VALID,area code matches ME,"Jameson Hardy, DMD",Orthodontist,,,,,,,,163 Fore St Ste A,04101,Orthodontics,Practice (organisation),Secondary (specialty),,1,2019,Ageing,https://npiregistry.cms.hhs.gov/provider-view/1306497094,,,,,1306497094,,,
C,"Sonja Evans, DMD",Portland,ME,(207) 772-7431,VALID,area code matches ME,"Sonja Evans, DMD",DMD,,,,,,,,82 Coyle St,04101,Endodontics,Individual dentist,Secondary (specialty),,1,2019,Ageing,https://npiregistry.cms.hhs.gov/provider-view/1386084564,,,,,1386084564,,,
C,Southern Maine Periodontal Assoc PA,Portland,ME,(207) 780-1822,VALID,area code matches ME,"Denise Theriault, DMD",Owner,,,,,,,,276 Canco Rd,04103,Periodontics,Practice (organisation),Secondary (specialty),,1,2020,Ageing,https://npiregistry.cms.hhs.gov/provider-view/1295828069,,,,,1295828069,,,
C,Stegemann And Shuman Orthodontics PA,Portland,ME,(207) 797-5577,VALID,area code matches ME,"Thomas Stegemann, DMD",Owner,,,,,,,,1321 Washington Avenue,04103,Orthodontics,Practice (organisation),Secondary (specialty),,1,2020,Ageing,https://npiregistry.cms.hhs.gov/provider-view/1386847846,,,,,1386847846,,,
C,"Tessie Stansbury, DMD",Portland,ME,(207) 221-4737,VALID,area code matches ME,"Tessie Stansbury, DMD",DMD,,,,,,,,716 Stevens Ave,04103,"Dentist, Oral and Maxillofacial Pathology",Individual dentist,Secondary (specialty),,1,2018,Ageing,https://npiregistry.cms.hhs.gov/provider-view/1881094068,,,,,1881094068,,,
C,Yueh-Ling Chao,Portland,ME,(207) 221-4700,VALID,area code matches ME,Yueh-Ling Chao,Dentist,,,,,,,,716 Stevens Ave,04103,Prosthodontics,Individual dentist,Secondary (specialty),,1,2020,Ageing,https://npiregistry.cms.hhs.gov/provider-view/1821628504,,,,,1821628504,,,
C,"Cassidy Orthodontics, LLC",Presque Isle,ME,(207) 764-6930,VALID,area code matches ME,"Donald Cassidy, DMD, MS",Owner,,,,,,,,166 Academy St,04769,Orthodontics,Practice (organisation),Secondary (specialty),,1,2020,Ageing,https://npiregistry.cms.hhs.gov/provider-view/1043430820,,,,,1043430820,,,
C,Northern Maine Orthodontic Assoc.,Presque Isle,ME,(207) 764-5393,VALID,area code matches ME,"Maurice Belden, D.M.D.",Owner,,,,,,,,176 Academy St,04769,Orthodontics,Practice (organisation),Secondary (specialty),,1,2020,Ageing,https://npiregistry.cms.hhs.gov/provider-view/1154535102,,,,,1154535102,,,
C,Corey And Then PA,South Portland,ME,(207) 774-5527,VALID,area code matches ME,"Jon Corey, DMD,PA",President,,,,,,,,254 Western Ave,04106,Periodontics,Practice (organisation),Secondary (specialty),,1,2020,Ageing,https://npiregistry.cms.hhs.gov/provider-view/1811010309,,,,,1811010309,,,
C,"David S Palmer, Dmd, PA",South Portland,ME,(207) 775-7767,VALID,area code matches ME,"David Palmer, DMD",President,,,,,,,,25 Long Creek Dr,04106,Prosthodontics,Practice (organisation),Secondary (specialty),,1,2020,Ageing,https://npiregistry.cms.hhs.gov/provider-view/1336361484,,,,,1336361484,,,
C,"Prosthodontics Associates, P.A.",South Portland,ME,(207) 775-6348,VALID,area code matches ME,"Bruce Sahrbeck, D.D.S.",President,,,,,,,,440 Western Ave,04106,Prosthodontics,Practice (organisation),Secondary (specialty),,1,2020,Ageing,https://npiregistry.cms.hhs.gov/provider-view/1225234966,,,,,1225234966,,,
C,Root Dental Specialists,South Portland,ME,(207) 405-0004,VALID,area code matches ME,"Stephen Tangredi, DDS",Owner/doctor,info@rootds.com,DELIVERABLE,Role account,Microsoft 365,domain accepts mail (MX present),NPPES federal registry filing,,192 Western Ave,04106,Endodontics,Practice (organisation),Secondary (specialty),,1,2020,Ageing,https://npiregistry.cms.hhs.gov/provider-view/1033741905,,,https://npiregistry.cms.hhs.gov/provider-view/1033741905,,1033741905,,,
C,"Apex Endodontics, LLC",Waterville,ME,(207) 877-2200,VALID,area code matches ME,"Jin Hwang, DDS",Dentist/owner,endo@mainelyendo.com,DELIVERABLE,Named/other,Other,domain accepts mail (MX present),NPPES federal registry filing,,30 Concourse W,04901,Endodontics,Practice (organisation),Secondary (specialty),,1,2020,Ageing,https://npiregistry.cms.hhs.gov/provider-view/1336755651,,,https://npiregistry.cms.hhs.gov/provider-view/1336755651,,1336755651,,,
C,"Brian J Morin, D.m.d., M.m.sc., PA",Waterville,ME,(207) 872-2094,VALID,area code matches ME,"Brian Morin, D.M.D.",President Of Corporation,,,,,,,,325D Kennedy Memorial Dr,04901,Orthodontics,Practice (organisation),Secondary (specialty),,1,2020,Ageing,https://npiregistry.cms.hhs.gov/provider-view/1326160334,,,,,1326160334,,,
C,Charles J Ruff DMD PA,Waterville,ME,(207) 873-7425,VALID,area code matches ME,"Charles Ruff, DMD PA",Owner,,,,,,,,12 Park St,04901,Orthodontics,Practice (organisation),Secondary (specialty),,2,2020,Ageing,https://npiregistry.cms.hhs.gov/provider-view/1780805739,,,,,1780805739,,,
C,"Snoring And Sleep Apnea Solutions For Maine, LLC",Waterville,ME,(207) 616-0942,VALID,area code matches ME,"Charles Ruff, DMD",Owner,,,,,,,,12 Park St,04901,Orthodontics,Practice (organisation),Secondary (specialty),,1,2015,Ageing,https://npiregistry.cms.hhs.gov/provider-view/1407245897,,,,,1407245897,,,
C,Debbie Bernier,Windham,ME,(207) 572-6481,VALID,area code matches ME,Debbie Bernier,Dentist,,,,,,,,663R River Rd,04062,Orthodontics,Individual dentist,Secondary (specialty),,1,2021,Ageing,https://npiregistry.cms.hhs.gov/provider-view/1306505599,,,,,1306505599,,,
C,"Lawrence E Levy D.m.d., P.a",Auburn,ME,(207) 782-1644,VALID,area code matches ME,Lawrence Levy,Owner,,,,,,,,2 Great Falls Plz,04210,Orthodontics,Practice (organisation),Secondary (specialty),,1,2009,Stale,https://npiregistry.cms.hhs.gov/provider-view/1053645622,,,,,1053645622,,,
C,"Pankaj Thakker, DMD, MD",Auburn,ME,(207) 514-7171,VALID,area code matches ME,"Pankaj Thakker, DMD, MD","DMD, MD",,,,,,,,211 Mount Auburn Ave,04210,Oral Surgery,Individual dentist,Secondary (specialty),,1,2014,Stale,https://npiregistry.cms.hhs.gov/provider-view/1740438464,,,,,1740438464,,,
C,"Raymond T Bedette, Dds, PA",Auburn,ME,(207) 784-8587,VALID,area code matches ME,"Raymond Bedette, DDS",President/orthodontist,,,,,,,,1 Willow Run 1-A,04210,Orthodontics,Practice (organisation),Secondary (specialty),,1,2009,Stale,https://npiregistry.cms.hhs.gov/provider-view/1902030638,,,,,1902030638,,,
C,"Darryl Zeleniak, D.M.D.",Augusta,ME,(207) 626-3550,VALID,area code matches ME,"Darryl Zeleniak, D.M.D.",D.M.D.,,,,,,,,132 State St,04330,Orthodontics,Individual dentist,Secondary (specialty),,1,2011,Stale,https://npiregistry.cms.hhs.gov/provider-view/1760787501,,,,,1760787501,,,
C,Eugene H Glad D.M.D. P.A.,Augusta,ME,(207) 622-1430,VALID,area code matches ME,"Eugene Glad, D.M.D.",Orthodontist,,,,,,,,11 Middle St Suite 1,04330,Orthodontics,Practice (organisation),Secondary (specialty),,1,2009,Stale,https://npiregistry.cms.hhs.gov/provider-view/1326376567,,,,,1326376567,,,
C,Maine Endodontics PA,Augusta,ME,(207) 622-2500,VALID,area code matches ME,"Terry Wyman, DMD",Pesident,,,,,,,,221 Eastern Ave,04330,Endodontics,Practice (organisation),Secondary (specialty),,1,2014,Stale,https://npiregistry.cms.hhs.gov/provider-view/1427472398,,,,,1427472398,,,
C,Dr Stephen C Paul,Bangor,ME,(207) 942-8894,VALID,area code matches ME,Lorraine Paul,Office Supervisor,,,,,,,,20 Penn Plz Suite 31,04401,Orthodontics,Practice (organisation),Secondary (specialty),,1,2007,Stale,https://npiregistry.cms.hhs.gov/provider-view/1558552489,,,,,1558552489,,,
C,Northeast Oral & Maxillofacial Surgery Associates P.A.,Bangor,ME,(207) 945-5691,VALID,area code matches ME,"William Deighan, D.M.D.",Co-Owner/surgeon,,,,,,,,37 Bower St,04401,"Dentist, Oral and Maxillofacial Pathology",Practice (organisation),Secondary (specialty),,1,2012,Stale,https://npiregistry.cms.hhs.gov/provider-view/1255474698,,,,,1255474698,,,
C,R Dan Moore DDS MD Oral And Facial Surgery,Bangor,ME,(207) 947-6146,VALID,area code matches ME,"Robert Moore, MD, DDS",Doctor,,,,,,,,24 Penn Plz,04401,Oral Surgery,Practice (organisation),Secondary (specialty),,1,2009,Stale,https://npiregistry.cms.hhs.gov/provider-view/1609001676,,,,,1609001676,,,
C,"Robert Moore, DDS, MD",Bangor,ME,(207) 848-2806,VALID,area code matches ME,"Robert Moore, DDS, MD","DDS, MD",,,,,,,,24 Penn Plz,04401,"Dentist, Oral and Maxillofacial Pathology",Individual dentist,Secondary (specialty),,1,2007,Stale,https://npiregistry.cms.hhs.gov/provider-view/1669511374,,,,,1669511374,,,
C,"Andrew Allen, D.M.D, M.S.",Brunswick,ME,(207) 729-6721,VALID,area code matches ME,"Andrew Allen, D.M.D, M.S.","D.m.d, M.S.",,,,,,,,117 Pleasant St,04011,Periodontics,Individual dentist,Secondary (specialty),,1,2007,Stale,https://npiregistry.cms.hhs.gov/provider-view/1386866598,,,,,1386866598,,,
C,"Thomas Rice, DDS, MPH",Brunswick,ME,(207) 729-8756,VALID,area code matches ME,"Thomas Rice, DDS, MPH","DDS, Mph",,,,,,,,80 Baribeau Dr,04011,Orthodontics,Individual dentist,Secondary (specialty),,1,2007,Stale,https://npiregistry.cms.hhs.gov/provider-view/1760520662,,,,,1760520662,,,
C,"Philip Norton, DMD",Ellsworth,ME,(207) 667-0293,VALID,area code matches ME,"Philip Norton, DMD",DMD,,,,,,,,52 Christian Ridge Rd,04605,Public Health,Individual dentist,Secondary (specialty),,1,2010,Stale,https://npiregistry.cms.hhs.gov/provider-view/1265747919,,,,,1265747919,,,
C,"Walter Dickes, D.D.S.",Ellsworth,ME,(207) 667-5013,VALID,area code matches ME,"Walter Dickes, D.D.S.",D.D.S.,,,,,,,,47 Park St,04605,Orthodontics,Individual dentist,Secondary (specialty),,1,2007,Stale,https://npiregistry.cms.hhs.gov/provider-view/1215118286,,,,,1215118286,,,
C,"Michelle Shems, DMD, PA",Falmouth,ME,(207) 781-5655,VALID,area code matches ME,"Michelle Shems, DMD, PA","DMD, PA",,,,,,,,202 Us Route One,04105,Orthodontics,Individual dentist,Secondary (specialty),,1,2009,Stale,https://npiregistry.cms.hhs.gov/provider-view/1770727711,,,,,1770727711,,,
C,"Charles Drew, D.M.D.",Portland,ME,(207) 797-4679,VALID,area code matches ME,"Charles Drew, D.M.D.",D.M.D.,,,,,,,,11 Sanborn St,04103,Orthodontics,Individual dentist,Secondary (specialty),,1,2007,Stale,https://npiregistry.cms.hhs.gov/provider-view/1497780852,,,,,1497780852,,,
C,"Dental Specialists Of Maine, LLC",Portland,ME,(207) 879-0010,VALID,area code matches ME,"Jared Boudreau, MBA, MSA",Practice Director,,,,,,,,1355 Congress St Ste A,04102,Endodontics,Practice (organisation),Secondary (specialty),,4,2013,Stale,https://npiregistry.cms.hhs.gov/provider-view/1811197601,,,,,1811197601,,,
C,"Judith McCollum, DMD",Portland,ME,(207) 221-4214,VALID,area code matches ME,"Judith McCollum, DMD",DMD,,,,,,,,716 Stevens Ave,04103,Periodontics,Individual dentist,Secondary (specialty),,1,2007,Stale,https://npiregistry.cms.hhs.gov/provider-view/1760697932,,,,,1760697932,,,
C,Maine Prosthodontics,Portland,ME,(207) 773-6177,VALID,area code matches ME,"Frank Musciano, DDS",Official,,,,,,,,1250 Forest Avenue,04103,Prosthodontics,Practice (organisation),Secondary (specialty),,1,2013,Stale,https://npiregistry.cms.hhs.gov/provider-view/1457553182,,,,,1457553182,,,
C,"Paul Auclair, M.D.",Portland,ME,(207) 662-2959,VALID,area code matches ME,"Paul Auclair, M.D.",M.D.,,,,,,,,22 Bramhall St,04102,"Dentist, Oral and Maxillofacial Pathology",Individual dentist,Secondary (specialty),,1,2009,Stale,https://npiregistry.cms.hhs.gov/provider-view/1255404836,,,,,1255404836,,,
C,"Richard P Lemieux D.m.d., PA",Portland,ME,(207) 773-6487,VALID,area code matches ME,"Richard Lemieux, D.M.D.",President,,,,,,,,1330 Congress St,04102,"Dentist, Oral and Maxillofacial Pathology",Practice (organisation),Secondary (specialty),,1,2008,Stale,https://npiregistry.cms.hhs.gov/provider-view/1497892475,,,,,1497892475,,,
C,"Samuel Coppola, DDS",Portland,ME,(207) 775-4461,VALID,area code matches ME,"Samuel Coppola, DDS",DDS,,,,,,,,82 Coyle Street,04101,Endodontics,Individual dentist,Secondary (specialty),,1,2014,Stale,https://npiregistry.cms.hhs.gov/provider-view/1457536567,,,,,1457536567,,,
C,"Donald R Blackstone, D.m.d., PA",Presque Isle,ME,(207) 762-7881,VALID,area code matches ME,"Gregory Blackstone, D.D.S.",Orthodontist,,,,,,,,379 Centerline Rd,04769,Orthodontics,Practice (organisation),Secondary (specialty),,1,2007,Stale,https://npiregistry.cms.hhs.gov/provider-view/1245439652,,,,,1245439652,,,
C,"Robert M Rosenberg, D.d.s., PA",Rockland,ME,(207) 594-2124,VALID,area code matches ME,"Robert Rosenberg, ORTHODONTIST",Owner/doctor,,,,,,,,232 Broadway,04841,Orthodontics,Practice (organisation),Secondary (specialty),,1,2009,Stale,https://npiregistry.cms.hhs.gov/provider-view/1164658076,,,,,1164658076,,,
C,"David Comeau, D.M.D.",Waterville,ME,(207) 873-5333,VALID,area code matches ME,"David Comeau, D.M.D.",D.M.D.,,,,,,,,325C Kennedy Memorial Dr,04901,Orthodontics,Individual dentist,Secondary (specialty),,1,2007,Stale,https://npiregistry.cms.hhs.gov/provider-view/1760508808,,,,,1760508808,,,
C,"Gary Ferguson, DMD, MS",Waterville,ME,(207) 873-1311,VALID,area code matches ME,"Gary Ferguson, DMD, MS","DMD, MS",,,,,,,,151 Silver St,04901,Prosthodontics,Individual dentist,Secondary (specialty),,1,2007,Stale,https://npiregistry.cms.hhs.gov/provider-view/1417058504,,,,,1417058504,,,
