Priority,Practice Name,City,State,Phone,Phone Check,Phone Note,Owner / Decision Maker,Owner Title,Email,Email Check,Email Type,Mail Host,Email Note,Email Source,Website,Address,ZIP,Practice Type,Record Type,Target Tier,Google Rating,Locations On Phone,Record Updated,Record Freshness,Source - Registry,Source - Website,Source - Google Maps,Source - Email Found On,Data Flag,NPI,Called,Outcome,Follow Up
B,"Dillon Moore, DDS",Central Falls,RI,(401) 722-0081,VALID,area code matches RI; confirmed by 3 independent sources,"Dillon Moore, DDS",DDS,,,,,,,http://www.bvchc.org/,1000 Broad St,02863,General Dentistry,Individual dentist,Primary (general),,1,2025,Recent,https://npiregistry.cms.hhs.gov/provider-view/1316529332,http://www.bvchc.org/,https://www.google.com/maps/place/Blackstone+Valley+Community+Health+Care/data=!4m7!3m6!1s0x89e443549c627b57:0xcdfd5a5d65608b8f!8m2!3d41.8767402!4d-71.3850255!16s%2Fg%2F1tfczv80!19sChIJV3tinFRD5IkRj4tgZV1a_c0,,,1316529332,,,
B,"Emmanuel Frias, DDS",Central Falls,RI,(401) 722-4086,VALID,area code matches RI; confirmed by 3 independent sources,"Emmanuel Frias, DDS",DDS,,,,,,,http://www.blackstonedental.com/,1044 Broad St,02863,General Dentistry,Individual dentist,Primary (general),,1,2023,Recent,https://npiregistry.cms.hhs.gov/provider-view/1972697639,http://www.blackstonedental.com/,https://www.google.com/maps/place/Blackstone+Family+Dentistry/data=!4m7!3m6!1s0x89e44335df31105b:0xf6405eeb04eec79d!8m2!3d41.8939659!4d-71.3881539!16s%2Fg%2F1tdkyp_7!19sChIJWxAx3zVD5IkRncfuBOteQPY,,,1972697639,,,
B,"Romeo Ghraieb, DMD",Charlestown,RI,(401) 364-6300,VALID,area code matches RI; confirmed by 3 independent sources,"Romeo Ghraieb, DMD",DMD,,,,,,,https://www.arrowhead-dental.com/,4995 S County Trl,02813,General Dentistry,Individual dentist,Primary (general),,1,2024,Recent,https://npiregistry.cms.hhs.gov/provider-view/1386487692,https://www.arrowhead-dental.com/,https://www.google.com/maps/place/Arrowhead+Dental+Associates/data=!4m7!3m6!1s0x89e5c1c28cd225e7:0x48dc226a7d68ae40!8m2!3d41.3867796!4d-71.6421975!16s%2Fg%2F1thvhz8n!19sChIJ5yXSjMLB5YkRQK5ofWoi3Eg,,,1386487692,,,
B,"Donald Ferraro, DDS",Coventry,RI,(401) 240-1153,VALID,area code matches RI,"Donald Ferraro, DDS",DDS,,,,,,,,121 Sandy Bottom Rd,02816,General Dentistry,Individual dentist,Primary (general),,1,2026,Recent,https://npiregistry.cms.hhs.gov/provider-view/1679386288,,,,,1679386288,,,
B,Ocean State Family Dental,Coventry,RI,(443) 995-2829,CHECK,"area code 443 belongs to MD, practice is in RI","Simon Pun, DDS",Dentist,,,,,,,,903 Tiogue Ave,02816,General Dentistry,Practice (organisation),Primary (general),,1,2026,Recent,https://npiregistry.cms.hhs.gov/provider-view/1376483818,,,,,1376483818,,,
B,Premier Care Dentistry Of Rhode Island LLC,Coventry,RI,(401) 822-3352,VALID,area code matches RI,Jonathan Liebling,COO,,,,,,,,121 Sandy Bottom Rd,02816,General Dentistry,Practice (organisation),Primary (general),,1,2025,Recent,https://npiregistry.cms.hhs.gov/provider-view/1780323618,,,,,1780323618,,,
B,"Christine Barry, DMD, MPH",Cranston,RI,(401) 942-4867,VALID,area code matches RI,"Christine Barry, DMD, MPH","DMD, Mph",,,,,,,,1 Capital Way,02910,General Dentistry,Individual dentist,Primary (general),,1,2024,Recent,https://npiregistry.cms.hhs.gov/provider-view/1134701840,,,,,1134701840,,,
B,Garnache Dental LLC,Cranston,RI,(401) 944-3640,VALID,area code matches RI; confirmed by 3 independent sources,"Michelle Garnache, DMD",Owner/dentist,,,,,,,http://www.parkavedentalassociates.com/,1127 Park Ave,02910,General Dentistry,Practice (organisation),Primary (general),,2,2022,Recent,https://npiregistry.cms.hhs.gov/provider-view/1598475469,http://www.parkavedentalassociates.com/,https://www.google.com/maps/place/Park+Avenue+Dental+Associates/data=!4m7!3m6!1s0x89e44f140975e68f:0x29778d91d86e1b26!8m2!3d41.7832228!4d-71.4479151!16s%2Fg%2F1v6l8hxm!19sChIJj-Z1CRRP5IkRJhtu2JGNdyk,,,1598475469,,,
B,"Hee Yong Chung, DMD",Cranston,RI,(401) 467-9610,VALID,area code matches RI; confirmed by 3 independent sources,"Hee Yong Chung, DMD",DMD,,,,,,,http://www.comcap.org/,311 Doric Ave,02910,General Dentistry,Individual dentist,Primary (general),,1,2025,Recent,https://npiregistry.cms.hhs.gov/provider-view/1922838531,http://www.comcap.org/,https://www.google.com/maps/place/CCAP+%E2%80%93+Comprehensive+Community+Action+Plan/data=!4m7!3m6!1s0x89e44fa7a9eb3527:0xad106c7efb603f1d!8m2!3d41.7764258!4d-71.4274288!16s%2Fg%2F1tl0yc4n!19sChIJJzXrqadP5IkRHT9g-35sEK0,,,1922838531,,,
B,"Isabel Chung Leng Munoz, DMD",Cranston,RI,(401) 865-9739,VALID,area code matches RI,"Isabel Chung Leng Munoz, DMD",DMD,,,,,,,,1125 Pontiac Ave,02920,General Dentistry,Individual dentist,Primary (general),,1,2026,Recent,https://npiregistry.cms.hhs.gov/provider-view/1568275030,,,,,1568275030,,,
B,Kiara Genao,Cranston,RI,(347) 712-8683,CHECK,"area code 347 belongs to NY, practice is in RI",Kiara Genao,Dentist,,,,,,,,562 Dyer Ave,02920,General Dentistry,Individual dentist,Primary (general),,1,2026,Recent,https://npiregistry.cms.hhs.gov/provider-view/1851220891,,,,,1851220891,,,
B,Mrt Dental,Cranston,RI,(616) 490-1754,VALID,area code 616 outside target states,"Rupinder Sandhu, DMD",Owner,,,,,,,,1220 Pontiac Ave Ste 201,02920,General Dentistry,Practice (organisation),Primary (general),,1,2026,Recent,https://npiregistry.cms.hhs.gov/provider-view/1457271314,,,,,1457271314,,,
B,New England Sleep Health LLC,Cranston,RI,(401) 515-5893,VALID,area code matches RI,"Sue Min Mak, DDS",CEO,,,,,,,,725 Reservoir Ave Ste 301B,02910,General Dentistry,Practice (organisation),Primary (general),,1,2024,Recent,https://npiregistry.cms.hhs.gov/provider-view/1437999521,,,,,1437999521,,,
B,Reservoir Dental LLC,Cranston,RI,(401) 400-8868,VALID,area code matches RI; confirmed by 2 independent sources,"Vlad Botezatu, DMD",Dentist,,,,,,,,725 Reservoir Ave Ste 304,02910,General Dentistry,Practice (organisation),Primary (general),,1,2023,Recent,https://npiregistry.cms.hhs.gov/provider-view/1609553759,,https://www.google.com/maps/place/Reservoir+Dental/data=!4m7!3m6!1s0x89e44fc3f253d3ef:0x5a6b0e05f2777eff!8m2!3d41.7804798!4d-71.4441021!16s%2Fg%2F11ks6hk83c!19sChIJ79NT8sNP5IkR_3538gUOa1o,,,1609553759,,,
B,"Ronald Sniderman, DMD",Cranston,RI,(401) 464-4540,VALID,area code matches RI; confirmed by 3 independent sources,"Ronald Sniderman, DMD",DMD,,,,,,,http://www.cranstonsmiles.com/,1220 Pontiac Ave Suite 201,02920,General Dentistry,Individual dentist,Primary (general),,1,2026,Recent,https://npiregistry.cms.hhs.gov/provider-view/1558349647,http://www.cranstonsmiles.com/,"https://www.google.com/maps/place/Cranston+Family+Dental,+Omar+Chahbandar+DMD/data=!4m7!3m6!1s0x89e44eeb1d2ce069:0xf54441c69e080760!8m2!3d41.7512318!4d-71.4513322!16s%2Fg%2F1thw34sx!19sChIJaeAsHetO5IkRYAcInsZBRPU",,,1558349647,,,
B,Stephen J Puerini DMD And Steven J Saccoccio DMD PC,Cranston,RI,(401) 944-8100,VALID,area code matches RI; confirmed by 3 independent sources,"Stephen Puerini, DMD",Dentist,,,,,,,https://www.ridentists.com/,115 Budlong Road,02920,General Dentistry,Practice (organisation),Primary (general),,1,2022,Recent,https://npiregistry.cms.hhs.gov/provider-view/1225241953,https://www.ridentists.com/,https://www.google.com/maps/place/RI+Dental+Arts/data=!4m7!3m6!1s0x89e44f3ce59ede7d:0x2629d61924e7f65b!8m2!3d41.7808074!4d-71.4573159!16s%2Fg%2F1tnl2dxp!19sChIJfd6e5TxP5IkRW_bnJBnWKSY,,,1225241953,,,
B,"Sue Min Mak, DDS",Cranston,RI,(401) 415-0101,VALID,area code matches RI,"Sue Min Mak, DDS",DDS,,,,,,,,725 Reservoir Ave Ste 301B,02910,General Dentistry,Individual dentist,Primary (general),,1,2026,Recent,https://npiregistry.cms.hhs.gov/provider-view/1295266013,,,,,1295266013,,,
B,"Carmen Barrientos, DMD",East Greenwich,RI,(401) 741-9219,VALID,area code matches RI,"Carmen Barrientos, DMD",DMD,,,,,,,,880 Main St,02818,General Dentistry,Individual dentist,Primary (general),,1,2022,Recent,https://npiregistry.cms.hhs.gov/provider-view/1902009921,,,,,1902009921,,,
B,"Mehran Javid, DMD",East Greenwich,RI,(401) 541-9161,VALID,area code matches RI; confirmed by 3 independent sources,"Mehran Javid, DMD",DMD,,,,,,,https://www.drjavid.com/,1351 S County Trl # 120,02818,General Dentistry,Individual dentist,Primary (general),,1,2025,Recent,https://npiregistry.cms.hhs.gov/provider-view/1538261755,https://www.drjavid.com/,https://www.google.com/maps/place/RI+Dental:+Mehran+Javid+DDS/data=!4m7!3m6!1s0x89e5b4b5215a6fcf:0x21c02831b3f0a419!8m2!3d41.6597902!4d-71.4993507!16s%2Fg%2F1thd7pyx!19sChIJz29aIbW05YkRGaTwszEowCE,,,1538261755,,,
B,"Ndk Dental, LLC",East Greenwich,RI,(401) 477-9713,VALID,area code matches RI,Gary Kim,LLC Manager,,,,,,,,"5835 Post Road, Unit 113",02818,General Dentistry,Practice (organisation),Primary (general),,1,2025,Recent,https://npiregistry.cms.hhs.gov/provider-view/1679383269,,,,,1679383269,,,
B,"Sumer Panesar, DDS",East Greenwich,RI,(401) 889-2638,VALID,area code matches RI,"Sumer Panesar, DDS",DDS,,,,,,,,2358 S County Trl,02818,General Dentistry,Individual dentist,Primary (general),,1,2023,Recent,https://npiregistry.cms.hhs.gov/provider-view/1710687793,,,,,1710687793,,,
B,"Village Dental Eg, LLC",East Greenwich,RI,(401) 398-7778,VALID,area code matches RI,"Rose Liou, DMD",Dentist,,,,,,,,1050 Main St Unit 29,02818,General Dentistry,Practice (organisation),Primary (general),,1,2026,Recent,https://npiregistry.cms.hhs.gov/provider-view/1588515480,,,,,1588515480,,,
B,Carelink Inc.,East Providence,RI,(401) 490-7610,VALID,area code matches RI,Eric Franklin,Director Of Rehabilitation,,,,,,,,400 Massasoit Ave Ste 300,02914,General Dentistry,Practice (organisation),Primary (general),,1,2023,Recent,https://npiregistry.cms.hhs.gov/provider-view/1518087709,,,,,1518087709,,,
B,Ahmed Abdelaal,Greenville,RI,(401) 231-4407,VALID,area code matches RI,Ahmed Abdelaal,Dentist,,,,,,,,445 Putnam Pike,02828,General Dentistry,Individual dentist,Primary (general),,1,2026,Recent,https://npiregistry.cms.hhs.gov/provider-view/1285294538,,,,,1285294538,,,
B,"Milton Liu, D.D.S.",Hope Valley,RI,(401) 539-2461,VALID,area code matches RI; confirmed by 3 independent sources,"Milton Liu, D.D.S.",D.D.S.,,,,,,,http://woodriverhealthservices.org/wp/info/contact-us/,823 Main St,02832,General Dentistry,Individual dentist,Primary (general),,1,2025,Recent,https://npiregistry.cms.hhs.gov/provider-view/1326359266,http://woodriverhealthservices.org/wp/info/contact-us/,https://www.google.com/maps/place/Wood+River+Health+Services/data=!4m7!3m6!1s0x89e5e70bd96aaaab:0x98466780512cff3d!8m2!3d41.362259!4d-71.827132!16s%2Fg%2F11f63yhc1v!19sChIJq6pq2Qvn5YkRPf8sUYBnRpg,,,1326359266,,,
B,Dental Associates Of RI,Johnston,RI,(401) 331-7665,VALID,area code matches RI; confirmed by 3 independent sources,"Rupesh Udeshi, DMD",Dentist/owner,,,,,,,https://www.myrismile.com/,"1414 Atwood Ave, Ste 350",02919,General Dentistry,Practice (organisation),Primary (general),,1,2022,Recent,https://npiregistry.cms.hhs.gov/provider-view/1497072763,https://www.myrismile.com/,https://www.google.com/maps/place/Dental+Associates+of+Rhode+Island/data=!4m7!3m6!1s0x89e44618fb3047d9:0x2cf086ffbe771cc2!8m2!3d41.8214789!4d-71.4987473!16s%2Fg%2F12q4wsqn1!19sChIJ2Ucw-xhG5IkRwhx3vv-G8Cw,,,1497072763,,,
B,"Laura Flynn, D.M.D.",Johnston,RI,(401) 351-2750,VALID,area code matches RI,"Laura Flynn, D.M.D.",D.M.D.,,,,,,,,1126 Hartford Ave,02919,General Dentistry,Individual dentist,Primary (general),,1,2026,Recent,https://npiregistry.cms.hhs.gov/provider-view/1275984866,,,,,1275984866,,,
B,"Michael Barry, DMD",Johnston,RI,(401) 821-2373,VALID,area code matches RI,"Michael Barry, DMD",DMD,,,,,,,,1524 Atwood Ave Ste 438,02919,General Dentistry,Individual dentist,Primary (general),,1,2026,Recent,https://npiregistry.cms.hhs.gov/provider-view/1871537910,,,,,1871537910,,,
B,"Aldora Hepel, D.D.S",Lincoln,RI,(617) 686-1220,CHECK,"area code 617 belongs to MA, practice is in RI","Aldora Hepel, D.D.S",D.d.s,,,,,,,,1762 Old Louisquisset Pike,02865,General Dentistry,Individual dentist,Primary (general),,1,2023,Recent,https://npiregistry.cms.hhs.gov/provider-view/1083815930,,,,,1083815930,,,
B,"Jong Hoon Park, D.M.D",Lincoln,RI,(401) 723-7020,VALID,area code matches RI; confirmed by 3 independent sources,"Jong Hoon Park, D.M.D",D.m.d,,,,,,,https://www.happysmileri.com/,885 Smithfield Ave,02865,General Dentistry,Individual dentist,Primary (general),,1,2026,Recent,https://npiregistry.cms.hhs.gov/provider-view/1174903660,https://www.happysmileri.com/,"https://www.google.com/maps/place/Happy+Smile:+Dr.+Park,+DMD/data=!4m7!3m6!1s0x89e4435622642af3:0xc5b08e7992220c25!8m2!3d41.883568!4d-71.41456!16s%2Fg%2F11gh8lzwsd!19sChIJ8ypkIlZD5IkRJQwiknmOsMU",,,1174903660,,,
B,Lincoln Dental Care LLC,Lincoln,RI,(401) 723-1750,VALID,area code matches RI; confirmed by 2 independent sources,Zoraya Marzan,Officer Manager,,,,,,,,95 Walker St,02865,General Dentistry,Practice (organisation),Primary (general),,1,2023,Recent,https://npiregistry.cms.hhs.gov/provider-view/1811672942,,https://www.google.com/maps/place/Lincoln+Dental+Care/data=!4m7!3m6!1s0x89e443ca23e16d03:0x2c9f2a5d7e038c6b!8m2!3d41.8940653!4d-71.4084214!16s%2Fg%2F11sbl3g3sj!19sChIJA23hI8pD5IkRa4wDfl0qnyw,,,1811672942,,,
B,"Camille Herhusky, DDS",Newport,RI,(401) 841-7073,VALID,area code matches RI,"Camille Herhusky, DDS",DDS,,,,,,,,43 Smith Rd,02841,General Dentistry,Individual dentist,Primary (general),,1,2024,Recent,https://npiregistry.cms.hhs.gov/provider-view/1588337349,,,,,1588337349,,,
B,"Clayton Rau, DDS",Newport,RI,(401) 841-7703,VALID,area code matches RI,"Clayton Rau, DDS",DDS,,,,,,,,43 Smith Rd,02841,General Dentistry,Individual dentist,Primary (general),,1,2024,Recent,https://npiregistry.cms.hhs.gov/provider-view/1003047333,,,,,1003047333,,,
B,"Matthew Fusco, DDS",Newport,RI,(401) 841-3771,VALID,area code matches RI,"Matthew Fusco, DDS",DDS,,,,,,,,43 Smith Rd,02841,General Dentistry,Individual dentist,Primary (general),,1,2026,Recent,https://npiregistry.cms.hhs.gov/provider-view/1083281208,,,,,1083281208,,,
B,"Phillip Jenkins, D.M.D.",Newport,RI,(401) 841-2541,VALID,area code matches RI,"Phillip Jenkins, D.M.D.",D.M.D.,,,,,,,,1173 Whipple St,02841,General Dentistry,Individual dentist,Primary (general),,1,2024,Recent,https://npiregistry.cms.hhs.gov/provider-view/1386990653,,,,,1386990653,,,
B,"Richard Bender, DDS",Newport,RI,(860) 694-2377,CHECK,"area code 860 belongs to CT, practice is in RI","Richard Bender, DDS",DDS,,,,,,,,1173 Whipple St Branch Dental Clinic Newport,02841,General Dentistry,Individual dentist,Primary (general),,1,2026,Recent,https://npiregistry.cms.hhs.gov/provider-view/1629041363,,,,,1629041363,,,
B,Sarah Lessin,Newport,RI,(781) 439-1486,CHECK,"area code 781 belongs to MA, practice is in RI",Sarah Lessin,Dentist,,,,,,,,43 Smith Rd,02841,General Dentistry,Individual dentist,Primary (general),,1,2026,Recent,https://npiregistry.cms.hhs.gov/provider-view/1821893777,,,,,1821893777,,,
B,Anthony J Gazzola Jr DMD PC,North Kingstown,RI,(401) 884-1525,VALID,area code matches RI; confirmed by 3 independent sources,"Anthony Gazzola, DMD",Dentist,,,,,,,http://www.401dentist.com/,6320 Post Rd,02852,General Dentistry,Practice (organisation),Primary (general),,2,2025,Recent,https://npiregistry.cms.hhs.gov/provider-view/1194689851,http://www.401dentist.com/,"https://www.google.com/maps/place/Anthony+Gazzola,+Jr.,+DMD/data=!4m7!3m6!1s0x89e5b39efb9f47ab:0x550b4104c1dc966d!8m2!3d41.6256874!4d-71.4596435!16s%2Fg%2F113jlr975!19sChIJq0ef-56z5YkRbZbcwQRBC1U",,,1194689851,,,
B,"Roger Turkel, DDS",North Kingstown,RI,(401) 294-4587,VALID,area code matches RI; confirmed by 3 independent sources,"Roger Turkel, DDS",DDS,,,,,,,https://smartdentalnetwork.com/seacoast-family-dental,7355 Post Rd,02852,General Dentistry,Individual dentist,Primary (general),,1,2026,Recent,https://npiregistry.cms.hhs.gov/provider-view/1033114640,https://smartdentalnetwork.com/seacoast-family-dental,https://www.google.com/maps/place/Seacoast+Family+Dental+%7C+Dentist+in+North+Kingstown+RI+%7C+DMD/data=!4m7!3m6!1s0x89e5b3950ea4ffc5:0x12441021dafbab9d!8m2!3d41.5978167!4d-71.4556125!16s%2Fg%2F11bttd01hx!19sChIJxf-kDpWz5YkRnav72iEQRBI,,,1033114640,,,
B,Sunny Smile Group X LLC,North Kingstown,RI,(401) 522-9055,VALID,area code matches RI; confirmed by 3 independent sources,Michelle Jacomino-Barnes,Director Credentialing & Enrollment,,,,,,,https://www.aspendental.com/dentist/ri/north-kingstown/112-gate-rd,112 Gate Rd,02852,General Dentistry,Practice (organisation),Primary (general),,1,2023,Recent,https://npiregistry.cms.hhs.gov/provider-view/1386325298,https://www.aspendental.com/dentist/ri/north-kingstown/112-gate-rd,"https://www.google.com/maps/place/Aspen+Dental+-+North+Kingstown,+RI/data=!4m7!3m6!1s0x89e5b3890bf40033:0x91b8b4cbf1638801!8m2!3d41.6056443!4d-71.4546278!16s%2Fg%2F11svpm_3qk!19sChIJMwD0C4mz5YkRAYhj8cu0uJE",,,1386325298,,,
B,"Aaron Ercole, D.D.S.",North Providence,RI,(401) 353-1515,VALID,area code matches RI,"Aaron Ercole, D.D.S.",D.D.S.,,,,,,,,468 Smithfield Rd,02904,General Dentistry,Individual dentist,Primary (general),,1,2026,Recent,https://npiregistry.cms.hhs.gov/provider-view/1982886438,,,,,1982886438,,,
B,"John Henry Leech, DMD",North Providence,RI,(401) 353-1550,VALID,area code matches RI; confirmed by 3 independent sources,"John Henry Leech, DMD",DMD,,,,,,,http://www.paoluccidentalassociates.com/,1545 Smith St,02911,General Dentistry,Individual dentist,Primary (general),,1,2022,Recent,https://npiregistry.cms.hhs.gov/provider-view/1528796505,http://www.paoluccidentalassociates.com/,https://www.google.com/maps/place/Paolucci+Dental+Associates/data=!4m7!3m6!1s0x89e444324a9798b9:0xe383de0809a99029!8m2!3d41.8508449!4d-71.4626836!16s%2Fg%2F11b5pk2pg_!19sChIJuZiXSjJE5IkRKZCpCQjeg-M,,,1528796505,,,
B,"Sophia Cochran, DMD",North Providence,RI,(401) 353-0800,VALID,area code matches RI; confirmed by 3 independent sources,"Sophia Cochran, DMD",DMD,,,,,,,https://smartdentalnetwork.com/north-providence,1637 Mineral Spring Ave,02904,General Dentistry,Individual dentist,Primary (general),,1,2025,Recent,https://npiregistry.cms.hhs.gov/provider-view/1730949868,https://smartdentalnetwork.com/north-providence,https://www.google.com/maps/place/North+Providence+Dental+Associates/data=!4m7!3m6!1s0x89e4446a81ac64b1:0x110037bba1ce1567!8m2!3d41.8652199!4d-71.4510781!16s%2Fg%2F1tghf4qg!19sChIJsWSsgWpE5IkRZxXOobs3ABE,,,1730949868,,,
B,"Thomas Morgan, DMD",North Scituate,RI,(401) 647-5640,VALID,area code matches RI,"Thomas Morgan, DMD",DMD,,,,,,,,81 Danielson Pike,02857,General Dentistry,Individual dentist,Primary (general),,1,2026,Recent,https://npiregistry.cms.hhs.gov/provider-view/1215669593,,,,,1215669593,,,
B,John Herchuk,Pawtucket,RI,(972) 322-6445,VALID,area code 972 outside target states,John Herchuk,Dentist,,,,,,,,700 School St,02860,General Dentistry,Individual dentist,Primary (general),,1,2025,Recent,https://npiregistry.cms.hhs.gov/provider-view/1992415699,,,,,1992415699,,,
B,Manuela Teixeira,Pawtucket,RI,(401) 477-0707,VALID,area code matches RI,Manuela Teixeira,Dentist,,,,,,,,176 Newport Ave,02861,General Dentistry,Individual dentist,Primary (general),,1,2025,Recent,https://npiregistry.cms.hhs.gov/provider-view/1750187050,,,,,1750187050,,,
B,Miguel Roca Inc,Pawtucket,RI,(401) 475-9909,VALID,area code matches RI; confirmed by 3 independent sources,"Miguel Roca, D.M.D",Dentist / Owner,,,,,,,http://www.dentalsolutionsdmd.com/,700 School St,02860,General Dentistry,Practice (organisation),Primary (general),,1,2026,Recent,https://npiregistry.cms.hhs.gov/provider-view/1518303577,http://www.dentalsolutionsdmd.com/,https://www.google.com/maps/place/Dental+Solutions/data=!4m7!3m6!1s0x89e45c97348e54b5:0xa11576bb1745e7b3!8m2!3d41.8610569!4d-71.3739945!16s%2Fg%2F1q5d60vfv!19sChIJtVSONJdc5IkRs-dFF7t2FaE,,,1518303577,,,
B,"Miguel Roca, DMD",Pawtucket,RI,(401) 999-1012,VALID,area code matches RI,"Miguel Roca, DMD",DMD,,,,,,,,700 School St # Condo1,02860,General Dentistry,Individual dentist,Primary (general),,1,2025,Recent,https://npiregistry.cms.hhs.gov/provider-view/1104111962,,,,,1104111962,,,
B,"Sridevi Duggirala, DMD",Pawtucket,RI,(401) 724-2570,VALID,area code matches RI; confirmed by 3 independent sources,"Sridevi Duggirala, DMD",DMD,,,,,,,https://rymap.org/business/family-smile-dental-care-llc-l4g4sk,526 Newport Ave,02861,General Dentistry,Individual dentist,Primary (general),,1,2026,Recent,https://npiregistry.cms.hhs.gov/provider-view/1457513228,https://rymap.org/business/family-smile-dental-care-llc-l4g4sk,https://www.google.com/maps/place/Family+Smile+Dental+Care+LLC/data=!4m7!3m6!1s0x89e45d7e93cc9e93:0xf1531bbb85afecb3!8m2!3d41.8713898!4d-71.3546314!16s%2Fg%2F11s58nyg00!19sChIJk57Mk35d5IkRs-yvhbsbU_E,,,1457513228,,,
B,31 Elmgrove Dental LLC,Providence,RI,(401) 421-9350,VALID,area code matches RI; confirmed by 3 independent sources,"Jessica Polak, CDA",Office Manager,,,,,,,http://www.dentistprovidenceri.com/,31 Elmgrove Ave,02906,General Dentistry,Practice (organisation),Primary (general),,2,2022,Recent,https://npiregistry.cms.hhs.gov/provider-view/1225787708,http://www.dentistprovidenceri.com/,https://www.google.com/maps/place/Page+Family+Dentistry/data=!4m7!3m6!1s0x89e4452945d75f6d:0xdd5bdd60d561244a!8m2!3d41.8310101!4d-71.3894031!16s%2Fg%2F1tpf8461!19sChIJbV_XRSlF5IkRSiRh1WDdW90,,,1225787708,,,
B,"Benefit Dental Care, LLC",Providence,RI,(401) 421-1457,VALID,area code matches RI; confirmed by 3 independent sources,"Munal Salem, DMD",Owner/dentist,,,,,,,https://alphadentalcenter.com/benefit-dental-care/,189 Governor St,02906,General Dentistry,Practice (organisation),Primary (general),,1,2022,Recent,https://npiregistry.cms.hhs.gov/provider-view/1265185482,https://alphadentalcenter.com/benefit-dental-care/,https://www.google.com/maps/place/Benefit+Dental+Care+formerly+Konicov+David+I+DDS/data=!4m7!3m6!1s0x89e4452ff275eab9:0xec14e6eea7213eba!8m2!3d41.8347623!4d-71.4096113!16s%2Fg%2F1tfb2_yx!19sChIJuep18i9F5IkRuj4hp-7mFOw,,,1265185482,,,
B,Cityline Dental Inc.,Providence,RI,(401) 941-3353,VALID,area code matches RI; confirmed by 2 independent sources,"Michael Furia, D.M.D.",President,,,,,,,,400 Reservoir Ave Ste 1D,02907,General Dentistry,Practice (organisation),Primary (general),,1,2025,Recent,https://npiregistry.cms.hhs.gov/provider-view/1053537464,,https://www.google.com/maps/place/Furia+Michael+C+DDS/data=!4m7!3m6!1s0x89e44f74f959e571:0xf3f557e83301f5e4!8m2!3d41.7869525!4d-71.4324894!16s%2Fg%2F1tsbn41p!19sChIJceVZ-XRP5IkR5PUBM-hX9fM,,,1053537464,,,
B,"David Cruzate, DMD",Providence,RI,(401) 457-3018,VALID,area code matches RI,"David Cruzate, DMD",DMD,,,,,,,,830 Chalkstone Ave,02908,General Dentistry,Individual dentist,Primary (general),,1,2026,Recent,https://npiregistry.cms.hhs.gov/provider-view/1154110807,,,,,1154110807,,,
B,"Eric Ricci, DMD",Providence,RI,(401) 521-3483,VALID,area code matches RI; confirmed by 3 independent sources,"Eric Ricci, DMD",DMD,,,,,,,http://www.riccidmd.com/,1252 Smith St,02908,General Dentistry,Individual dentist,Primary (general),,1,2022,Recent,https://npiregistry.cms.hhs.gov/provider-view/1073033692,http://www.riccidmd.com/,https://www.google.com/maps/place/Ricci+Family+Dentistry/data=!4m7!3m6!1s0x89e4444aa4d9c225:0xe3fc5e3cad3cbea1!8m2!3d41.8464346!4d-71.452986!16s%2Fg%2F1tf6ycd3!19sChIJJcLZpEpE5IkRob48rTxe_OM,,,1073033692,,,
B,Hodosh Cosmetic & Implant Dentistry LLC,Providence,RI,(401) 467-4600,VALID,area code matches RI; confirmed by 3 independent sources,Victoria Johnson,Cro,,,,,,,http://hodosh.com/,243 Elmwood Ave,02907,General Dentistry,Practice (organisation),Primary (general),,2,2026,Recent,https://npiregistry.cms.hhs.gov/provider-view/1306529730,http://hodosh.com/,https://www.google.com/maps/place/Hodosh+Alex+Dr/data=!4m7!3m6!1s0x89e4457eea601639:0x55f3d7c92ab59d7d!8m2!3d41.806177!4d-71.4255764!16s%2Fg%2F1td_cq06!19sChIJORZg6n5F5IkRfZ21KsnX81U,,,1306529730,,,
B,"Kevan O'Neill, DDS, MDS",Providence,RI,(401) 444-2299,VALID,area code matches RI,"Kevan O'Neill, DDS, MDS","DDS, Mds",,,,,,,,2 Dudley St Moc 180,02905,General Dentistry,Individual dentist,Primary (general),,1,2023,Recent,https://npiregistry.cms.hhs.gov/provider-view/1528329372,,,,,1528329372,,,
B,"Khohlia Mack, DMD",Providence,RI,(401) 444-4098,VALID,area code matches RI,"Khohlia Mack, DMD",DMD,,,,,,,,593 Eddy St,02903,General Dentistry,Individual dentist,Primary (general),,1,2026,Recent,https://npiregistry.cms.hhs.gov/provider-view/1245856590,,,,,1245856590,,,
B,"Kuan Yung Huang, DMD",Providence,RI,(401) 409-4553,VALID,area code matches RI; confirmed by 3 independent sources,"Kuan Yung Huang, DMD",DMD,,,,,,,https://www.hodosh.com/,243 Elmwood Ave,02907,General Dentistry,Individual dentist,Primary (general),,1,2026,Recent,https://npiregistry.cms.hhs.gov/provider-view/1114532439,https://www.hodosh.com/,https://www.google.com/maps/place/Hodosh+Cosmetic+%26+Implant+Dentistry/data=!4m7!3m6!1s0x89e4457eea601639:0x36ec3ba0e1e424fa!8m2!3d41.8061745!4d-71.4256565!16s%2Fg%2F1tmk9hyx!19sChIJORZg6n5F5IkR-iTk4aA77DY,,,1114532439,,,
B,"Laura Carrasco, DDS",Providence,RI,(352) 408-1355,VALID,area code 352 outside target states,"Laura Carrasco, DDS",DDS,,,,,,,,1482 Broad St,02905,General Dentistry,Individual dentist,Primary (general),,1,2025,Recent,https://npiregistry.cms.hhs.gov/provider-view/1053920785,,,,,1053920785,,,
B,"Lena Karkalas, DDS",Providence,RI,(401) 861-2140,VALID,area code matches RI; confirmed by 3 independent sources,"Lena Karkalas, DDS",DDS,,,,,,,http://www.confidentsmiles.net/,151 Waterman St Unit #3,02906,General Dentistry,Individual dentist,Primary (general),,1,2023,Recent,https://npiregistry.cms.hhs.gov/provider-view/1982613733,http://www.confidentsmiles.net/,"https://www.google.com/maps/place/Dr.+Lena+D.+Karkalas,+DDS/data=!4m7!3m6!1s0x89e4452540ddd609:0x88ff9cc467d23d47!8m2!3d41.8274244!4d-71.3957663!16s%2Fg%2F1tx4qcdn!19sChIJCdbdQCVF5IkRRz3SZ8Sc_4g",,,1982613733,,,
B,"Makela Brown, DMD",Providence,RI,(401) 793-2695,VALID,area code matches RI,"Makela Brown, DMD",DMD,,,,,,,,593 Eddy St,02903,General Dentistry,Individual dentist,Primary (general),,1,2026,Recent,https://npiregistry.cms.hhs.gov/provider-view/1265222004,,,,,1265222004,,,
B,"Michele Gendron Siler, DDS",Providence,RI,(401) 331-1116,VALID,area code matches RI; confirmed by 3 independent sources,"Michele Gendron Siler, DDS",DDS,,,,,,,https://smartdentalnetwork.com/capitol-hill,276 Smith St,02908,General Dentistry,Individual dentist,Primary (general),,1,2026,Recent,https://npiregistry.cms.hhs.gov/provider-view/1164439014,https://smartdentalnetwork.com/capitol-hill,https://www.google.com/maps/place/Capitol+Hill+Dental+%7C+Dentist+in+Providence+RI+%7C+DMD/data=!4m7!3m6!1s0x89e445045543b653:0x184d88a198557ca0!8m2!3d41.833264!4d-71.421051!16s%2Fg%2F1td341nb!19sChIJU7ZDVQRF5IkRoHxVmKGITRg,,,1164439014,,,
B,New England Dental,Providence,RI,(401) 451-6546,VALID,area code matches RI,"Nelfa Cespedes, DDS",Owner,,,,,,,,1387 Broad Street,02905,General Dentistry,Practice (organisation),Primary (general),,1,2024,Recent,https://npiregistry.cms.hhs.gov/provider-view/1639564891,,,,,1639564891,,,
B,"Olga Frey, DMD",Providence,RI,(401) 521-6207,VALID,area code matches RI; confirmed by 3 independent sources,"Olga Frey, DMD",DMD,,,,,,,http://www.metacometdentistry.com/,322 Broadway,02909,General Dentistry,Individual dentist,Primary (general),,1,2026,Recent,https://npiregistry.cms.hhs.gov/provider-view/1881669521,http://www.metacometdentistry.com/,https://www.google.com/maps/place/Olga+Frey+DMD/data=!4m7!3m6!1s0x89e44575a0406873:0x3ef0e6fef0e0da69!8m2!3d41.8070369!4d-71.3838031!16s%2Fg%2F1vr3f5c3!19sChIJc2hAoHVF5IkRadrg8P7m8D4,,,1881669521,,,
B,"Oluwabukola Ibitokun, DDS",Providence,RI,(401) 444-0422,VALID,area code matches RI,"Oluwabukola Ibitokun, DDS",DDS,,,,,,,,335R Prairie Ave,02905,General Dentistry,Individual dentist,Primary (general),,1,2026,Recent,https://npiregistry.cms.hhs.gov/provider-view/1053152678,,,,,1053152678,,,
B,"Rusul Abdulrazzaq, DDS",Providence,RI,(401) 444-0430,VALID,area code matches RI,"Rusul Abdulrazzaq, DDS",DDS,,,,,,,,335R Prairie Ave,02905,General Dentistry,Individual dentist,Primary (general),,1,2024,Recent,https://npiregistry.cms.hhs.gov/provider-view/1235979923,,,,,1235979923,,,
B,"Samuel Zwetchkenbaum, DDS",Providence,RI,(401) 588-1295,VALID,area code matches RI,"Samuel Zwetchkenbaum, DDS",DDS,,,,,,,,56 Woodbury St,02906,General Dentistry,Individual dentist,Primary (general),,1,2025,Recent,https://npiregistry.cms.hhs.gov/provider-view/1871679415,,,,,1871679415,,,
B,"Thomas Moore, DDS",Providence,RI,(401) 400-4506,VALID,area code matches RI,"Thomas Moore, DDS",DDS,,,,,,,,1 Randall Sq Ste 305,02904,General Dentistry,Individual dentist,Primary (general),,1,2022,Recent,https://npiregistry.cms.hhs.gov/provider-view/1801527478,,,,,1801527478,,,
B,Waterman Dental LLC,Providence,RI,(401) 274-2743,VALID,area code matches RI; confirmed by 2 independent sources,"Yujin Lee, DMD",Dentist/employer,,,,,,,,151 Waterman St Ste 4,02906,General Dentistry,Practice (organisation),Primary (general),,1,2026,Recent,https://npiregistry.cms.hhs.gov/provider-view/1922925221,,https://www.google.com/maps/place/Dr.+Mark+D.+Pochebit+DDS/data=!4m7!3m6!1s0x89e445004db30d8b:0x3c2126ed5c2e5ab6!8m2!3d41.8274397!4d-71.3956552!16s%2Fg%2F11vxjrj9z_!19sChIJiw2zTQBF5IkRtlouXO0mITw,,,1922925221,,,
B,Yixin Jiang,Providence,RI,(617) 468-8210,CHECK,"area code 617 belongs to MA, practice is in RI",Yixin Jiang,Dentist,,,,,,,,100 Mathewson St,02903,General Dentistry,Individual dentist,Primary (general),,1,2026,Recent,https://npiregistry.cms.hhs.gov/provider-view/1124819255,,,,,1124819255,,,
B,"Yumna Arif, DMD",Providence,RI,(401) 273-7100,VALID,area code matches RI,"Yumna Arif, DMD",DMD,,,,,,,,830 Chalkstone Ave,02908,General Dentistry,Individual dentist,Primary (general),,1,2024,Recent,https://npiregistry.cms.hhs.gov/provider-view/1952919011,,,,,1952919011,,,
B,Yu Liu,Riverside,RI,(401) 433-2400,VALID,area code matches RI,Yu Liu,Dentist,,,,,,,,1445 Wampanoag Trl Unit 209,02915,General Dentistry,Individual dentist,Primary (general),,1,2025,Recent,https://npiregistry.cms.hhs.gov/provider-view/1891689535,,,,,1891689535,,,
B,"Christina Popov, DMD",Smithfield,RI,(401) 349-3290,VALID,area code matches RI,"Christina Popov, DMD",DMD,,,,,,,,41 Sanderson Rd Ste 106,02917,General Dentistry,Individual dentist,Primary (general),,1,2024,Recent,https://npiregistry.cms.hhs.gov/provider-view/1396417044,,,,,1396417044,,,
B,Mallory Goding,Tiverton,RI,(401) 624-9177,VALID,area code matches RI,Mallory Goding,Dentist,,,,,,,,1359 Main Rd,02878,General Dentistry,Individual dentist,Primary (general),,1,2022,Recent,https://npiregistry.cms.hhs.gov/provider-view/1609304542,,,,,1609304542,,,
B,"Ian Stelzner, DMD",Wakefield,RI,(401) 236-4084,VALID,area code matches RI,"Ian Stelzner, DMD",DMD,,,,,,,,133 Old Tower Hill Rd,02879,General Dentistry,Individual dentist,Primary (general),,1,2025,Recent,https://npiregistry.cms.hhs.gov/provider-view/1174202592,,,,,1174202592,,,
B,"Alfred Coletti, DMD",Warwick,RI,(401) 826-2400,VALID,area code matches RI; confirmed by 3 independent sources,"Alfred Coletti, DMD",DMD,,,,,,,http://www.warwickridentist.com/,1121 Centerville Rd,02886,General Dentistry,Individual dentist,Primary (general),,1,2025,Recent,https://npiregistry.cms.hhs.gov/provider-view/1477647071,http://www.warwickridentist.com/,https://www.google.com/maps/place/Warwick+RI+Dentist:+Coletti+Alfred+J+DDS/data=!4m7!3m6!1s0x89e44b74d2466bd3:0xc38611ab8bd0b426!8m2!3d41.6968216!4d-71.5008946!16s%2Fg%2F1td5s8yb!19sChIJ02tG0nRL5IkRJrTQi6sRhsM,,,1477647071,,,
B,"Benjamin Roberts, DMD",Warwick,RI,(401) 737-5449,VALID,area code matches RI; confirmed by 3 independent sources,"Benjamin Roberts, DMD",DMD,,,,,,,http://www.invisalignofrhodeisland.com/,35 Veterans Memorial Dr,02886,General Dentistry,Individual dentist,Primary (general),,1,2026,Recent,https://npiregistry.cms.hhs.gov/provider-view/1124519681,http://www.invisalignofrhodeisland.com/,https://www.google.com/maps/place/Kenneth+Rudman/data=!4m7!3m6!1s0x89e44c68896fbb67:0xf690b5087bf29510!8m2!3d41.7025971!4d-71.4569393!16s%2Fg%2F11ddyh_1gf!19sChIJZ7tviWhM5IkREJXyewi1kPY,,,1124519681,,,
B,"Bernard Kilcline, DMD",Warwick,RI,(401) 738-2193,VALID,area code matches RI; confirmed by 3 independent sources,"Bernard Kilcline, DMD",DMD,,,,,,,http://www.drperimutewera.com/,161 Airport Rd,02889,General Dentistry,Individual dentist,Primary (general),,1,2026,Recent,https://npiregistry.cms.hhs.gov/provider-view/1033179585,http://www.drperimutewera.com/,"https://www.google.com/maps/place/Dr.+Peri+Mutewera,+DMD/data=!4m7!3m6!1s0x89e44e6e02ca197b:0x409aaa160874088a!8m2!3d41.7312343!4d-71.4765123!16s%2Fg%2F1vcq8m3w!19sChIJexnKAm5O5IkRigh0CBaqmkA",,,1033179585,,,
B,Gabriel M Hayek DMD,Warwick,RI,(401) 737-1929,VALID,area code matches RI; confirmed by 3 independent sources,"Gabriel Hayek, DMD",Owner,,,,,,,http://ghayekdmd.com/,1009 Main Ave,02886,General Dentistry,Practice (organisation),Primary (general),,1,2022,Recent,https://npiregistry.cms.hhs.gov/provider-view/1356094783,http://ghayekdmd.com/,https://www.google.com/maps/place/Schoengold+Candace+S+DDS/data=!4m7!3m6!1s0x89e44c144c385ea3:0x132f23cc9d57de5e!8m2!3d41.7148653!4d-71.4569786!16s%2Fg%2F1260n1zn5!19sChIJo144TBRM5IkRXt5XncwjLxM,,,1356094783,,,
B,Kamal Thapaliya,Warwick,RI,(469) 739-4258,VALID,area code 469 outside target states,Kamal Thapaliya,Dentist,,,,,,,,1000 Bald Hill Rd,02886,General Dentistry,Individual dentist,Primary (general),,1,2023,Recent,https://npiregistry.cms.hhs.gov/provider-view/1023790219,,,,,1023790219,,,
B,"Noah Spagnolo, DMD",Warwick,RI,(401) 480-8848,VALID,area code matches RI,"Noah Spagnolo, DMD",DMD,,,,,,,,469 Centerville Rd,02886,General Dentistry,Individual dentist,Primary (general),,1,2026,Recent,https://npiregistry.cms.hhs.gov/provider-view/1699600585,,,,,1699600585,,,
B,Oaklawn Family Dental Associates,Warwick,RI,(401) 463-7676,VALID,area code matches RI; confirmed by 2 independent sources,Kathleen Murray,Office Manager,,,,,,,,1 Lambert Lind Hwy,02886,General Dentistry,Practice (organisation),Primary (general),,2,2025,Recent,https://npiregistry.cms.hhs.gov/provider-view/1760692990,,https://www.google.com/maps/place/Oaklawn+Family+Dental+Association/data=!4m7!3m6!1s0x89e44bff6fe14fb7:0xbc0904433e152a23!8m2!3d41.7315003!4d-71.4782747!16s%2Fg%2F1tcy5b16!19sChIJt0_hb_9L5IkRIyoVPkMECbw,,,1760692990,,,
B,"Wayland Easley, DDS",Warwick,RI,(401) 732-4117,VALID,area code matches RI,"Wayland Easley, DDS",DDS,,,,,,,,230 Airport Rd,02889,General Dentistry,Individual dentist,Primary (general),,1,2024,Recent,https://npiregistry.cms.hhs.gov/provider-view/1770780645,,,,,1770780645,,,
B,Wicked Good Dental PLLC,Warwick,RI,(774) 280-2704,CHECK,"area code 774 belongs to MA, practice is in RI","Jason Tubo, DMD",Owner,,,,,,,,1 Lambert Lind Hwy Ste C,02886,General Dentistry,Practice (organisation),Primary (general),,1,2025,Recent,https://npiregistry.cms.hhs.gov/provider-view/1144112558,,,,,1144112558,,,
B,"Ashley Cuevas, DMD",West Warwick,RI,(401) 767-4100,VALID,area code matches RI,"Ashley Cuevas, DMD",DMD,,,,,,,,5 Washington St,02893,General Dentistry,Individual dentist,Primary (general),,1,2025,Recent,https://npiregistry.cms.hhs.gov/provider-view/1770332587,,,,,1770332587,,,
B,Matthew Wilks,West Warwick,RI,(401) 826-2833,VALID,area code matches RI; confirmed by 3 independent sources,Matthew Wilks,Dentist,,,,,,,http://arcandfamilydental.com/,1079 Main St,02893,General Dentistry,Individual dentist,Primary (general),,1,2024,Recent,https://npiregistry.cms.hhs.gov/provider-view/1164268637,http://arcandfamilydental.com/,"https://www.google.com/maps/place/Dr.+Albert+R.+Arcand,+DMD/data=!4m7!3m6!1s0x89e44bace164983d:0x343750e557fab827!8m2!3d41.7104784!4d-71.5232155!16s%2Fg%2F1hc2005p7!19sChIJPZhk4axL5IkRJ7j6V-VQNzQ",,,1164268637,,,
B,"Mei Dong, DMD",West Warwick,RI,(401) 615-2804,VALID,area code matches RI; confirmed by 3 independent sources,"Mei Dong, DMD",DMD,,,,,,,https://www.thundermisthealth.org/locations/west-warwick/dental/,5 Washington St,02893,General Dentistry,Individual dentist,Primary (general),,1,2025,Recent,https://npiregistry.cms.hhs.gov/provider-view/1588952998,https://www.thundermisthealth.org/locations/west-warwick/dental/,https://www.google.com/maps/place/Thundermist+Dental+of+West+Warwick/data=!4m7!3m6!1s0x89e44baac42f0c99:0x7cf76f8fa46a452!8m2!3d41.7042339!4d-71.5248226!16s%2Fg%2F1tdvl5tj!19sChIJmQwvxKpL5IkRUqRG-vh2zwc,,,1588952998,,,
B,"Adam Kaufman, D.M.D.",Westerly,RI,(401) 596-0888,VALID,area code matches RI,"Adam Kaufman, D.M.D.",D.M.D.,,,,,,,,11 Wells St Suite 4,02891,General Dentistry,Individual dentist,Primary (general),,1,2026,Recent,https://npiregistry.cms.hhs.gov/provider-view/1164492310,,,,,1164492310,,,
B,"Salvatore Rizzuto, DMD",Westerly,RI,(401) 596-0319,VALID,area code matches RI; confirmed by 3 independent sources,"Salvatore Rizzuto, DMD",DMD,,,,,,,http://crestviewdentalassociates.com/,41 East Ave,02891,General Dentistry,Individual dentist,Primary (general),,1,2023,Recent,https://npiregistry.cms.hhs.gov/provider-view/1578090569,http://crestviewdentalassociates.com/,https://www.google.com/maps/place/Crestview+Dental+Associates/data=!4m7!3m6!1s0x89e5e6e69f3d1287:0x4a7d73ea4aa76f03!8m2!3d41.3638681!4d-71.8200152!16s%2Fg%2F1tjcqglh!19sChIJhxI9n-bm5YkRA2-nSupzfUo,,,1578090569,,,
B,"Glenn Dominguez, DMD",Woonsocket,RI,(401) 766-9090,VALID,area code matches RI; confirmed by 2 independent sources,"Glenn Dominguez, DMD",DMD,,,,,,,,2345 Mendon Rd Ste 3,02895,General Dentistry,Individual dentist,Primary (general),,1,2025,Recent,https://npiregistry.cms.hhs.gov/provider-view/1316045578,,"https://www.google.com/maps/place/Dr.+Glenn+L.+Dominguez+DMD,+LLC./data=!4m7!3m6!1s0x89e46a214bc76bfb:0xe673899da40985ba!8m2!3d41.9894199!4d-71.4821292!16s%2Fg%2F11cn5mdcl_!19sChIJ-2vHSyFq5IkRuoUJpJ2Jc-Y",,,1316045578,,,
B,"Hannah Namgung, DDS",Woonsocket,RI,(401) 234-1513,VALID,area code matches RI,"Hannah Namgung, DDS",DDS,,,,,,,,25 John A Cummings Way,02895,General Dentistry,Individual dentist,Primary (general),,1,2025,Recent,https://npiregistry.cms.hhs.gov/provider-view/1801405444,,,,,1801405444,,,
B,"Lindiwe Coster, DMD",Woonsocket,RI,(401) 767-4161,VALID,area code matches RI,"Lindiwe Coster, DMD",DMD,,,,,,,,25 John A Cummings Way,02895,General Dentistry,Individual dentist,Primary (general),,1,2025,Recent,https://npiregistry.cms.hhs.gov/provider-view/1770938474,,,,,1770938474,,,
B,"Michael Forman, D.M.D.",Woonsocket,RI,(401) 766-8600,VALID,area code matches RI,"Michael Forman, D.M.D.",D.M.D.,,,,,,,,2000 Diamond Hill Rd,02895,General Dentistry,Individual dentist,Primary (general),,1,2023,Recent,https://npiregistry.cms.hhs.gov/provider-view/1639260276,,,,,1639260276,,,
B,"Virali Soni, DMD",Woonsocket,RI,(972) 444-8888,VALID,area code 972 outside target states,"Virali Soni, DMD",DMD,,,,,,,,25 John A Cummings Way,02895,General Dentistry,Individual dentist,Primary (general),,1,2025,Recent,https://npiregistry.cms.hhs.gov/provider-view/1184324808,,,,,1184324808,,,
B,"Matthew Asaro, DMD",Barrington,RI,(401) 245-4619,VALID,area code matches RI,"Matthew Asaro, DMD",DMD,,,,,,,,141 County Road,02806,General Dentistry,Individual dentist,Primary (general),,1,2019,Ageing,https://npiregistry.cms.hhs.gov/provider-view/1124158589,,,,,1124158589,,,
B,Amit Mehra DMD LLC,Cranston,RI,(401) 942-4760,VALID,area code matches RI; confirmed by 3 independent sources,"Amit Mehra, DMD",Dentist,,,,,,,http://phenixdentalri.com/,136 Phenix Ave,02920,General Dentistry,Practice (organisation),Primary (general),,2,2016,Ageing,https://npiregistry.cms.hhs.gov/provider-view/1528429032,http://phenixdentalri.com/,https://www.google.com/maps/place/PHENIX+DENTAL+LLC-+Dr.+AMIT+MEHRA/data=!4m7!3m6!1s0x89e44f2e1b69e88f:0xd6f0fead738ff9f8!8m2!3d41.7809604!4d-71.4706202!16s%2Fg%2F1tf9zfl0!19sChIJj-hpGy5P5IkR-PmPc63-8NY,,,1528429032,,,
B,"Beacon Dental Health Ri, PC",Cranston,RI,(617) 418-6940,CHECK,"area code 617 belongs to MA, practice is in RI","Frank Schiano, DMD",President,,,,,,,,1090 New London Ave,02920,General Dentistry,Practice (organisation),Primary (general),,7,2019,Ageing,https://npiregistry.cms.hhs.gov/provider-view/1669011227,,,,,1669011227,,,
B,Dental RI PC,Cranston,RI,(401) 463-8000,VALID,area code matches RI; confirmed by 3 independent sources,"Michael Gallucci, DMD",Dentist,,,,,,,https://dentalri.org/,1249 Oaklawn Ave,02920,General Dentistry,Practice (organisation),Primary (general),,1,2020,Ageing,https://npiregistry.cms.hhs.gov/provider-view/1013532506,https://dentalri.org/,https://www.google.com/maps/place/Dental+RI:+Dr.+Michael+Gallucci+and+Dr.+Dawn+Gallucci+-+Dentist+in+Cranston/data=!4m7!3m6!1s0x89e44903bc82f7d3:0xfad739f629510aeb!8m2!3d41.7355137!4d-71.4782717!16s%2Fg%2F11m_zj46_b!19sChIJ0_eCvANJ5IkR6wpRKfY51_o,,,1013532506,,,
B,"Mark P Small, Dmd, Inc.",Cranston,RI,(401) 738-2500,VALID,area code matches RI; confirmed by 3 independent sources,"Mark Small, DMD",President,,,,,,,http://www.marksmalldmd.com/,1090 New London Ave Suite 2,02920,General Dentistry,Practice (organisation),Primary (general),,1,2020,Ageing,https://npiregistry.cms.hhs.gov/provider-view/1104998467,http://www.marksmalldmd.com/,"https://www.google.com/maps/place/Mark+P.+Small,+DMD,+Inc./data=!4m7!3m6!1s0x89e44eaca0fec1d9:0x4cd442ee6a7fd9df!8m2!3d41.7390901!4d-71.4761559!16s%2Fg%2F1tkr08sd!19sChIJ2cH-oKxO5IkR39l_au5C1Ew",,,1104998467,,,
B,"Mir Ayesha Siddiqua, DDS",Cranston,RI,(401) 562-8303,VALID,area code matches RI,"Mir Ayesha Siddiqua, DDS",DDS,,,,,,,,311 Doric Ave,02910,General Dentistry,Individual dentist,Primary (general),,1,2015,Ageing,https://npiregistry.cms.hhs.gov/provider-view/1750641833,,,,,1750641833,,,
B,Ocean State Dental Group Inc,Cranston,RI,(401) 467-6363,VALID,area code matches RI,"Peter Dallesandro, DDS",President,,,,,,,,1522 Elmwood Ave,02910,General Dentistry,Practice (organisation),Primary (general),,1,2020,Ageing,https://npiregistry.cms.hhs.gov/provider-view/1972664894,,,,,1972664894,,,
B,Walter Lada Jr DMD Ltd,Cranston,RI,(401) 942-4350,VALID,area code matches RI,"Walter Lada, DMD",Dentist,,,,,,,,351 Budlong Rd,02920,General Dentistry,Practice (organisation),Primary (general),,1,2020,Ageing,https://npiregistry.cms.hhs.gov/provider-view/1780740597,,,,,1780740597,,,
B,East Greenwich Dental Associates,East Greenwich,RI,(401) 884-6262,VALID,area code matches RI; confirmed by 3 independent sources,"Michael Harris, D.D.S.",President,,,,,,,http://www.egda.biz/,4575 Post Rd,02818,General Dentistry,Practice (organisation),Primary (general),,1,2018,Ageing,https://npiregistry.cms.hhs.gov/provider-view/1306068556,http://www.egda.biz/,https://www.google.com/maps/place/East+Greenwich+Dental+Associates/data=!4m7!3m6!1s0x89e44cc6d8f1403b:0x36d538a69c7e9da9!8m2!3d41.6664849!4d-71.4505523!16s%2Fg%2F1tfnzm9v!19sChIJO0Dx2MZM5IkRqZ1-nKY41TY,,,1306068556,,,
B,"Nicole Kim, DMD",East Greenwich,RI,(401) 884-3340,VALID,area code matches RI; confirmed by 3 independent sources,"Nicole Kim, DMD",DMD,,,,,,,https://www.ndkdental.com/,5835 Post Rd Suite 113,02818,General Dentistry,Individual dentist,Primary (general),,1,2018,Ageing,https://npiregistry.cms.hhs.gov/provider-view/1346440948,https://www.ndkdental.com/,https://www.google.com/maps/place/NDK+Dental/data=!4m7!3m6!1s0x89e5b36762bb1add:0x10a5ffd2a6ef63f3!8m2!3d41.6363426!4d-71.4692144!16s%2Fg%2F113k55ndz!19sChIJ3Rq7Ymez5YkR82PvptL_pRA,,,1346440948,,,
B,"East Providence Dental Care, LLC",East Providence,RI,(401) 438-4985,VALID,area code matches RI,"Munal Salem, DMD",Owner/dentist,,,,,,,,2441 Pawtucket Ave,02914,General Dentistry,Practice (organisation),Primary (general),,1,2020,Ageing,https://npiregistry.cms.hhs.gov/provider-view/1902424674,,,,,1902424674,,,
B,Smith Family Dental Assoc,East Providence,RI,(401) 434-7471,VALID,area code matches RI; confirmed by 3 independent sources,"Nicole Steckler, DDS",Owner,,,,,,,http://smithfamilydental.net/,2780 Pawtucket Ave,02915,General Dentistry,Practice (organisation),Primary (general),,2,2020,Ageing,https://npiregistry.cms.hhs.gov/provider-view/1013080597,http://smithfamilydental.net/,https://www.google.com/maps/place/Smith+Family+Dental+Associates/data=!4m7!3m6!1s0x89e45aa3a14b364f:0xe0512fcca1f6d0fc!8m2!3d41.7991255!4d-71.3627725!16s%2Fg%2F1wh4gwdj!19sChIJTzZLoaNa5IkR_ND2ocwvUeA,,,1013080597,,,
B,"Your Profile Dental, LLC",East Providence,RI,(401) 228-3999,VALID,area code matches RI; confirmed by 3 independent sources,Emily Ferreira,Office Manager,,,,,,,http://www.friendsandfamilydentalri.com/,888 Broadway,02914,General Dentistry,Practice (organisation),Primary (general),,1,2020,Ageing,https://npiregistry.cms.hhs.gov/provider-view/1518562750,http://www.friendsandfamilydentalri.com/,https://www.google.com/maps/place/Friends+and+Family+Dental/data=!4m7!3m6!1s0x89e45b56b29c914f:0x780fcad865a10b1c!8m2!3d41.8167577!4d-71.3690608!16s%2Fg%2F11h3wy7j9h!19sChIJT5GcslZb5IkRHAuhZdjKD3g,,,1518562750,,,
B,"Joseph Zarrella, DMD, MS",Johnston,RI,(401) 239-6721,VALID,area code matches RI,"Joseph Zarrella, DMD, MS","DMD, MS",,,,,,,,4 Greenview Ct,02919,General Dentistry,Individual dentist,Primary (general),,1,2020,Ageing,https://npiregistry.cms.hhs.gov/provider-view/1710595376,,,,,1710595376,,,
B,Mansolillo Mansolillo & Mansolillo DDS,Johnston,RI,(401) 861-1080,VALID,area code matches RI; confirmed by 3 independent sources,"Joseph Mansolillo, DDS",Partner,,,,,,,http://mansolillodental.net/,1347 Hartford Ave,02919,General Dentistry,Practice (organisation),Primary (general),,1,2020,Ageing,https://npiregistry.cms.hhs.gov/provider-view/1659350312,http://mansolillodental.net/,https://www.google.com/maps/place/Mansolillo+Jeffrey+B+D.M.D/data=!4m7!3m6!1s0x89e44619e6a673f9:0xbb833cc51f0cf8a8!8m2!3d41.8237238!4d-71.4963488!16s%2Fg%2F1vn_zzt8!19sChIJ-XOm5hlG5IkRqPgMH8U8g7s,,,1659350312,,,
B,Onkar Dadiala,Johnston,RI,(401) 400-4365,VALID,area code matches RI,Onkar Dadiala,Dentist,,,,,,,,1384 Atwood Ave,02919,General Dentistry,Individual dentist,Primary (general),,1,2015,Ageing,https://npiregistry.cms.hhs.gov/provider-view/1144604935,,,,,1144604935,,,
B,Sunny Smile Group III LLC,Johnston,RI,(401) 934-0400,VALID,area code matches RI; confirmed by 3 independent sources,"Dongho Kim, DMD",Owner,,,,,,,https://www.aspendental.com/dentist/ri/johnston/1384-atwood-ave,1384 Atwood Ave,02919,General Dentistry,Practice (organisation),Primary (general),,1,2016,Ageing,https://npiregistry.cms.hhs.gov/provider-view/1053778829,https://www.aspendental.com/dentist/ri/johnston/1384-atwood-ave,"https://www.google.com/maps/place/Aspen+Dental+-+Johnston,+RI/data=!4m7!3m6!1s0x89e448a74af77183:0x9bbf5d6ed1e97ff4!8m2!3d41.814752!4d-71.4965317!16s%2Fg%2F1tdb9vxh!19sChIJg3H3SqdI5IkR9H_p0W5dv5s",,,1053778829,,,
B,"Highland Dental Group, Inc",Lincoln,RI,(401) 728-6350,VALID,area code matches RI; confirmed by 2 independent sources,"Larry Forti, D.D.S.",President,,,,,,,,1189 Smithfield Ave,02865,General Dentistry,Practice (organisation),Primary (general),,1,2020,Ageing,https://npiregistry.cms.hhs.gov/provider-view/1144345489,,https://www.google.com/maps/place/Forti+Larry+M+DDS/data=!4m7!3m6!1s0x89e4436beb23e49f:0xe222dbc5f95733d8!8m2!3d41.8925828!4d-71.410838!16s%2Fg%2F1tg51fqs!19sChIJn-Qj62tD5IkR2DNX-cXbIuI,,,1144345489,,,
B,"Ashley Faiella Dmd, LLC",Middletown,RI,(401) 847-1115,VALID,area code matches RI; confirmed by 3 independent sources,"Ashley Faiella, DMD",Owner,,,,,,,http://www.islanddentalhealth.com/,706 Aquidneck Ave,02842,General Dentistry,Practice (organisation),Primary (general),,1,2020,Ageing,https://npiregistry.cms.hhs.gov/provider-view/1184238818,http://www.islanddentalhealth.com/,https://www.google.com/maps/place/Island+Dental+Health/data=!4m7!3m6!1s0x89e5a8d5cefe2357:0x3ec7042c6c571d11!8m2!3d41.506549!4d-71.2833475!16s%2Fg%2F1tpbc_n3!19sChIJVyP-ztWo5YkRER1XbCwExz4,,,1184238818,,,
B,Anchor Dental,Newport,RI,(401) 846-4404,VALID,area code matches RI; confirmed by 3 independent sources,Megan Catallozzi,Dentist,,,,,,,http://www.anchordentalri.com/,37 Long Wharf Mall,02840,General Dentistry,Practice (organisation),Primary (general),,1,2015,Ageing,https://npiregistry.cms.hhs.gov/provider-view/1396118824,http://www.anchordentalri.com/,"https://www.google.com/maps/place/Anchor+Dental,+Inc/data=!4m7!3m6!1s0x89e5af695a59ab71:0x8d22c8f2c727b022!8m2!3d41.4899402!4d-71.316245!16s%2Fg%2F11bwf7gcd4!19sChIJcatZWmmv5YkRIrAnx_LIIo0",,,1396118824,,,
B,"James Safford, D.D.S",Newport,RI,(401) 841-4522,VALID,area code matches RI,"James Safford, D.D.S",D.d.s,,,,,,,,43 Smith Rd,02841,General Dentistry,Individual dentist,Primary (general),,1,2017,Ageing,https://npiregistry.cms.hhs.gov/provider-view/1902244478,,,,,1902244478,,,
B,"Nathan W Tilman, Dds, PC",Newport,RI,(401) 846-3801,VALID,area code matches RI,"Nathan Tilman, DDS",Dentist Owner,,,,,,,,136 Broadway,02840,General Dentistry,Practice (organisation),Primary (general),,1,2019,Ageing,https://npiregistry.cms.hhs.gov/provider-view/1528300274,,,,,1528300274,,,
B,"Silviu Barzoi, DDS",Newport,RI,(401) 841-7668,VALID,area code matches RI,"Silviu Barzoi, DDS",DDS,,,,,,,,43 Smith Road Naval Health Clinic New England,02841,General Dentistry,Individual dentist,Primary (general),,1,2015,Ageing,https://npiregistry.cms.hhs.gov/provider-view/1669724621,,,,,1669724621,,,
B,"Austin Labbe, DMD",North Kingstown,RI,(401) 269-1343,VALID,area code matches RI,"Austin Labbe, DMD",DMD,,,,,,,,216 Laurel Ridge Ln,02852,General Dentistry,Individual dentist,Primary (general),,1,2020,Ageing,https://npiregistry.cms.hhs.gov/provider-view/1447888227,,,,,1447888227,,,
B,"Bigg Smiles, LLC",North Kingstown,RI,(401) 294-4315,VALID,area code matches RI; confirmed by 3 independent sources,"Charlotte Bigg, DMD",Dentist,,,,,,,http://www.biggsmilesri.com/,145 Phillips St,02852,General Dentistry,Practice (organisation),Primary (general),,1,2019,Ageing,https://npiregistry.cms.hhs.gov/provider-view/1740824523,http://www.biggsmilesri.com/,https://www.google.com/maps/place/Bigg+Smiles+Dental/data=!4m7!3m6!1s0x89e5b1f30a7dd697:0x6cebe52015c652ba!8m2!3d41.567925!4d-71.457402!16s%2Fg%2F11jgyk0nr9!19sChIJl9Z9CvOx5YkRulLGFSDl62w,,,1740824523,,,
B,"Coastal Dental Associates Ii, LLC",North Kingstown,RI,(773) 931-2196,VALID,area code 773 outside target states,"Jennifer Kuchar, DMD",Co-Owner,,,,,,,,7355 Post Rd,02852,General Dentistry,Practice (organisation),Primary (general),,1,2015,Ageing,https://npiregistry.cms.hhs.gov/provider-view/1316335656,,,,,1316335656,,,
B,Edward A Hart DMD PC,North Kingstown,RI,(401) 294-3788,VALID,area code matches RI,Christa Brodeur,Office Manager,,,,,,,,181 W Main St,02852,General Dentistry,Practice (organisation),Primary (general),,2,2016,Ageing,https://npiregistry.cms.hhs.gov/provider-view/1861849002,,,,,1861849002,,,
B,"Marcus Capalbo, DMD",North Scituate,RI,(016) 475-6404,INVALID,not a valid NANP number,"Marcus Capalbo, DMD",DMD,,,,,,,,81 Danielson Pike,02857,General Dentistry,Individual dentist,Primary (general),,1,2021,Ageing,https://npiregistry.cms.hhs.gov/provider-view/1548557184,,,,,1548557184,,,
B,"Raffi Merjik, DMD",North Scituate,RI,(401) 934-2666,VALID,area code matches RI,"Raffi Merjik, DMD",DMD,,,,,,,,26 Hartford Pike,02857,General Dentistry,Individual dentist,Primary (general),,1,2021,Ageing,https://npiregistry.cms.hhs.gov/provider-view/1184739732,,,,,1184739732,,,
B,Inesa Tshagharyan,North Smithfield,RI,(401) 766-2800,VALID,area code matches RI,Inesa Tshagharyan,Dentist,,,,,,,,747 Victory Hwy,02896,General Dentistry,Individual dentist,Primary (general),,1,2021,Ageing,https://npiregistry.cms.hhs.gov/provider-view/1548935224,,,,,1548935224,,,
B,Sunny Smile Group I LLC,North Smithfield,RI,(401) 762-1919,VALID,area code matches RI; confirmed by 3 independent sources,"Dongho Kim, DMD",Owner,,,,,,,https://www.aspendental.com/dentist/ri/north-smithfield/18-dowling-village-blvd,18 Dowling Village Blvd,02896,General Dentistry,Practice (organisation),Primary (general),,1,2015,Ageing,https://npiregistry.cms.hhs.gov/provider-view/1982094579,https://www.aspendental.com/dentist/ri/north-smithfield/18-dowling-village-blvd,"https://www.google.com/maps/place/Aspen+Dental+-+North+Smithfield,+RI/data=!4m7!3m6!1s0x89e46a51b9df2a9d:0xa5531c0e64401357!8m2!3d41.9792!4d-71.50947!16s%2Fg%2F1tptrmxd!19sChIJnSrfuVFq5IkRVxNAZA4cU6U",,,1982094579,,,
B,"Ashleigh Graley, DDS",Pascoag,RI,(401) 285-5119,VALID,area code matches RI,"Ashleigh Graley, DDS",DDS,,,,,,,,36 Bridge Way,02859,General Dentistry,Individual dentist,Primary (general),,1,2018,Ageing,https://npiregistry.cms.hhs.gov/provider-view/1477048098,,,,,1477048098,,,
B,"Mayumi Adriano, DMD",Pawtucket,RI,(401) 723-8043,VALID,area code matches RI; confirmed by 3 independent sources,"Mayumi Adriano, DMD",DMD,,,,,,,http://www.pawtucketfamilydentistry.com/,1346 Newport Ave,02861,General Dentistry,Individual dentist,Primary (general),,1,2016,Ageing,https://npiregistry.cms.hhs.gov/provider-view/1518090463,http://www.pawtucketfamilydentistry.com/,https://www.google.com/maps/place/Dr.+Burton+Ogata+and+Associates/data=!4m7!3m6!1s0x89e45cebc0429cf1:0x7df16de25104957f!8m2!3d41.8904349!4d-71.3543361!16s%2Fg%2F1tj53mb2!19sChIJ8ZxCwOtc5IkRf5UEUeJt8X0,,,1518090463,,,
B,Portsmouth Dental Associates,Portsmouth,RI,(401) 683-9724,VALID,area code matches RI; confirmed by 3 independent sources,"Nathan Tilman, DDS",Owner/dentist,,,,,,,http://www.smile-newport.com/,2765 E Main Rd,02871,General Dentistry,Practice (organisation),Primary (general),,1,2015,Ageing,https://npiregistry.cms.hhs.gov/provider-view/1790167443,http://www.smile-newport.com/,https://www.google.com/maps/place/Portsmouth+Dental+Associates/data=!4m7!3m6!1s0x89e5ab240a44fbb9:0x75c84ae0c3cdc6e6!8m2!3d41.604337!4d-71.247087!16s%2Fg%2F1tfkxb8f!19sChIJuftECiSr5YkR5sbNw-BKyHU,,,1790167443,,,
B,"Benefit Dental Care, LLC",Providence,RI,(401) 521-3822,VALID,area code matches RI; confirmed by 3 independent sources,"Munal Salem, DMD",Dentist/owner,,,,,,,https://alphadentalcenter.com/benefit-dental-care/,5 Benefit St,02904,General Dentistry,Practice (organisation),Primary (general),,1,2016,Ageing,https://npiregistry.cms.hhs.gov/provider-view/1154782290,https://alphadentalcenter.com/benefit-dental-care/,https://www.google.com/maps/place/Benefit+Dental+Care/data=!4m7!3m6!1s0x89e4451edadf1aeb:0xbfe30016ab1d182e!8m2!3d41.8347927!4d-71.409667!16s%2Fg%2F1td6hhhb!19sChIJ6xrf2h5F5IkRLhgdqxYA478,,,1154782290,,,
B,"Benefit Dental Care, LLC",Providence,RI,(401) 274-1140,VALID,area code matches RI,Mardy Costa,Administrator,,,,,,,,159 Governor St,02906,General Dentistry,Practice (organisation),Primary (general),,2,2019,Ageing,https://npiregistry.cms.hhs.gov/provider-view/1346804564,,,,,1346804564,,,
B,Celestial Smile Dental Associates PC,Providence,RI,(781) 774-9885,CHECK,"area code 781 belongs to MA, practice is in RI","Anthony Olatunji, DMD",Dentist,,,,,,,,10 Dorrance St Ste 700,02903,General Dentistry,Practice (organisation),Primary (general),,1,2018,Ageing,https://npiregistry.cms.hhs.gov/provider-view/1134603624,,,,,1134603624,,,
B,"Cristina Barron, DMD",Providence,RI,(401) 272-2331,VALID,area code matches RI; confirmed by 3 independent sources,"Cristina Barron, DMD",DMD,,,,,,,https://smartdentalnetwork.com/location/angell-street-dental-associates,425 Angell St,02906,General Dentistry,Individual dentist,Primary (general),,1,2016,Ageing,https://npiregistry.cms.hhs.gov/provider-view/1588830574,https://smartdentalnetwork.com/location/angell-street-dental-associates,https://www.google.com/maps/place/Angell+Street+Dental+Associates/data=!4m7!3m6!1s0x89e4452ec3430d43:0xd2f9f6bc1419eda3!8m2!3d41.8295254!4d-71.3905007!16s%2Fg%2F1tl7pq_t!19sChIJQw1Dwy5F5IkRo-0ZFLz2-dI,,,1588830574,,,
B,"Deepak Saluja, DMD Inc.",Providence,RI,(401) 454-3000,VALID,area code matches RI,Erin Dugas,Office Manager,,,,,,,,66 Kennedy Plz,02903,General Dentistry,Practice (organisation),Primary (general),,1,2020,Ageing,https://npiregistry.cms.hhs.gov/provider-view/1093727257,,,,,1093727257,,,
B,Dr John T.A. Romao And Associates,Providence,RI,(401) 751-4343,VALID,area code matches RI; confirmed by 2 independent sources,Maria Santos,Office Personell,,,,,,,,463 Broadway,02909,General Dentistry,Practice (organisation),Primary (general),,1,2018,Ageing,https://npiregistry.cms.hhs.gov/provider-view/1942702949,,https://www.google.com/maps/place/Romano+John+T+DDS/data=!4m7!3m6!1s0x89e4459e9a817a89:0x3c9c7d8b63205850!8m2!3d41.8190652!4d-71.4337947!16s%2Fg%2F1th4bdrz!19sChIJiXqBmp5F5IkRUFggY4t9nDw,,,1942702949,,,
B,"Ernest P Votolato, D.M.D. & Frank A Pazienza, D.d.s., Inc.",Providence,RI,(401) 751-8046,VALID,area code matches RI; confirmed by 2 independent sources,"Ernest Votolato, D.M.D.",President,,,,,,,,266 Wayland Ave,02906,General Dentistry,Practice (organisation),Primary (general),,1,2020,Ageing,https://npiregistry.cms.hhs.gov/provider-view/1558425249,,https://www.google.com/maps/place/Pazienza+%26+Votolato+Inc/data=!4m7!3m6!1s0x89e4452961099165:0x94ee8a1a9ac6cdd1!8m2!3d41.8315045!4d-71.3885814!16s%2Fg%2F1tfwfj1d!19sChIJZZEJYSlF5IkR0c3GmhqK7pQ,,,1558425249,,,
B,Jacob Werba DDS Ltd,Providence,RI,(401) 751-9050,VALID,area code matches RI; confirmed by 2 independent sources,"Jacob Werba, DDS",Owner,,,,,,,,655 Broad St,02907,General Dentistry,Practice (organisation),Primary (general),,1,2020,Ageing,https://npiregistry.cms.hhs.gov/provider-view/1871705418,,https://www.google.com/maps/place/Werba+Jacob+Ltd+DDS/data=!4m7!3m6!1s0x89e4457c867d1067:0x795de212ff671b12!8m2!3d41.8061964!4d-71.4207126!16s%2Fg%2F1vbnqfc2!19sChIJZxB9hnxF5IkREhtn_xLiXXk,,,1871705418,,,
B,"Joan Welch, DDS",Providence,RI,(401) 521-2255,VALID,area code matches RI,"Joan Welch, DDS",DDS,,,,,,,,160 Broad St # Street02903,02903,General Dentistry,Individual dentist,Primary (general),,1,2018,Ageing,https://npiregistry.cms.hhs.gov/provider-view/1376657502,,,,,1376657502,,,
B,"Lisa Lieberman, DMD",Providence,RI,(401) 301-5711,VALID,area code matches RI,"Lisa Lieberman, DMD",DMD,,,,,,,,151 Waterman St,02906,General Dentistry,Individual dentist,Primary (general),,1,2016,Ageing,https://npiregistry.cms.hhs.gov/provider-view/1114386422,,,,,1114386422,,,
B,"Mahra B Rubinstein, DDS & Robert J Ducoff, Dmd, Inc.",Providence,RI,(401) 861-4358,VALID,area code matches RI; confirmed by 3 independent sources,"Robert Ducoff, D.M.D.",Secretary/treasurer,,,,,,,https://drsrubinsteinandducoff.com/,362 Ives St,02906,General Dentistry,Practice (organisation),Primary (general),,1,2017,Ageing,https://npiregistry.cms.hhs.gov/provider-view/1740376094,https://drsrubinsteinandducoff.com/,https://www.google.com/maps/place/Drs+Rubinstein+and+Ducoff/data=!4m7!3m6!1s0x89e4452f990a3b09:0x1e64e32af5b0977a!8m2!3d41.827991!4d-71.3931!16s%2Fg%2F1tgx30xy!19sChIJCTsKmS9F5IkRepew9SrjZB4,,,1740376094,,,
B,Mohamed Elhamamsy,Providence,RI,(401) 443-4007,VALID,area code matches RI; confirmed by 3 independent sources,Mohamed Elhamamsy,Dentist,,,,,,,https://www.wellrooteddentistry.com/,111 Chestnut St,02903,General Dentistry,Individual dentist,Primary (general),,1,2021,Ageing,https://npiregistry.cms.hhs.gov/provider-view/1649628348,https://www.wellrooteddentistry.com/,https://www.google.com/maps/place/WellRooted+Dentistry/data=!4m7!3m6!1s0x89e4453036e09251:0xe645e652e6d62696!8m2!3d41.8185911!4d-71.411345!16s%2Fg%2F11nywbkmmp!19sChIJUZLgNjBF5IkRlibW5lLmReY,,,1649628348,,,
B,Periodontics Incorporated,Providence,RI,(401) 274-2600,VALID,area code matches RI; confirmed by 3 independent sources,"Scott Fertik, DDS",President,,,,,,,https://www.periodonticsri.com/,167 Gano Street,02906,General Dentistry,Practice (organisation),Primary (general),,1,2020,Ageing,https://npiregistry.cms.hhs.gov/provider-view/1841398658,https://www.periodonticsri.com/,https://www.google.com/maps/place/Periodontics+Inc/data=!4m7!3m6!1s0x89e44531c2599007:0xf7ac2e0862816db7!8m2!3d41.8247795!4d-71.3900074!16s%2Fg%2F1tdxx0pf!19sChIJB5BZwjFF5IkRt22BYggurPc,,,1841398658,,,
B,"Prospect Chartercare Sjhsri, LLC",Providence,RI,(401) 456-4321,VALID,area code matches RI,Robert Elders,Secretary,,,,,,,,21 Peace St,02907,General Dentistry,Practice (organisation),Primary (general),,1,2021,Ageing,https://npiregistry.cms.hhs.gov/provider-view/1639584717,,,,,1639584717,,,
B,Sunnyside Family Dental,Providence,RI,(401) 272-4900,VALID,area code matches RI,"Ozren Buntak, D.M.D.",President,,,,,,,,381 Angell St,02906,General Dentistry,Practice (organisation),Primary (general),,1,2020,Ageing,https://npiregistry.cms.hhs.gov/provider-view/1053530733,,,,,1053530733,,,
B,"Christopher Widdifield, DMD",South Kingstown,RI,(401) 783-1530,VALID,area code matches RI; confirmed by 3 independent sources,"Christopher Widdifield, DMD",DMD,,,,,,,https://smilesri.com/,24 Salt Pond Rd Ste D1,02879,General Dentistry,Individual dentist,Primary (general),,1,2020,Ageing,https://npiregistry.cms.hhs.gov/provider-view/1023623576,https://smilesri.com/,https://www.google.com/maps/place/South+County+Smiles/data=!4m7!3m6!1s0x89e5b94db767acfd:0x9eceb7709553a131!8m2!3d41.4311179!4d-71.4911698!16s%2Fg%2F1v16r9zv!19sChIJ_axnt0255YkRMaFTlXC3zp4,,,1023623576,,,
B,Aspen Dental Of New England PC Inc,Warwick,RI,(401) 822-1866,VALID,area code matches RI; confirmed by 3 independent sources,Isam Hamati,Mcd,,,,,,,https://www.aspendental.com/dentist/ri/warwick/1000-bald-hill-road,1775 Bald Hill Rd,02886,General Dentistry,Practice (organisation),Primary (general),,2,2020,Ageing,https://npiregistry.cms.hhs.gov/provider-view/1184841033,https://www.aspendental.com/dentist/ri/warwick/1000-bald-hill-road,"https://www.google.com/maps/place/Aspen+Dental+-+Warwick,+RI/data=!4m7!3m6!1s0x89e44c6fffffffff:0xce62895d447b3610!8m2!3d41.7117829!4d-71.4873105!16s%2Fg%2F1td6np39!19sChIJ_____29M5IkREDZ7RF2JYs4",,,1184841033,,,
B,"Danish& O'Laughlin,dds,and Associates",Warwick,RI,(401) 738-3606,VALID,area code matches RI; confirmed by 3 independent sources,"David O'Laughlin, DDS",President,,,,,,,http://www.warwicktoothdocs.com/,400 Bald Hill Rd Suite 522,02886,General Dentistry,Practice (organisation),Primary (general),,1,2020,Ageing,https://npiregistry.cms.hhs.gov/provider-view/1093724841,http://www.warwicktoothdocs.com/,https://www.google.com/maps/place/Danish+%26+O%27Laughlin+DDS/data=!4m7!3m6!1s0x89e44c0807b1324d:0x89973f34a1fa7dda!8m2!3d41.7268371!4d-71.4792327!16s%2Fg%2F1tkp5_fq!19sChIJTTKxBwhM5IkR2n36oTQ_l4k,,,1093724841,,,
B,James F Devanney D.M.D.,Warwick,RI,(401) 737-4184,VALID,area code matches RI; confirmed by 3 independent sources,"James Devanney, D.M.D.",President,,,,,,,https://devanneydental.com/,362 Main Ave,02886,General Dentistry,Practice (organisation),Primary (general),,1,2020,Ageing,https://npiregistry.cms.hhs.gov/provider-view/1841347556,https://devanneydental.com/,https://www.google.com/maps/place/Devanney+Dental/data=!4m7!3m6!1s0x89e44c35f8a2c4b1:0xc4e113c30d9039d0!8m2!3d41.708119!4d-71.435418!16s%2Fg%2F1vs1sxbv!19sChIJscSi-DVM5IkR0DmQDcMT4cQ,,,1841347556,,,
B,Jan Cervenka DMD Inc,Warwick,RI,(401) 737-5555,VALID,area code matches RI; confirmed by 2 independent sources,"Jan Cervenka, DMD",Dentist,,,,,,,,2212 Post Rd,02886,General Dentistry,Practice (organisation),Primary (general),,1,2020,Ageing,https://npiregistry.cms.hhs.gov/provider-view/1104028232,,https://www.google.com/maps/place/Bayside+Dental+Co./data=!4m7!3m6!1s0x89e44c2f7a343975:0x1d7f53d0246cc2e0!8m2!3d41.7215401!4d-71.4413986!16s%2Fg%2F1tmxs0rw!19sChIJdTk0ei9M5IkR4MJsJNBTfx0,,,1104028232,,,
B,Michael M Gooding DMD L.t.d,Warwick,RI,(401) 463-7678,VALID,area code matches RI; confirmed by 3 independent sources,Elissa Jubinville,Office Manager,,,,,,,http://www.westbaydentalcare.com/,1422 Warwick Ave,02888,General Dentistry,Practice (organisation),Primary (general),,1,2020,Ageing,https://npiregistry.cms.hhs.gov/provider-view/1184107880,http://www.westbaydentalcare.com/,https://www.google.com/maps/place/Dr.+Mia+Gooding/data=!4m7!3m6!1s0x89e44e6b60c40001:0x46d5a128060decfa!8m2!3d41.7374075!4d-71.407792!16s%2Fg%2F11qgb69qcr!19sChIJAQDEYGtO5IkR-uwNBiih1UY,,,1184107880,,,
B,"Rinku Jakhar, DMD",Warwick,RI,(401) 400-4391,VALID,area code matches RI,"Rinku Jakhar, DMD",DMD,,,,,,,,1000 Bald Hill Rd,02886,General Dentistry,Individual dentist,Primary (general),,1,2018,Ageing,https://npiregistry.cms.hhs.gov/provider-view/1063922706,,,,,1063922706,,,
B,"Ronald J Morton Dmd, PC",Warwick,RI,(401) 737-3330,VALID,area code matches RI; confirmed by 2 independent sources,"Ronald Morton, DMD",Owner,,,,,,,,1035 Main Ave,02886,General Dentistry,Practice (organisation),Primary (general),,1,2018,Ageing,https://npiregistry.cms.hhs.gov/provider-view/1235616053,,https://www.google.com/maps/place/Ronald+J+Morton+DMD/data=!4m7!3m6!1s0x89e44c1446ccf147:0x780c9a1d04440ad9!8m2!3d41.7152104!4d-71.4577221!16s%2Fg%2F1ttpc9q8!19sChIJR_HMRhRM5IkR2QpEBB2aDHg,,,1235616053,,,
B,Roy A Ragge DMD Inc,Warwick,RI,(401) 736-5136,VALID,area code matches RI; confirmed by 3 independent sources,"Roy Ragge, DMD",President,,,,,,,https://smartdentalnetwork.com/jefferson-dental-associates,222 Jefferson Blvd,02888,General Dentistry,Practice (organisation),Primary (general),,1,2020,Ageing,https://npiregistry.cms.hhs.gov/provider-view/1689779290,https://smartdentalnetwork.com/jefferson-dental-associates,https://www.google.com/maps/place/Jefferson+Dental+Associates+-+South+%7C+Dentist+in+Warwick+RI+%7C+DMD/data=!4m7!3m6!1s0x89e44e8e8ca95ef9:0x4c7aed09f1e1e468!8m2!3d41.7413883!4d-71.4380361!16s%2Fg%2F1v_vtxvc!19sChIJ-V6pjI5O5IkRaOTh8Qntekw,,,1689779290,,,
B,"Advanced Aesthetic Dentistry, PC",Westerly,RI,(401) 596-7707,VALID,area code matches RI; confirmed by 3 independent sources,"Mourad Rahim, D.M.D.",Owner,,,,,,,https://westerlyfamilydentist.com/,85 Beach St Bldg D,02891,General Dentistry,Practice (organisation),Primary (general),,1,2020,Ageing,https://npiregistry.cms.hhs.gov/provider-view/1215078563,https://westerlyfamilydentist.com/,https://www.google.com/maps/place/Advanced+Aesthetic+Dentistry/data=!4m7!3m6!1s0x89e5e6e6ec54f265:0xd4e56a6dbdb54857!8m2!3d41.360463!4d-71.829169!16s%2Fg%2F1tdbrx66!19sChIJZfJU7Obm5YkRV0i1vW1q5dQ,,,1215078563,,,
B,"Antonio J Mattero, D.D.S. Inc.",Westerly,RI,(401) 596-7734,VALID,area code matches RI; confirmed by 3 independent sources,"Antonio Mattero, DDS",President,,,,,,,http://www.westerlydentist.com/,31 Crestview Dr,02891,General Dentistry,Practice (organisation),Primary (general),,1,2020,Ageing,https://npiregistry.cms.hhs.gov/provider-view/1841387149,http://www.westerlydentist.com/,"https://www.google.com/maps/place/DMR+Family+%26+Cosmetic+Dentistry,+Inc./data=!4m7!3m6!1s0x89e5e6e6a0eb792f:0x691565f206447863!8m2!3d41.3608789!4d-71.8276808!16s%2Fg%2F1tfff6f_!19sChIJL3nroObm5YkRY3hEBvJlFWk",,,1841387149,,,
B,"Brett Beaulieu, D.M.D.",Westerly,RI,(401) 596-2848,VALID,area code matches RI; confirmed by 3 independent sources,"Brett Beaulieu, D.M.D.",D.M.D.,,,,,,,https://smartdentalnetwork.com/westerly-dental-group,130 Granite St,02891,General Dentistry,Individual dentist,Primary (general),,1,2016,Ageing,https://npiregistry.cms.hhs.gov/provider-view/1730638099,https://smartdentalnetwork.com/westerly-dental-group,https://www.google.com/maps/place/Westerly+Dental+Group+%7C+Dentist+in+Westerly+RI+%7C+DMD/data=!4m7!3m6!1s0x89e5e7049c6d80c1:0xa21dc256512565d7!8m2!3d41.370545!4d-71.819344!16s%2Fg%2F11bbyf661y!19sChIJwYBtnATn5YkR12UlUVbCHaI,,,1730638099,,,
B,Family Dental Center Of Rhode Island,Woonsocket,RI,(401) 949-2590,VALID,area code matches RI,"Hasan Alsawaf, DMD",President,,,,,,,,2 Monument Sq,02895,General Dentistry,Practice (organisation),Primary (general),,1,2020,Ageing,https://npiregistry.cms.hhs.gov/provider-view/1114059250,,,,,1114059250,,,
B,"Helmut Sefranek, DMD, MAGD",Barrington,RI,(401) 247-1777,VALID,area code matches RI,"Helmut Sefranek, DMD, MAGD","DMD, Magd",,,,,,,,338 County Rd Suite B,02806,General Dentistry,Individual dentist,Primary (general),,1,2007,Stale,https://npiregistry.cms.hhs.gov/provider-view/1306924576,,,,,1306924576,,,
B,James C Goff DMD Ltd,Barrington,RI,(401) 289-2490,VALID,area code matches RI,"James Goff, DMD",Owner/president,,,,,,,,310 Maple Ave Ste 106A,02806,General Dentistry,Practice (organisation),Primary (general),,1,2011,Stale,https://npiregistry.cms.hhs.gov/provider-view/1538207485,,,,,1538207485,,,
B,"Maple Avenue Family Dentistry, LLC",Barrington,RI,(401) 247-2200,VALID,area code matches RI,"Andrea Barone, DDS",President,,,,,,,,310 Maple Ave Suite 107,02806,General Dentistry,Practice (organisation),Primary (general),,1,2007,Stale,https://npiregistry.cms.hhs.gov/provider-view/1427242973,,,,,1427242973,,,
B,Blackstone Valley Family Dental Assoc.pc,Central Falls,RI,(401) 793-6352,VALID,area code matches RI,"Chun-Kuei Chen, DMD",Dentist,,,,,,,,1044 Broad St,02863,General Dentistry,Practice (organisation),Primary (general),,1,2008,Stale,https://npiregistry.cms.hhs.gov/provider-view/1912025305,,,,,1912025305,,,
B,Artistry Dental,Cranston,RI,(401) 781-2212,VALID,area code matches RI; confirmed by 3 independent sources,"Neetu Kainth, DMD",Dentist,,,,,,,https://artistrydental.com/,795 Park Ave,02910,General Dentistry,Practice (organisation),Primary (general),,1,2013,Stale,https://npiregistry.cms.hhs.gov/provider-view/1861834012,https://artistrydental.com/,https://www.google.com/maps/place/Artistry+Dental/data=!4m7!3m6!1s0x89e44f090d144011:0x5871dc294503bee!8m2!3d41.7786525!4d-71.4335107!16s%2Fg%2F12lkkrjs_!19sChIJEUAUDQlP5IkR7jtQlMIdhwU,,,1861834012,,,
B,Blackstone Valley Family Dental Associates,Cranston,RI,(401) 450-2177,VALID,area code matches RI,Benjamin Rodrick,Executive Administrator,,,,,,,,465 Reservoir Ave,02910,General Dentistry,Practice (organisation),Primary (general),,2,2011,Stale,https://npiregistry.cms.hhs.gov/provider-view/1598043630,,,,,1598043630,,,
B,"Chapel View Family & Cosmetic Dentistry, LLC",Cranston,RI,(401) 944-8103,VALID,area code matches RI,"William Del Gizzo, DMD",Owner,,,,,,,,30 Chapel View Boulevard Suite 200,02920,General Dentistry,Practice (organisation),Primary (general),,1,2010,Stale,https://npiregistry.cms.hhs.gov/provider-view/1073836896,,,,,1073836896,,,
B,Clayton G Hazelton DMD PC,Cranston,RI,(401) 943-1234,VALID,area code matches RI; confirmed by 2 independent sources,"Clayton Hazelton, DMD",President,,,,,,,,1029 Reservoir Ave,02910,General Dentistry,Practice (organisation),Primary (general),,1,2013,Stale,https://npiregistry.cms.hhs.gov/provider-view/1508900051,,https://www.google.com/maps/place/Hazelton+Family+Dental/data=!4m7!3m6!1s0x89e44f18d105e637:0xf9c6b4292a1f2215!8m2!3d41.7736999!4d-71.4512386!16s%2Fg%2F1tj2ph0j!19sChIJN-YF0RhP5IkRFSIfKim0xvk,,,1508900051,,,
B,Cranston Asthetic Dentistry,Cranston,RI,(401) 942-0270,VALID,area code matches RI; confirmed by 2 independent sources,Raffi Merjik,Owner,,,,,,,,770 Reservoir Ave,02910,General Dentistry,Practice (organisation),Primary (general),,1,2014,Stale,https://npiregistry.cms.hhs.gov/provider-view/1780092460,,https://www.google.com/maps/place/Cranston+Advanced+Dental/data=!4m7!3m6!1s0x89e44f104e81ffe7:0xcad10bccb6173107!8m2!3d41.7789728!4d-71.4438534!16s%2Fg%2F1tfv6444!19sChIJ5_-BThBP5IkRBzEXtswL0co,,,1780092460,,,
B,"Cranston Cosmetic Dentistry, Inc.",Cranston,RI,(401) 944-7556,VALID,area code matches RI; confirmed by 3 independent sources,"Les Prasad, DDS",Owner,,,,,,,https://www.cranstoncosmeticdentistry.com/,989 Reservoir Ave,02910,General Dentistry,Practice (organisation),Primary (general),,2,2008,Stale,https://npiregistry.cms.hhs.gov/provider-view/1427294321,https://www.cranstoncosmeticdentistry.com/,https://www.google.com/maps/place/Cranston+Cosmetic+Dentistry/data=!4m7!3m6!1s0x89e44ec3fd038287:0x5e81711aec5539c7!8m2!3d41.7549502!4d-71.4592215!16s%2Fg%2F1vzn6l5h!19sChIJh4ID_cNO5IkRxzlV7BpxgV4,,,1427294321,,,
B,"Daniel Tramonti, Jr. D.d.s",Cranston,RI,(401) 785-2707,VALID,area code matches RI,"Daniel Tramonti, D.D.S.",Owner,,,,,,,,1908 Broad St,02905,General Dentistry,Practice (organisation),Primary (general),,1,2008,Stale,https://npiregistry.cms.hhs.gov/provider-view/1447407812,,,,,1447407812,,,
B,"Edward Deignan, D.M.D.",Cranston,RI,(401) 943-1133,VALID,area code matches RI,"Edward Deignan, D.M.D.",D.M.D.,,,,,,,,935 Reservoir Ave,02910,General Dentistry,Individual dentist,Primary (general),,1,2007,Stale,https://npiregistry.cms.hhs.gov/provider-view/1225153976,,,,,1225153976,,,
B,"Geoffrey Parrillo, D.M.D",Cranston,RI,(401) 944-2990,VALID,area code matches RI,"Geoffrey Parrillo, D.M.D",D.m.d,,,,,,,,725 Reservoir Ave Suite 304,02910,General Dentistry,Individual dentist,Primary (general),,1,2007,Stale,https://npiregistry.cms.hhs.gov/provider-view/1538177662,,,,,1538177662,,,
B,"Jaimini Desai, DMD",Cranston,RI,(401) 941-2141,VALID,area code matches RI; confirmed by 3 independent sources,"Jaimini Desai, DMD",DMD,,,,,,,http://www.drnap.com/,865 Reservoir Ave,02910,General Dentistry,Individual dentist,Primary (general),,1,2007,Stale,https://npiregistry.cms.hhs.gov/provider-view/1285773259,http://www.drnap.com/,https://www.google.com/maps/place/Napolillo+David+M+DMD/data=!4m7!3m6!1s0x89e44f10a79c22d9:0x5d456c41d70fdc3a!8m2!3d41.7774131!4d-71.4468341!16s%2Fg%2F1tmxgkwf!19sChIJ2SKcpxBP5IkROtwP10FsRV0,,,1285773259,,,
B,"John Hogberg, DDS",Cranston,RI,(401) 461-0552,VALID,area code matches RI,"John Hogberg, DDS",DDS,,,,,,,,35 Rolfe Sq,02910,General Dentistry,Individual dentist,Primary (general),,1,2007,Stale,https://npiregistry.cms.hhs.gov/provider-view/1255369153,,,,,1255369153,,,
B,"Karen Mega, DMD",Cranston,RI,(401) 781-2772,VALID,area code matches RI; confirmed by 3 independent sources,"Karen Mega, DMD",DMD,,,,,,,https://karenmegadmd.com/,567 Reservoir Ave,02910,General Dentistry,Individual dentist,Primary (general),,1,2007,Stale,https://npiregistry.cms.hhs.gov/provider-view/1487703658,https://karenmegadmd.com/,https://www.google.com/maps/place/Karen+M+Mega+%26+Associates/data=!4m7!3m6!1s0x89e44f0cfeac3ebd:0xec4de1d213d1463f!8m2!3d41.783413!4d-71.4385668!16s%2Fg%2F1tkp0t5k!19sChIJvT6s_gxP5IkRP0bRE9LhTew,,,1487703658,,,
B,Kobad B Malesra DDS,Cranston,RI,(401) 946-1010,VALID,area code matches RI,"Kobad Malesra, DDS",Dentist,,,,,,,,1370 Cranston St,02920,General Dentistry,Practice (organisation),Primary (general),,1,2012,Stale,https://npiregistry.cms.hhs.gov/provider-view/1770837015,,,,,1770837015,,,
B,"Michael Reilly, DDS",Cranston,RI,(401) 781-7349,VALID,area code matches RI; confirmed by 2 independent sources,"Michael Reilly, DDS",DDS,,,,,,,,21 Rolfe Sq,02910,General Dentistry,Individual dentist,Primary (general),,1,2011,Stale,https://npiregistry.cms.hhs.gov/provider-view/1447236963,,https://www.google.com/maps/place/Reilly+Michael+S+DDS/data=!4m7!3m6!1s0x89e44f0ed6130d49:0x34f027d313035c47!8m2!3d41.7781888!4d-71.436251!16s%2Fg%2F1tf_tws0!19sChIJSQ0T1g5P5IkRR1wDE9Mn8DQ,,,1447236963,,,
B,"Ricardo Burdiel, DMD",Cranston,RI,(401) 463-9333,VALID,area code matches RI; confirmed by 2 independent sources,"Ricardo Burdiel, DMD",DMD,,,,,,,,1090 New London Ave,02920,General Dentistry,Individual dentist,Primary (general),,1,2007,Stale,https://npiregistry.cms.hhs.gov/provider-view/1063565794,,https://www.google.com/maps/place/Burdiel+Ricardo+DDS/data=!4m7!3m6!1s0x89e44eaca0fec1d9:0x5c6c4bbb9fa69906!8m2!3d41.7391363!4d-71.4760449!16s%2Fg%2F1tjdh6jj!19sChIJ2cH-oKxO5IkRBpmmn7tLbFw,,,1063565794,,,
B,"Robert Impagliazzo, D.M.D.",Cranston,RI,(401) 944-6050,VALID,area code matches RI,"Robert Impagliazzo, D.M.D.",D.M.D.,,,,,,,,712 Oaklawn Ave,02920,General Dentistry,Individual dentist,Primary (general),,1,2007,Stale,https://npiregistry.cms.hhs.gov/provider-view/1053447235,,,,,1053447235,,,
B,Spartan Dental Inc,Cranston,RI,(401) 383-7569,VALID,area code matches RI; confirmed by 3 independent sources,"Elias Koutros, D.D.S.",President,,,,,,,https://alphadentalcenter.com/spartan-dental/,105 Sockanosset Cross Rd Suite 316,02920,General Dentistry,Practice (organisation),Primary (general),,2,2013,Stale,https://npiregistry.cms.hhs.gov/provider-view/1699113746,https://alphadentalcenter.com/spartan-dental/,https://www.google.com/maps/place/Spartan+Dental/data=!4m7!3m6!1s0x89e44ec21f74b129:0xb0fd0295da83353d!8m2!3d41.7547918!4d-71.4551252!16s%2Fg%2F1tcvq8pt!19sChIJKbF0H8JO5IkRPTWD2pUC_bA,,,1699113746,,,
B,Steven A Fazzini DMD Inc,Cranston,RI,(410) 943-1412,CHECK,"area code 410 belongs to MD, practice is in RI","Steven Fazzini, DMD",President,,,,,,,,2000 Chapel View Blvd Suite #370,02920,General Dentistry,Practice (organisation),Primary (general),,1,2012,Stale,https://npiregistry.cms.hhs.gov/provider-view/1720108129,,,,,1720108129,,,
B,"Steven Fazzini, DMD",Cranston,RI,(401) 943-1412,VALID,area code matches RI; confirmed by 3 independent sources,"Steven Fazzini, DMD",DMD,,,,,,,https://smartdentalnetwork.com/cranston-dental,2000 Chapel View Blvd Suite #370,02920,General Dentistry,Individual dentist,Primary (general),,1,2012,Stale,https://npiregistry.cms.hhs.gov/provider-view/1982854139,https://smartdentalnetwork.com/cranston-dental,https://www.google.com/maps/place/Cranston+Dental+Associates+%7C+Dentist+in+Cranston+RI+%7C+DMD/data=!4m7!3m6!1s0x89e44fbde1c31911:0x7f22b92673d601a3!8m2!3d41.7735938!4d-71.457807!16s%2Fg%2F11g0s_h1l9!19sChIJERnD4b1P5IkRowHWcya5In8,,,1982854139,,,
B,"Usman Fazli, DMD",Cranston,RI,(401) 943-1981,VALID,area code matches RI; confirmed by 3 independent sources,"Usman Fazli, DMD",DMD,,,,,,,http://www.comcap.org/,1090 Cranston St,02920,General Dentistry,Individual dentist,Primary (general),,1,2007,Stale,https://npiregistry.cms.hhs.gov/provider-view/1497838106,http://www.comcap.org/,https://www.google.com/maps/place/CCAP/data=!4m7!3m6!1s0x89e44f68a88baf05:0x1727cb76d649077e!8m2!3d41.7966931!4d-71.4484097!16s%2Fg%2F1tn027j_!19sChIJBa-LqGhP5IkRfgdJ1nbLJxc,,,1497838106,,,
B,"Kim McKenney, D.M.D.",Cumberland,RI,(401) 723-0350,VALID,area code matches RI; confirmed by 3 independent sources,"Kim McKenney, D.M.D.",D.M.D.,,,,,,,http://www.cumberlandsmile.com/,490 High St,02864,General Dentistry,Individual dentist,Primary (general),,1,2007,Stale,https://npiregistry.cms.hhs.gov/provider-view/1609084474,http://www.cumberlandsmile.com/,https://www.google.com/maps/place/Dental+Associates+of+Cumberland+a+Dental+Wellness+Center/data=!4m7!3m6!1s0x89e442708a69c45b:0x12b8155650947fe9!8m2!3d41.9520318!4d-71.4430364!16s%2Fg%2F1pp2vc_rx!19sChIJW8RpinBC5IkR6X-UUFYVuBI,,,1609084474,,,
B,"Ann Lesinski, DDS",East Greenwich,RI,(401) 474-4540,VALID,area code matches RI,"Ann Lesinski, DDS",DDS,,,,,,,,115 Blueberry Dr,02818,General Dentistry,Individual dentist,Primary (general),,1,2014,Stale,https://npiregistry.cms.hhs.gov/provider-view/1548309461,,,,,1548309461,,,
B,Asciolla Family Dentistry Inc,East Greenwich,RI,(401) 884-5242,VALID,area code matches RI; confirmed by 3 independent sources,Pamela Korus,Office Manager,,,,,,,https://smartdentalnetwork.com/east-greenwhich-family-dental/our-team,880 Main St,02818,General Dentistry,Practice (organisation),Primary (general),,1,2011,Stale,https://npiregistry.cms.hhs.gov/provider-view/1629353552,https://smartdentalnetwork.com/east-greenwhich-family-dental/our-team,https://www.google.com/maps/place/Frank+D%27Amato+DMD+%7C+Dentist+in+East+Greenwich/data=!4m7!3m6!1s0x89e4446a8f345493:0xef613cca50c8c3d5!8m2!3d41.865204!4d-71.4511491!16s%2Fg%2F1tfq5ny5!19sChIJk1Q0j2pE5IkR1cPIUMo8Ye8,,,1629353552,,,
B,"Christopher A Pedorella Dmd, PC",East Greenwich,RI,(401) 884-3110,VALID,area code matches RI; confirmed by 3 independent sources,"Christopher Pedorella, DMD",Dentist,,,,,,,https://sabitonidental.com/,5586 Post Rd,02818,General Dentistry,Practice (organisation),Primary (general),,1,2008,Stale,https://npiregistry.cms.hhs.gov/provider-view/1437394087,https://sabitonidental.com/,"https://www.google.com/maps/place/Sabitoni+Dental+-+Alex+Sabitoni,+DMD/data=!4m7!3m6!1s0x89e5b3ec8de9cf9d:0xc13180ebdb1c8781!8m2!3d41.6425633!4d-71.465706!16s%2Fg%2F11l71ppfxj!19sChIJnc_pjeyz5YkRgYcc2-uAMcE",,,1437394087,,,
B,Kevin P Hagerty DMD PC,East Greenwich,RI,(401) 884-4874,VALID,area code matches RI; confirmed by 3 independent sources,"Kevin Hagerty, DMD",Owner,,,,,,,https://www.egdentist.com/,61 Cedar Ave Unit 5,02818,General Dentistry,Practice (organisation),Primary (general),,1,2009,Stale,https://npiregistry.cms.hhs.gov/provider-view/1518191170,https://www.egdentist.com/,https://www.google.com/maps/place/Premier+Care+Family+Dental+-+East+Greenwich/data=!4m7!3m6!1s0x89e5b34c732b8add:0x4521cce428d73c07!8m2!3d41.650795!4d-71.460154!16s%2Fg%2F1tdh09qq!19sChIJ3Yorc0yz5YkRBzzXKOTMIUU,,,1518191170,,,
B,"Mark Palleschi, D.D.S.",East Greenwich,RI,(401) 885-6460,VALID,area code matches RI; confirmed by 3 independent sources,"Mark Palleschi, D.D.S.",D.D.S.,,,,,,,https://www.cranstoncosmeticdentistry.com/,"1351 S County Trl Building 2, Suite 205",02818,General Dentistry,Individual dentist,Primary (general),,1,2012,Stale,https://npiregistry.cms.hhs.gov/provider-view/1912048067,https://www.cranstoncosmeticdentistry.com/,https://www.google.com/maps/place/Elite+Dentistry+of+Rhode+Island/data=!4m7!3m6!1s0x89e5b5f4ec1f4563:0xa264d090058be2b8!8m2!3d41.6968325!4d-71.5009412!16s%2Fg%2F11tc1lkn8s!19sChIJY0Uf7PS15YkRuOKLBZDQZKI,,,1912048067,,,
B,McManus & Pratt LLP,East Greenwich,RI,(401) 884-2190,VALID,area code matches RI; confirmed by 3 independent sources,"James McManus, DDS",Partner,,,,,,,https://www.prattfamilydentistry.com/,4512 Post Rd,02818,General Dentistry,Practice (organisation),Primary (general),,2,2008,Stale,https://npiregistry.cms.hhs.gov/provider-view/1982874426,https://www.prattfamilydentistry.com/,https://www.google.com/maps/place/Pratt+Family+Dentistry/data=!4m7!3m6!1s0x89e44cc14681e8a5:0x9cede37f3f88dbc3!8m2!3d41.6677415!4d-71.4488682!16s%2Fg%2F1tq6l2jv!19sChIJpeiBRsFM5IkRw9uIP3_j7Zw,,,1982874426,,,
B,"Peter U Wolff, D.m.d., PC",East Greenwich,RI,(401) 884-7300,VALID,area code matches RI; confirmed by 3 independent sources,"Peter Wolff, D.M.D.",President,,,,,,,https://www.rictadvanceddentistry.com/contact-us-frenchtown/,2580 S County Trl,02818,General Dentistry,Practice (organisation),Primary (general),,1,2008,Stale,https://npiregistry.cms.hhs.gov/provider-view/1417105297,https://www.rictadvanceddentistry.com/contact-us-frenchtown/,https://www.google.com/maps/place/Frenchtown+Dental+Associates/data=!4m7!3m6!1s0x89e5b48f29890e79:0xe78e889b888de934!8m2!3d41.6262706!4d-71.4921254!16s%2Fg%2F1tl_mr4c!19sChIJeQ6JKY-05YkRNOmNiJuIjuc,,,1417105297,,,
B,Rhode Island Cosmetic Dentistry,East Greenwich,RI,(401) 885-8808,VALID,area code matches RI; confirmed by 3 independent sources,Jeffrey Mansolillo,Manager Partner,,,,,,,http://rhodeislandcosmeticdentistry.net/,63 Cedar Ave Unit 9,02818,General Dentistry,Practice (organisation),Primary (general),,1,2014,Stale,https://npiregistry.cms.hhs.gov/provider-view/1417377359,http://rhodeislandcosmeticdentistry.net/,"https://www.google.com/maps/place/Rhode+Island+Cosmetic+Dentistry:+Jason+R.+Izzi,+DMD,+Jeffrey+B.Mansolillo+DMD/data=!4m7!3m6!1s0x89e5b34c6e7411fd:0xcd6a2965adfe0937!8m2!3d41.6511521!4d-71.4604739!16s%2Fg%2F11bw_46c24!19sChIJ_RF0bkyz5YkRNwn-rWUpas0",,,1417377359,,,
B,"Rafael Cardenas, DMD",East Providence,RI,(401) 434-4858,VALID,area code matches RI,"Rafael Cardenas, DMD",DMD,,,,,,,,420 Waterman Ave,02914,General Dentistry,Individual dentist,Primary (general),,1,2007,Stale,https://npiregistry.cms.hhs.gov/provider-view/1932257409,,,,,1932257409,,,
B,Ray Rezania,East Providence,RI,(401) 438-0200,VALID,area code matches RI,Ray Rezania,Dentist,,,,,,,,1055 South Broadway,02914,General Dentistry,Individual dentist,Primary (general),,1,2013,Stale,https://npiregistry.cms.hhs.gov/provider-view/1053543405,,,,,1053543405,,,
B,"We Care For Kids Dental, Inc",East Providence,RI,(401) 431-1224,VALID,area code matches RI,Carrie Chadsey,Business Manager,,,,,,,,2224 Pawtucket Ave Unit 2,02914,General Dentistry,Practice (organisation),Primary (general),,1,2012,Stale,https://npiregistry.cms.hhs.gov/provider-view/1982940086,,,,,1982940086,,,
B,"Alan Lichtenfeld, D.D.S.",Johnston,RI,(401) 934-3389,VALID,area code matches RI,"Alan Lichtenfeld, D.D.S.",D.D.S.,,,,,,,,2695 Hartford Ave,02919,General Dentistry,Individual dentist,Primary (general),,1,2007,Stale,https://npiregistry.cms.hhs.gov/provider-view/1205849676,,,,,1205849676,,,
B,"Christina Dicomes, DMD",Johnston,RI,(401) 273-0440,VALID,area code matches RI,"Christina Dicomes, DMD",DMD,,,,,,,,1557 Hartford Ave,02919,General Dentistry,Individual dentist,Primary (general),,1,2007,Stale,https://npiregistry.cms.hhs.gov/provider-view/1922167493,,,,,1922167493,,,
B,Johnston Family Dentistry Inc. Dba Dental Arts Group,Johnston,RI,(401) 521-3661,VALID,area code matches RI; confirmed by 3 independent sources,"David McFarland, D.D.S.",President/ Dentist,,,,,,,http://dentalartsgroupri.com/,1136 Hartford Ave,02919,General Dentistry,Practice (organisation),Primary (general),,2,2008,Stale,https://npiregistry.cms.hhs.gov/provider-view/1528227097,http://dentalartsgroupri.com/,https://www.google.com/maps/place/Dental+Arts+Group/data=!4m7!3m6!1s0x89e44605649d54eb:0xf16618eff6b916a2!8m2!3d41.8222346!4d-71.4871921!16s%2Fg%2F1th29dzb!19sChIJ61SdZAVG5IkRoha59u8YZvE,,,1528227097,,,
B,"Maulik Kotdawala, DMD",Johnston,RI,(401) 943-0400,VALID,area code matches RI,"Maulik Kotdawala, DMD",DMD,,,,,,,,1384 Atwood Ave,02919,General Dentistry,Individual dentist,Primary (general),,1,2009,Stale,https://npiregistry.cms.hhs.gov/provider-view/1265661417,,,,,1265661417,,,
B,Michael A Barry DMD PC,Johnston,RI,(401) 273-4411,VALID,area code matches RI; confirmed by 3 independent sources,"Michael Barry, DMD",Dentist/owner,,,,,,,https://smartdentalnetwork.com/johnston-dental,1524 Atwood Ave Ste 438,02919,General Dentistry,Practice (organisation),Primary (general),,1,2010,Stale,https://npiregistry.cms.hhs.gov/provider-view/1811216617,https://smartdentalnetwork.com/johnston-dental,https://www.google.com/maps/place/Johnston+Dental+Group+%7C+Dentists+in+Johnston+RI+%7C+DMD/data=!4m7!3m6!1s0x89e4463d8192bf6d:0x7e1878ba0fbf2b01!8m2!3d41.8278852!4d-71.5025703!16s%2Fg%2F1tdyxcrc!19sChIJbb-SgT1G5IkRASu_D7p4GH4,,,1811216617,,,
B,"Stephen Thomas, DDS",Johnston,RI,(401) 519-1940,VALID,area code matches RI,"Stephen Thomas, DDS",DDS,,,,,,,,1126 Hartford Avenue,02919,General Dentistry,Individual dentist,Primary (general),,1,2010,Stale,https://npiregistry.cms.hhs.gov/provider-view/1437171790,,,,,1437171790,,,
B,"Susanne Lavoie, DDS",Johnston,RI,(401) 228-7550,VALID,area code matches RI,"Susanne Lavoie, DDS",DDS,,,,,,,,1481 Atwood Ave Suite #3,02919,General Dentistry,Individual dentist,Primary (general),,1,2012,Stale,https://npiregistry.cms.hhs.gov/provider-view/1982716064,,,,,1982716064,,,
B,Drs. Ward And Vaudry,Lincoln,RI,(401) 333-1554,VALID,area code matches RI; confirmed by 3 independent sources,"Lynne Ward, DDS",Partner,,,,,,,http://www.wardandvaudry.com/,132 Old River Rd Suite 204,02865,General Dentistry,Practice (organisation),Primary (general),,1,2010,Stale,https://npiregistry.cms.hhs.gov/provider-view/1801091137,http://www.wardandvaudry.com/,https://www.google.com/maps/place/Drs.+Ward+%26+Vaudry+Family+Dentist/data=!4m7!3m6!1s0x89e44247158ff7a5:0xc5e5b0eb32d0f743!8m2!3d41.9351119!4d-71.4517898!16s%2Fg%2F1tjt2z6j!19sChIJpfePFUdC5IkRQ_fQMuuw5cU,,,1801091137,,,
B,"Ernesto Piedra, D.D.S.",Lincoln,RI,(401) 727-2460,VALID,area code matches RI; confirmed by 2 independent sources,"Ernesto Piedra, D.D.S.",D.D.S.,,,,,,,,12 Breakneck Hill Rd Suite 101,02865,General Dentistry,Individual dentist,Primary (general),,1,2007,Stale,https://npiregistry.cms.hhs.gov/provider-view/1174571897,,https://www.google.com/maps/place/Piedra+Ernesto+a+DDS/data=!4m7!3m6!1s0x89e443bdee7aacb7:0x422de39a14c53401!8m2!3d41.902943!4d-71.44668!16s%2Fg%2F1tggpngr!19sChIJt6x67r1D5IkRATTFFJrjLUI,,,1174571897,,,
B,"Stephen J Sowa, DMD",Lincoln,RI,(401) 333-5500,VALID,area code matches RI; confirmed by 3 independent sources,"Stephen Sowa, DMD",Owner,,,,,,,https://www.lincolndentalassociatesri.com/,6 Blackstone Valley Pl Suite 306A,02865,General Dentistry,Practice (organisation),Primary (general),,1,2014,Stale,https://npiregistry.cms.hhs.gov/provider-view/1285033894,https://www.lincolndentalassociatesri.com/,https://www.google.com/maps/place/Lincoln+Dental+Associates:+Mark+Paolucci+DMD/data=!4m7!3m6!1s0x89e442393cb19e57:0x35b2e62f34bafb06!8m2!3d41.9355132!4d-71.4554603!16s%2Fg%2F1wj_v8tv!19sChIJV56xPDlC5IkRBvu6NC_msjU,,,1285033894,,,
B,"Sviatoslav Kryschuk, D.D.S.",Lincoln,RI,(401) 726-6160,VALID,area code matches RI; confirmed by 2 independent sources,"Sviatoslav Kryschuk, D.D.S.",D.D.S.,,,,,,,,12 Breakneck Hill Rd,02865,General Dentistry,Individual dentist,Primary (general),,1,2013,Stale,https://npiregistry.cms.hhs.gov/provider-view/1740612928,,"https://www.google.com/maps/place/Sviatoslav+Kryschuk,+DDS/data=!4m7!3m6!1s0x89e443bdee7aacb7:0xfd6bafc92990d73d!8m2!3d41.902943!4d-71.44668!16s%2Fg%2F1tjmfp2s!19sChIJt6x67r1D5IkRPdeQKcmva_0",,,1740612928,,,
B,"Alan Feinberg, D.M.D.",Newport,RI,(401) 849-3932,VALID,area code matches RI,"Alan Feinberg, D.M.D.",D.M.D.,,,,,,,,425 Gibbs Ave,02840,General Dentistry,Individual dentist,Primary (general),,1,2007,Stale,https://npiregistry.cms.hhs.gov/provider-view/1003893181,,,,,1003893181,,,
B,"Donald Occaso, DMD",Newport,RI,(401) 846-4800,VALID,area code matches RI,"Donald Occaso, DMD",DMD,,,,,,,,292 Broadway,02840,General Dentistry,Individual dentist,Primary (general),,1,2007,Stale,https://npiregistry.cms.hhs.gov/provider-view/1649488354,,,,,1649488354,,,
B,"Ernest Violet, DMD",Newport,RI,(401) 847-4040,VALID,area code matches RI,"Ernest Violet, DMD",DMD,,,,,,,,65 Touro St,02840,General Dentistry,Individual dentist,Primary (general),,1,2007,Stale,https://npiregistry.cms.hhs.gov/provider-view/1487746061,,,,,1487746061,,,
B,"John Costello, D.M.D.",Newport,RI,(401) 849-8433,VALID,area code matches RI,"John Costello, D.M.D.",D.M.D.,,,,,,,,400 Broadway,02840,General Dentistry,Individual dentist,Primary (general),,1,2008,Stale,https://npiregistry.cms.hhs.gov/provider-view/1093969834,,,,,1093969834,,,
B,"Matthew Breede, DDS",Newport,RI,(401) 847-7662,VALID,area code matches RI,"Matthew Breede, DDS",DDS,,,,,,,,11 Catherine St,02840,General Dentistry,Individual dentist,Primary (general),,1,2007,Stale,https://npiregistry.cms.hhs.gov/provider-view/1134281017,,,,,1134281017,,,
B,"Neil Rosenberg, DDS",Newport,RI,(401) 849-2080,VALID,area code matches RI,"Neil Rosenberg, DDS",DDS,,,,,,,,172 Bellevue Ave Suite 218,02840,General Dentistry,Individual dentist,Primary (general),,1,2007,Stale,https://npiregistry.cms.hhs.gov/provider-view/1912918780,,,,,1912918780,,,
B,"Sara Phillips, D.D.S.",Newport,RI,(401) 848-6697,VALID,area code matches RI,"Sara Phillips, D.D.S.",D.D.S.,,,,,,,,19 Broadway,02840,General Dentistry,Individual dentist,Primary (general),,1,2014,Stale,https://npiregistry.cms.hhs.gov/provider-view/1689074916,,,,,1689074916,,,
B,"Stacey Jacobs, DMD",Newport,RI,(401) 845-0564,VALID,area code matches RI,"Stacey Jacobs, DMD",DMD,,,,,,,,19 Broadway,02840,General Dentistry,Individual dentist,Primary (general),,1,2011,Stale,https://npiregistry.cms.hhs.gov/provider-view/1881611390,,,,,1881611390,,,
B,"Tom Pagonis, D.D.S., M.S.",Newport,RI,(401) 846-5060,VALID,area code matches RI,"Tom Pagonis, D.D.S., M.S.","D.d.s., M.S.",,,,,,,,73 Memorial Blvd,02840,General Dentistry,Individual dentist,Primary (general),,1,2008,Stale,https://npiregistry.cms.hhs.gov/provider-view/1114196896,,,,,1114196896,,,
B,"Capalbo Dental Group Of Wickford, LLC",North Kingstown,RI,(401) 295-1992,VALID,area code matches RI; confirmed by 3 independent sources,"Michael Capalbo, DMD",Owner,,,,,,,https://smartdentalnetwork.com/capalbo-dental-wickford,29 Updike Ave,02852,General Dentistry,Practice (organisation),Primary (general),,1,2012,Stale,https://npiregistry.cms.hhs.gov/provider-view/1801130208,https://smartdentalnetwork.com/capalbo-dental-wickford,https://www.google.com/maps/place/Capalbo+Dental+of+Wickford+%7C+Dentist+in+Wickford+RI+%7C+DMD/data=!4m7!3m6!1s0x89e5b167d65a0dbb:0xf5cfd88c3fec5dce!8m2!3d41.5661125!4d-71.4511489!16s%2Fg%2F1hjgqtdl0!19sChIJuw1a1mex5YkRzl3sP4zYz_U,,,1801130208,,,
B,"James Hosmer, DMD",North Kingstown,RI,(401) 294-9353,VALID,area code matches RI,"James Hosmer, DMD",DMD,,,,,,,,130 Tower Hill Rd,02852,General Dentistry,Individual dentist,Primary (general),,1,2007,Stale,https://npiregistry.cms.hhs.gov/provider-view/1679581615,,,,,1679581615,,,
B,"John Verbeyst, DMD",North Kingstown,RI,(401) 295-5511,VALID,area code matches RI; confirmed by 3 independent sources,"John Verbeyst, DMD",Dentist/owner,,,,,,,https://www.aestheticdentistryofwickford.com/,1051 Ten Rod Rd Unit # 5,02852,General Dentistry,Practice (organisation),Primary (general),,1,2012,Stale,https://npiregistry.cms.hhs.gov/provider-view/1578818886,https://www.aestheticdentistryofwickford.com/,https://www.google.com/maps/place/Aesthetic+Dentistry+of+Wickford/data=!4m7!3m6!1s0x89e5b41df8af23dd:0x1a7d4d167a62322e!8m2!3d41.5830479!4d-71.4947701!16s%2Fg%2F1tdyrtlk!19sChIJ3SOv-B205YkRLjJiehZNfRo,,,1578818886,,,
B,"Liza Ward, D.D.S.",North Kingstown,RI,(401) 885-2260,VALID,area code matches RI,"Liza Ward, D.D.S.",D.D.S.,,,,,,,,6749 Post Rd,02852,General Dentistry,Individual dentist,Primary (general),,1,2007,Stale,https://npiregistry.cms.hhs.gov/provider-view/1033270277,,,,,1033270277,,,
B,"Megan Catallozzi, DDS",North Kingstown,RI,(401) 295-8806,VALID,area code matches RI; confirmed by 3 independent sources,"Megan Catallozzi, DDS",DDS,,,,,,,http://wickforddental.com/,320 Phillips St Unit 104,02852,General Dentistry,Individual dentist,Primary (general),,1,2012,Stale,https://npiregistry.cms.hhs.gov/provider-view/1013267715,http://wickforddental.com/,https://www.google.com/maps/place/Wickford+Dental+Associates/data=!4m7!3m6!1s0x89e5b15e97e62373:0xe4258615a5803d45!8m2!3d41.565747!4d-71.4629735!16s%2Fg%2F1thd7pyt!19sChIJcyPml16x5YkRRT2ApRWGJeQ,,,1013267715,,,
B,"Melissa Graswald, DMD",North Kingstown,RI,(401) 295-9706,VALID,area code matches RI; confirmed by 3 independent sources,"Melissa Graswald, DMD",DMD,,,,,,,https://welloneri.org/,308 Callahan Rd,02852,General Dentistry,Individual dentist,Primary (general),,1,2011,Stale,https://npiregistry.cms.hhs.gov/provider-view/1235453473,https://welloneri.org/,https://www.google.com/maps/place/WellOne/data=!4m7!3m6!1s0x89e5b3b08f50d45d:0x38e73cd81bb117ba!8m2!3d41.6002352!4d-71.4410628!16s%2Fg%2F1tftgbcs!19sChIJXdRQj7Cz5YkRuhexG9g85zg,,,1235453473,,,
B,"Anita Vasvani, DMD",Pawtucket,RI,(401) 722-6064,VALID,area code matches RI,"Anita Vasvani, DMD",DMD,,,,,,,,140 Newport Ave,02861,General Dentistry,Individual dentist,Primary (general),,1,2007,Stale,https://npiregistry.cms.hhs.gov/provider-view/1356359293,,,,,1356359293,,,
B,Dental Group Of Pawtucket,Pawtucket,RI,(401) 722-3344,VALID,area code matches RI; confirmed by 2 independent sources,"Raj Dulala, B.D.S., D.M.D.",Owner,,,,,,,,1571 Newport Ave Suite 2,02861,General Dentistry,Practice (organisation),Primary (general),,1,2008,Stale,https://npiregistry.cms.hhs.gov/provider-view/1740451509,,https://www.google.com/maps/place/DMD+Dental+Center/data=!4m7!3m6!1s0x89e45ce8bc2a2d61:0x6bc24b9af6bba14d!8m2!3d41.8955543!4d-71.3540538!16s%2Fg%2F1x5fccsl!19sChIJYS0qvOhc5IkRTaG79ppLwms,,,1740451509,,,
B,"Dimitri G Gamim, DDS",Pawtucket,RI,(401) 725-6140,VALID,area code matches RI; confirmed by 3 independent sources,Dimitri Ganim,Owner/dentist,,,,,,,http://www.drganim.com/,878 Newport Ave,02861,General Dentistry,Practice (organisation),Primary (general),,1,2009,Stale,https://npiregistry.cms.hhs.gov/provider-view/1447491881,http://www.drganim.com/,"https://www.google.com/maps/place/Dr.+Dimitri+G.+Ganim,+DDS/data=!4m7!3m6!1s0x89e45c96e117b023:0x64c5350da09ebd97!8m2!3d41.8797795!4d-71.354491!16s%2Fg%2F1xn_pdfr!19sChIJI7AX4ZZc5IkRl72eoA01xWQ",,,1447491881,,,
B,"Eglantina Kica, D.M.D.",Pawtucket,RI,(401) 725-0555,VALID,area code matches RI; confirmed by 2 independent sources,"Eglantina Kica, D.M.D.",D.M.D.,,,,,,,,388 Armistice Blvd,02861,General Dentistry,Individual dentist,Primary (general),,1,2007,Stale,https://npiregistry.cms.hhs.gov/provider-view/1700941499,,https://www.google.com/maps/place/Kica+Eglantina+DMD/data=!4m7!3m6!1s0x89e45cbd6cae2a03:0xdb52da5e226f9ab0!8m2!3d41.8798373!4d-71.3601985!16s%2Fg%2F1tfq5n_7!19sChIJAyqubL1c5IkRsJpvIl7aUts,,,1700941499,,,
B,"Gerard Belhumeur, DDS",Pawtucket,RI,(401) 726-0277,VALID,area code matches RI; confirmed by 3 independent sources,"Gerard Belhumeur, DDS",DDS,,,,,,,http://www.drbelhumeur.com/,629 Central Ave,02861,General Dentistry,Individual dentist,Primary (general),,1,2007,Stale,https://npiregistry.cms.hhs.gov/provider-view/1043231541,http://www.drbelhumeur.com/,"https://www.google.com/maps/place/Dr.+Gerard+A.+Belhumeur,+DDS/data=!4m7!3m6!1s0x89e45c95580a91b9:0xbeb6404f6475f61f!8m2!3d41.886626!4d-71.358647!16s%2Fg%2F1vlk2l0_!19sChIJuZEKWJVc5IkRH_Z1ZE9Atr4",,,1043231541,,,
B,"H M Vincent, D.m.d., LLC",Pawtucket,RI,(401) 728-1706,VALID,area code matches RI; confirmed by 3 independent sources,"Howard Vincent, DMD",CEO,,,,,,,https://www.hmvincentdmd.com/,719 Armistice Blvd,02861,General Dentistry,Practice (organisation),Primary (general),,1,2014,Stale,https://npiregistry.cms.hhs.gov/provider-view/1982726139,https://www.hmvincentdmd.com/,"https://www.google.com/maps/place/H.+M.+Vincent,+D.M.D.+LLC/data=!4m7!3m6!1s0x89e45c8f94ac6d47:0x76adec871b166297!8m2!3d41.8765784!4d-71.3458389!16s%2Fg%2F1tgc0t10!19sChIJR22slI9c5IkRl2IWG4fsrXY",,,1982726139,,,
B,"John Verbeyst, DMD",Pawtucket,RI,(401) 723-1081,VALID,area code matches RI,"John Verbeyst, DMD",DMD,,,,,,,,407 Smithfield Ave,02860,General Dentistry,Individual dentist,Primary (general),,1,2007,Stale,https://npiregistry.cms.hhs.gov/provider-view/1861585333,,,,,1861585333,,,
B,"Lalita Bhattacharya, DMD",Pawtucket,RI,(401) 729-5239,VALID,area code matches RI; confirmed by 3 independent sources,"Lalita Bhattacharya, DMD",DMD,,,,,,,https://www.bvchc.org/our-services/delta-dental-clinic,42 Park Place,02860,General Dentistry,Individual dentist,Primary (general),,1,2010,Stale,https://npiregistry.cms.hhs.gov/provider-view/1154453298,https://www.bvchc.org/our-services/delta-dental-clinic,https://www.google.com/maps/place/The+Delta+Dental+Clinic+at+Blackstone+Valley+Community+Health+Care/data=!4m7!3m6!1s0x89e4435484ce3af5:0xb9ce4856053f5!8m2!3d41.8771085!4d-71.3844984!16s%2Fg%2F11dd_kydq7!19sChIJ9TrOhFRD5IkR9VNgheScCwA,,,1154453298,,,
B,Lindsay Ciombor Brislin,Pawtucket,RI,(401) 726-1772,VALID,area code matches RI; confirmed by 3 independent sources,Lindsay Ciombor,Dentist,,,,,,,https://www.lindsaybrislindentistry.com/,536 Central Ave,02861,General Dentistry,Practice (organisation),Primary (general),,2,2011,Stale,https://npiregistry.cms.hhs.gov/provider-view/1407124894,https://www.lindsaybrislindentistry.com/,https://www.google.com/maps/place/Lindsay+Brislin+Dentistry/data=!4m7!3m6!1s0x89e45cbf03629bb3:0x86a7f5f46d03b0!8m2!3d41.8862065!4d-71.3621649!16s%2Fg%2F1tg9jl0h!19sChIJs5tiA79c5IkRsANt9PWnhgA,,,1407124894,,,
B,"Paul Roque, D.D.S.",Pawtucket,RI,(401) 722-3757,VALID,area code matches RI; confirmed by 3 independent sources,"Paul Roque, D.D.S.",D.D.S.,,,,,,,http://www.paulroquedds.com/,642 Newport Ave,02861,General Dentistry,Individual dentist,Primary (general),,1,2007,Stale,https://npiregistry.cms.hhs.gov/provider-view/1114076817,http://www.paulroquedds.com/,https://www.google.com/maps/place/Roque+Paul+G+DDS/data=!4m7!3m6!1s0x89e45c9913d0c0ef:0x213c2d7edf939893!8m2!3d41.8740383!4d-71.3545692!16s%2Fg%2F1tf7nl77!19sChIJ78DQE5lc5IkRk5iT334tPCE,,,1114076817,,,
B,"Pedro Teixeira, D.D.S.",Pawtucket,RI,(401) 727-1850,VALID,area code matches RI; confirmed by 2 independent sources,"Pedro Teixeira, D.D.S.",D.D.S.,,,,,,,,176 Newport Ave,02861,General Dentistry,Individual dentist,Primary (general),,1,2007,Stale,https://npiregistry.cms.hhs.gov/provider-view/1891846374,,"https://www.google.com/maps/place/Dr.+Pedro+L.+Teixeira+Sr,+DDS/data=!4m7!3m6!1s0x89e45b6139104ee9:0x4c992325339e08cb!8m2!3d41.8633428!4d-71.3546567!16s%2Fg%2F1v5k40_l!19sChIJ6U4QOWFb5IkRywieMyUjmUw",,,1891846374,,,
B,"Philip Calabro, DMD",Pawtucket,RI,(401) 726-5600,VALID,area code matches RI; confirmed by 2 independent sources,"Philip Calabro, DMD",DMD,,,,,,,,500 Newport Ave,02861,General Dentistry,Individual dentist,Primary (general),,1,2007,Stale,https://npiregistry.cms.hhs.gov/provider-view/1942391297,,https://www.google.com/maps/place/Calabro+Philip+J+DDS/data=!4m7!3m6!1s0x89e45c9eee70cf85:0xf83fc22d10d4907d!8m2!3d41.8707357!4d-71.3546187!16s%2Fg%2F1tdnxy56!19sChIJhc9w7p5c5IkRfZDUEC3CP_g,,,1942391297,,,
B,"Russell S Chin, Dds, Lts",Pawtucket,RI,(401) 728-1450,VALID,area code matches RI; confirmed by 3 independent sources,Russell Chin,Dentist,,,,,,,http://www.brightdents.org/,1288 Newport Ave,02861,General Dentistry,Practice (organisation),Primary (general),,1,2008,Stale,https://npiregistry.cms.hhs.gov/provider-view/1003905233,http://www.brightdents.org/,https://www.google.com/maps/place/Bright+Dents/data=!4m7!3m6!1s0x89e45ceba077e0fd:0xc1302d77e4da6ade!8m2!3d41.8891848!4d-71.3543534!16s%2Fg%2F1tff8mpw!19sChIJ_eB3oOtc5IkR3mra5HctMME,,,1003905233,,,
B,The Family Dentist,Pawtucket,RI,(401) 728-6654,VALID,area code matches RI; confirmed by 2 independent sources,"Michael Wagner, DDS",President,,,,,,,,480 Broadway,02860,General Dentistry,Practice (organisation),Primary (general),,1,2008,Stale,https://npiregistry.cms.hhs.gov/provider-view/1013164920,,"https://www.google.com/maps/place/Dr.+Michele+Gendron+Siler,+DDS/data=!4m7!3m6!1s0x89e45cb6bdc17ded:0x5180bf6fd16d444!8m2!3d41.886621!4d-71.3754835!16s%2Fg%2F1td1fffj!19sChIJ7X3BvbZc5IkRRNQW_fYLGAU",,,1013164920,,,
B,"Yanli Ding, DDS",Pawtucket,RI,(401) 729-0080,VALID,area code matches RI,"Yanli Ding, DDS",DDS,,,,,,,,42 Park Pl,02860,General Dentistry,Individual dentist,Primary (general),,1,2007,Stale,https://npiregistry.cms.hhs.gov/provider-view/1700993730,,,,,1700993730,,,
B,"Bonnie Zimble, D.M.D.",Providence,RI,(401) 444-5284,VALID,area code matches RI; confirmed by 3 independent sources,"Bonnie Zimble, D.M.D.",D.M.D.,,,,,,,https://www.brownhealth.org/centers-services/samuels-sinclair-dental-center,593 Eddy St Samuels Dental,02903,General Dentistry,Individual dentist,Primary (general),,1,2014,Stale,https://npiregistry.cms.hhs.gov/provider-view/1821169400,https://www.brownhealth.org/centers-services/samuels-sinclair-dental-center,https://www.google.com/maps/place/Samuels+Sinclair+Dental+Center/data=!4m7!3m6!1s0x89e44569c748c7bb:0xeac3dd0c05279ca7!8m2!3d41.8125008!4d-71.4075205!16s%2Fg%2F1264d8dch!19sChIJu8dIx2lF5IkRp5wnBQzdw-o,,,1821169400,,,
B,"Caress Dental, Inc.",Providence,RI,(401) 272-1238,VALID,area code matches RI; confirmed by 2 independent sources,Elizeu Lima,President,,,,,,,,909 N Main St,02904,General Dentistry,Practice (organisation),Primary (general),,1,2014,Stale,https://npiregistry.cms.hhs.gov/provider-view/1174939599,,"https://www.google.com/maps/place/Dr.+Elizeu+S.+Lima,+DMD/data=!4m7!3m6!1s0x89e444dd7abe348b:0x3251d1af51cd8144!8m2!3d41.8454788!4d-71.4055411!16s%2Fg%2F1vzqt86g!19sChIJizS-et1E5IkRRIHNUa_RUTI",,,1174939599,,,
B,"Carl Cotoia, D.D.S.",Providence,RI,(401) 831-8998,VALID,area code matches RI; confirmed by 3 independent sources,"Carl Cotoia, D.D.S.",D.D.S.,,,,,,,http://www.carlcotoiadds.com/,183 Waterman St,02906,General Dentistry,Individual dentist,Primary (general),,1,2007,Stale,https://npiregistry.cms.hhs.gov/provider-view/1578609855,http://www.carlcotoiadds.com/,https://www.google.com/maps/place/Carl+M+Cotoia+DDS/data=!4m7!3m6!1s0x89e4452fbcafbc0b:0xd3149c3eebc9b284!8m2!3d41.8277337!4d-71.3925221!16s%2Fg%2F1tlbvqzz!19sChIJC7yvvC9F5IkRhLLJ6z6cFNM,,,1578609855,,,
B,"Carmel Absi, DDS",Providence,RI,(401) 331-0755,VALID,area code matches RI,"Carmel Absi, DDS",DDS,,,,,,,,3 Regency Plz,02903,General Dentistry,Individual dentist,Primary (general),,1,2012,Stale,https://npiregistry.cms.hhs.gov/provider-view/1336492149,,,,,1336492149,,,
B,Cghe Dental LLC,Providence,RI,(401) 351-3090,VALID,area code matches RI,"Kristofer Haggarty, DMD",Member,,,,,,,,1196 Smith St,02908,General Dentistry,Practice (organisation),Primary (general),,1,2011,Stale,https://npiregistry.cms.hhs.gov/provider-view/1750680435,,,,,1750680435,,,
B,"Champagne And Light, Dmds, LLC",Providence,RI,(401) 351-0072,VALID,area code matches RI; confirmed by 3 independent sources,"Gary Light, D.M.D.",Principal,,,,,,,http://www.pvddentalgroup.com/,189 Waterman St,02906,General Dentistry,Practice (organisation),Primary (general),,1,2008,Stale,https://npiregistry.cms.hhs.gov/provider-view/1548439417,http://www.pvddentalgroup.com/,"https://www.google.com/maps/place/Drs+Conforti+,+and+Napolitano+DMD%2FDDS/data=!4m7!3m6!1s0x89e4452fafa889df:0x685efc4f663cdf91!8m2!3d41.8278339!4d-71.391968!16s%2Fg%2F1xtf2l9f!19sChIJ34mory9F5IkRkd88Zk_8Xmg",,,1548439417,,,
B,Comfort Dental,Providence,RI,(401) 781-5151,VALID,area code matches RI; confirmed by 3 independent sources,"Lizbeth Rivera, BM",Business Member,,,,,,,https://ricomfortdental.com/,1482 Broad St,02905,General Dentistry,Practice (organisation),Primary (general),,1,2008,Stale,https://npiregistry.cms.hhs.gov/provider-view/1821248964,https://ricomfortdental.com/,https://www.google.com/maps/place/Comfort+Dental/data=!4m7!3m6!1s0x89e44fec4b7dbc4f:0x4eff4fbaae151648!8m2!3d41.7871981!4d-71.4021087!16s%2Fg%2F1tj4zqqh!19sChIJT7x9S-xP5IkRSBYVrrpP_04,,,1821248964,,,
B,"Deborah Fuller, DMD",Providence,RI,(401) 456-3000,VALID,area code matches RI,"Deborah Fuller, DMD",DMD,,,,,,,,21 Peace St,02907,General Dentistry,Individual dentist,Primary (general),,1,2008,Stale,https://npiregistry.cms.hhs.gov/provider-view/1578748125,,,,,1578748125,,,
B,"Elizabeth Benz, DMD",Providence,RI,(401) 444-7195,VALID,area code matches RI,"Elizabeth Benz, DMD",DMD,,,,,,,,593 Eddy St,02903,General Dentistry,Individual dentist,Primary (general),,1,2011,Stale,https://npiregistry.cms.hhs.gov/provider-view/1760779516,,,,,1760779516,,,
B,"Elliot Chiu, DMD",Providence,RI,(401) 456-4441,VALID,area code matches RI,"Elliot Chiu, DMD",DMD,,,,,,,,21 Peace St St Joseph Pedi. Dental,02907,General Dentistry,Individual dentist,Primary (general),,1,2011,Stale,https://npiregistry.cms.hhs.gov/provider-view/1063790954,,,,,1063790954,,,
B,"Jean Arthur, DDS",Providence,RI,(401) 862-6032,VALID,area code matches RI,"Jean Arthur, DDS",DDS,,,,,,,,372 Ives St,02906,General Dentistry,Individual dentist,Primary (general),,1,2007,Stale,https://npiregistry.cms.hhs.gov/provider-view/1841408143,,,,,1841408143,,,
B,"Lee Whitney, DMD",Providence,RI,(401) 831-0557,VALID,area code matches RI,"Lee Whitney, DMD",DMD,,,,,,,,261 Academy Ave,02908,General Dentistry,Individual dentist,Primary (general),,1,2007,Stale,https://npiregistry.cms.hhs.gov/provider-view/1225184559,,,,,1225184559,,,
B,"Martin Hanoian, DMD",Providence,RI,(401) 421-0054,VALID,area code matches RI,"Martin Hanoian, DMD",DMD,,,,,,,,595 Hope St,02906,General Dentistry,Individual dentist,Primary (general),,1,2007,Stale,https://npiregistry.cms.hhs.gov/provider-view/1457496465,,,,,1457496465,,,
B,"Norman Seggel, DDS",Providence,RI,(401) 273-8430,VALID,area code matches RI,"Norman Seggel, DDS",DDS,,,,,,,,535 South Main Street,02903,General Dentistry,Individual dentist,Primary (general),,1,2007,Stale,https://npiregistry.cms.hhs.gov/provider-view/1366531899,,,,,1366531899,,,
B,Paolucci Family Dentist,Providence,RI,(401) 521-5528,VALID,area code matches RI; confirmed by 3 independent sources,"Anthony Paolucci, DMD",Dentist,,,,,,,https://www.paoluccifamilydentists.com/,931 Smith St,02908,General Dentistry,Practice (organisation),Primary (general),,1,2012,Stale,https://npiregistry.cms.hhs.gov/provider-view/1205936564,https://www.paoluccifamilydentists.com/,https://www.google.com/maps/place/Paolucci+Family+Dentists/data=!4m7!3m6!1s0x89e445ad7ff0a557:0x91f00a27255efa9!8m2!3d41.8369404!4d-71.4105499!16s%2Fg%2F1tgcbjjp!19sChIJV6Xwf61F5IkRqe9VcqIAHwk,,,1205936564,,,
B,"Philip Barr, DDS",Providence,RI,(401) 351-1295,VALID,area code matches RI; confirmed by 3 independent sources,"Philip Barr, DDS",DDS,,,,,,,https://burtonfamilydental.com/,247 S Main St,02903,General Dentistry,Individual dentist,Primary (general),,1,2007,Stale,https://npiregistry.cms.hhs.gov/provider-view/1831272814,https://burtonfamilydental.com/,https://www.google.com/maps/place/Burton+Family+Dental/data=!4m7!3m6!1s0x89e4453e107e8bb5:0x708d44422e87ab48!8m2!3d41.822578!4d-71.4054256!16s%2Fg%2F1tggvjq5!19sChIJtYt-ED5F5IkRSKuHLkJEjXA,,,1831272814,,,
B,"Reynaldo Baduya, D.M.D",Providence,RI,(401) 941-2600,VALID,area code matches RI,"Reynaldo Baduya, D.M.D",D.m.d,,,,,,,,252 Adelaide Ave,02907,General Dentistry,Individual dentist,Primary (general),,1,2007,Stale,https://npiregistry.cms.hhs.gov/provider-view/1356409247,,,,,1356409247,,,
B,"Sathyabala Velusamy, DMD",Providence,RI,(857) 272-8127,CHECK,"area code 857 belongs to MA, practice is in RI","Sathyabala Velusamy, DMD",DMD,,,,,,,,252 Adelaide Ave,02907,General Dentistry,Individual dentist,Primary (general),,1,2010,Stale,https://npiregistry.cms.hhs.gov/provider-view/1477718823,,,,,1477718823,,,
B,"Shirley Spater Freedman, DMD MPH",Providence,RI,(401) 444-5995,VALID,area code matches RI,"Shirley Spater Freedman, DMD MPH",DMD Mph,,,,,,,,593 Eddy Street Samuels Sinclair Dental Center At Rih,02903,General Dentistry,Individual dentist,Primary (general),,1,2007,Stale,https://npiregistry.cms.hhs.gov/provider-view/1649322736,,,,,1649322736,,,
B,"Wendy Wu, D.D.S.",Providence,RI,(401) 331-9220,VALID,area code matches RI,"Wendy Wu, D.D.S.",D.D.S.,,,,,,,,941 Hope St,02906,General Dentistry,Individual dentist,Primary (general),,1,2007,Stale,https://npiregistry.cms.hhs.gov/provider-view/1376617761,,,,,1376617761,,,
B,"Robin Rawlinson, D.M.D.",Riverside,RI,(401) 434-1334,VALID,area code matches RI,"Robin Rawlinson, D.M.D.",D.M.D.,,,,,,,,2861 Pawtucket Ave,02915,General Dentistry,Individual dentist,Primary (general),,1,2007,Stale,https://npiregistry.cms.hhs.gov/provider-view/1356542773,,,,,1356542773,,,
B,Atwill Conroy Smithfield,Smithfield,RI,(401) 231-7390,VALID,area code matches RI,"Kristofer Haggarty, DMD",Manager,,,,,,,,1 Thurber Blvd,02917,General Dentistry,Practice (organisation),Primary (general),,1,2014,Stale,https://npiregistry.cms.hhs.gov/provider-view/1104236728,,,,,1104236728,,,
B,"Christopher Napolitano, D.D.S.",Smithfield,RI,(401) 349-3850,VALID,area code matches RI,"Christopher Napolitano, D.D.S.",D.D.S.,,,,,,,,37 Thurber Blvd Building B,02917,General Dentistry,Individual dentist,Primary (general),,1,2009,Stale,https://npiregistry.cms.hhs.gov/provider-view/1598996688,,,,,1598996688,,,
B,David Gremza,Smithfield,RI,(401) 949-1099,VALID,area code matches RI; confirmed by 3 independent sources,David Gremza,Dentist,,,,,,,http://www.gremzasmile.com/,29 Sanderson Rd,02917,General Dentistry,Individual dentist,Primary (general),,1,2007,Stale,https://npiregistry.cms.hhs.gov/provider-view/1700902061,http://www.gremzasmile.com/,https://www.google.com/maps/place/Gremza+David+DDS/data=!4m7!3m6!1s0x89e44704991c0e77:0x811e3890a6bf9578!8m2!3d41.8666181!4d-71.5317942!16s%2Fg%2F1tj8bfmk!19sChIJdw4cmQRH5IkReJW_ppA4HoE,,,1700902061,,,
B,"Phillip Barner, D.D.S.",Smithfield,RI,(401) 233-3350,VALID,area code matches RI; confirmed by 3 independent sources,"Phillip Barner, D.D.S.",D.D.S.,,,,,,,http://www.barnerdentistry.com/,550 Douglas Pike,02917,General Dentistry,Individual dentist,Primary (general),,1,2007,Stale,https://npiregistry.cms.hhs.gov/provider-view/1730212887,http://www.barnerdentistry.com/,"https://www.google.com/maps/place/Dr.+Gregory+Barner,+DMD/data=!4m7!3m6!1s0x89e44149ec36a213:0xd8ad1841d29391b5!8m2!3d41.8974396!4d-71.4998361!16s%2Fg%2F1hc1nk1h7!19sChIJE6I27ElB5IkRtZGT0kEYrdg",,,1730212887,,,
B,"Michelle Daniels, DMD",Warren,RI,(401) 245-6131,VALID,area code matches RI,"Michelle Daniels, DMD",DMD,,,,,,,,38 State St,02885,General Dentistry,Individual dentist,Primary (general),,1,2012,Stale,https://npiregistry.cms.hhs.gov/provider-view/1205021540,,,,,1205021540,,,
B,"Anna Pavlotsky, D.M.D.",Warwick,RI,(401) 785-0202,VALID,area code matches RI; confirmed by 3 independent sources,"Anna Pavlotsky, D.M.D.",D.M.D.,,,,,,,https://annapavlotskydmd.wixsite.com/anna,1025 Warwick Ave,02888,General Dentistry,Individual dentist,Primary (general),,1,2007,Stale,https://npiregistry.cms.hhs.gov/provider-view/1306058649,https://annapavlotskydmd.wixsite.com/anna,https://www.google.com/maps/place/Anna+Pavlotsky+D.M.D/data=!4m7!3m6!1s0x89e44e3891076659:0xaf118526e1e1d21!8m2!3d41.7479927!4d-71.4052458!16s%2Fg%2F1v27wj1v!19sChIJWWYHkThO5IkRIR0eblIY8Qo,,,1306058649,,,
B,"Christopher Dunn, D.M.D",Warwick,RI,(401) 739-5700,VALID,area code matches RI; confirmed by 3 independent sources,"Christopher Dunn, D.M.D",D.m.d,,,,,,,http://www.dctdental.com/,1862 Warwick Ave,02889,General Dentistry,Individual dentist,Primary (general),,1,2007,Stale,https://npiregistry.cms.hhs.gov/provider-view/1942364682,http://www.dctdental.com/,https://www.google.com/maps/place/DCT+Dental/data=!4m7!3m6!1s0x89e44e0b3ee136ff:0xba0f9913ba80ad16!8m2!3d41.7256949!4d-71.4049733!16s%2Fg%2F1tcvk3d8!19sChIJ_zbhPgtO5IkRFq2AuhOZD7o,,,1942364682,,,
B,Dr Dental Of Warwick PC,Warwick,RI,(617) 868-9400,CHECK,"area code 617 belongs to MA, practice is in RI","Julia Faigel, DMD",Owner,,,,,,,,300 Quaker Ln Unit 9,02886,General Dentistry,Practice (organisation),Primary (general),,2,2012,Stale,https://npiregistry.cms.hhs.gov/provider-view/1720353477,,,,,1720353477,,,
B,Dr.'S Wade And Saccoccio,Warwick,RI,(401) 732-5570,VALID,area code matches RI; confirmed by 3 independent sources,"John Wade, D.M.D.",Partner,,,,,,,http://greatsmileri.com/info.htm,1600 Warwick Ave,02889,General Dentistry,Practice (organisation),Primary (general),,1,2011,Stale,https://npiregistry.cms.hhs.gov/provider-view/1770610313,http://greatsmileri.com/info.htm,"https://www.google.com/maps/place/Dr.+John+G.+Wade,+DMD/data=!4m7!3m6!1s0x89e44e6d526cae47:0xd79bab002aea559b!8m2!3d41.7326796!4d-71.4064803!16s%2Fg%2F1tjfc8gd!19sChIJR65sUm1O5IkRm1XqKgCrm9c",,,1770610313,,,
B,"Elisa Liberto, DMD",Warwick,RI,(401) 781-8696,VALID,area code matches RI; confirmed by 3 independent sources,"Elisa Liberto, DMD",DMD,,,,,,,https://www.rihealthysmiles.com/,67 Jefferson Blvd,02888,General Dentistry,Individual dentist,Primary (general),,1,2007,Stale,https://npiregistry.cms.hhs.gov/provider-view/1649392606,https://www.rihealthysmiles.com/,https://www.google.com/maps/place/Elisa+S+Liberto+DMD+FAGD/data=!4m7!3m6!1s0x89e44ef474ab0765:0x67a3e405a392291!8m2!3d41.7501711!4d-71.4356654!16s%2Fg%2F1thw34sy!19sChIJZQerdPRO5IkRkSI5WkA-egY,,,1649392606,,,
B,"Ernest Corner, MD",Warwick,RI,(401) 463-5480,VALID,area code matches RI; confirmed by 3 independent sources,"Ernest Corner, MD",MD,,,,,,,https://politellidental.com/,1353 Warwick Ave,02888,General Dentistry,Individual dentist,Primary (general),,1,2007,Stale,https://npiregistry.cms.hhs.gov/provider-view/1073621348,https://politellidental.com/,https://www.google.com/maps/place/Politelli+Family+Dental/data=!4m7!3m6!1s0x89e44e6b04b20caf:0x248483046de0e0e7!8m2!3d41.7393505!4d-71.4084416!16s%2Fg%2F11g9g267dc!19sChIJrwyyBGtO5IkR5-DgbQSDhCQ,,,1073621348,,,
B,"Frederick Lury, DMD",Warwick,RI,(401) 482-8553,VALID,area code matches RI,"Frederick Lury, DMD",DMD,,,,,,,,1090 Tollgate Rd,02886,General Dentistry,Individual dentist,Primary (general),,1,2007,Stale,https://npiregistry.cms.hhs.gov/provider-view/1851446777,,,,,1851446777,,,
B,"Jaimini A Desai,d.m.d.,inc",Warwick,RI,(401) 821-6500,VALID,area code matches RI; confirmed by 3 independent sources,"Jaimini Desai, D.M.D",President,,,,,,,http://www.drjaiminidesai.com/,80 Quaker Ln,02886,General Dentistry,Practice (organisation),Primary (general),,2,2013,Stale,https://npiregistry.cms.hhs.gov/provider-view/1487098257,http://www.drjaiminidesai.com/,https://www.google.com/maps/place/Dr.+Jaimini+A.+Desai/data=!4m7!3m6!1s0x89e44b7335c611c1:0x7d5915b7da374db0!8m2!3d41.6933896!4d-71.5010545!16s%2Fg%2F11bbrnzqzd!19sChIJwRHGNXNL5IkRsE032rcVWX0,,,1487098257,,,
B,"Jefferson Dental Associates, L.T.D.",Warwick,RI,(401) 739-2350,VALID,area code matches RI; confirmed by 3 independent sources,"Melvin Hanzel, D.M.D.",President,,,,,,,https://smartdentalnetwork.com/jefferson-dental-associates,222 Jefferson Blvd,02888,General Dentistry,Practice (organisation),Primary (general),,1,2008,Stale,https://npiregistry.cms.hhs.gov/provider-view/1780858639,https://smartdentalnetwork.com/jefferson-dental-associates,https://www.google.com/maps/place/Jefferson+Dental+Associates+-+North+%7C+Dentist+in+Warwick+RI+%7C+DMD/data=!4m7!3m6!1s0x89e44e8e8ca95ef9:0x96e0eb4c22f0b77a!8m2!3d41.7413829!4d-71.4380069!16s%2Fg%2F1tj92kmt!19sChIJ-V6pjI5O5IkRerfwIkzr4JY,,,1780858639,,,
B,"John T Coletti,dds,ltd",Warwick,RI,(401) 732-5800,VALID,area code matches RI; confirmed by 2 independent sources,"John Coletti, DDS",Owner,,,,,,,,469 Centerville Rd Suite 107,02886,General Dentistry,Practice (organisation),Primary (general),,1,2008,Stale,https://npiregistry.cms.hhs.gov/provider-view/1568611481,,https://www.google.com/maps/place/Kent+Cosmetic+Dental+Center/data=!4m7!3m6!1s0x89e44b806e9b840d:0xd4311ae3a65776c4!8m2!3d41.6983786!4d-71.4783936!16s%2Fg%2F1tgwnq59!19sChIJDYSbboBL5IkRxHZXpuMaMdQ,,,1568611481,,,
B,"Mark Bichajian, D.M.D.",Warwick,RI,(401) 785-2111,VALID,area code matches RI; confirmed by 3 independent sources,"Mark Bichajian, D.M.D.",D.M.D.,,,,,,,https://profdentalri.com/,708 Warwick Ave,02888,General Dentistry,Individual dentist,Primary (general),,1,2007,Stale,https://npiregistry.cms.hhs.gov/provider-view/1780729582,https://profdentalri.com/,https://www.google.com/maps/place/Professional+Dental+Associates/data=!4m7!3m6!1s0x89e44e35b91b7343:0x6dffc9ff37f331e7!8m2!3d41.7571995!4d-71.4042133!16s%2Fg%2F1tdxrgwy!19sChIJQ3MbuTVO5IkR5zHzN__J_20,,,1780729582,,,
B,"Paul Shamirian, DMD",Warwick,RI,(401) 826-2266,VALID,area code matches RI,"Paul Shamirian, DMD",DMD,,,,,,,,800 Tollgate Rd,02886,General Dentistry,Individual dentist,Primary (general),,1,2007,Stale,https://npiregistry.cms.hhs.gov/provider-view/1053336750,,,,,1053336750,,,
B,"Peter Bourdeau, DDS",Warwick,RI,(401) 739-2345,VALID,area code matches RI,"Peter Bourdeau, DDS",DDS,,,,,,,,469 Centerville Rd Suite # 107,02886,General Dentistry,Individual dentist,Primary (general),,1,2007,Stale,https://npiregistry.cms.hhs.gov/provider-view/1053447193,,,,,1053447193,,,
B,Robert A Conte D.M.D. Inc.,Warwick,RI,(401) 739-1399,VALID,area code matches RI; confirmed by 3 independent sources,"Robert Conte, DMD",President,,,,,,,http://westshoredentistry.com/,3274 West Shore Rd,02886,General Dentistry,Practice (organisation),Primary (general),,1,2009,Stale,https://npiregistry.cms.hhs.gov/provider-view/1952469249,http://westshoredentistry.com/,https://www.google.com/maps/place/West+Shore+Dental+Associates/data=!4m7!3m6!1s0x89e44c4fc7813279:0x386e2c09bfc2d0e0!8m2!3d41.7005731!4d-71.4400525!16s%2Fg%2F1tdqvk8s!19sChIJeTKBx09M5IkR4NDCvwksbjg,,,1952469249,,,
B,"Robert Varone, D.D.S. LTD.",Warwick,RI,(401) 732-5566,VALID,area code matches RI; confirmed by 3 independent sources,"Robert Varone, D.D.S. LTD.",D.D.S. Ltd.,,,,,,,https://www.drvarone.com/,615 Jefferson Blvd Suite 103,02886,General Dentistry,Individual dentist,Primary (general),,1,2007,Stale,https://npiregistry.cms.hhs.gov/provider-view/1396880712,https://www.drvarone.com/,"https://www.google.com/maps/place/Robert+J.+Varone+DDS,+Ltd/data=!4m7!3m6!1s0x89e44e9cd043aa65:0xc0eaf4b397128ad0!8m2!3d41.731419!4d-71.442447!16s%2Fg%2F1tdgqvkd!19sChIJZapD0JxO5IkR0IoSl7P06sA",,,1396880712,,,
B,"Ronald Lippitt, DMD",Warwick,RI,(401) 821-4600,VALID,area code matches RI,"Ronald Lippitt, DMD",DMD,,,,,,,,318 Brookline Dr,02886,General Dentistry,Individual dentist,Primary (general),,1,2007,Stale,https://npiregistry.cms.hhs.gov/provider-view/1598882425,,,,,1598882425,,,
B,"Samuel Winsper, DDS",Warwick,RI,(401) 738-3113,VALID,area code matches RI; confirmed by 3 independent sources,"Samuel Winsper, DDS",DDS,,,,,,,https://www.zocdoc.com/dentist/mary-jaffarian-dmd-304159,200 Toll Gate Rd Suite 201,02886,General Dentistry,Individual dentist,Primary (general),,1,2007,Stale,https://npiregistry.cms.hhs.gov/provider-view/1821136078,https://www.zocdoc.com/dentist/mary-jaffarian-dmd-304159,"https://www.google.com/maps/place/Mary+V.+Jaffarian,+DMD/data=!4m7!3m6!1s0x89e44c7b954b0355:0x4e2d9ba9bd789d35!8m2!3d41.7005466!4d-71.47!16s%2Fg%2F1ttpc9qb!19sChIJVQNLlXtM5IkRNZ14vambLU4",,,1821136078,,,
B,"Steven M Kenyon, DMD Inc",Warwick,RI,(401) 739-3556,VALID,area code matches RI,"Steven Kenyon, DMD",General Dentist,,,,,,,,2212 Post Rd,02886,General Dentistry,Practice (organisation),Primary (general),,1,2008,Stale,https://npiregistry.cms.hhs.gov/provider-view/1639327398,,,,,1639327398,,,
B,Warwick Family Dental Group,Warwick,RI,(401) 739-8337,VALID,area code matches RI; confirmed by 3 independent sources,"Sun Yoon, D.M.D.",Owner,,,,,,,https://alphadentalcenter.com/warwick-family-dental/,819 Greenwich Ave,02886,General Dentistry,Practice (organisation),Primary (general),,2,2008,Stale,https://npiregistry.cms.hhs.gov/provider-view/1558520155,https://alphadentalcenter.com/warwick-family-dental/,https://www.google.com/maps/place/Warwick+Family+Dental+Group/data=!4m7!3m6!1s0x89e44c12c09ba517:0x8f67136552b224a3!8m2!3d41.7092023!4d-71.4886387!16s%2Fg%2F1tdnm42f!19sChIJF6WbwBJM5IkRoySyUmUTZ48,,,1558520155,,,
B,Wilfredo L Sancianco DMD,Warwick,RI,(401) 737-7715,VALID,area code matches RI; confirmed by 2 independent sources,"Wilfredo Sancianco, DMD",Owner/provider,,,,,,,,3411 W Shore Rd,02886,General Dentistry,Practice (organisation),Primary (general),,1,2014,Stale,https://npiregistry.cms.hhs.gov/provider-view/1811393630,,"https://www.google.com/maps/place/Dr.+Neil+F.+Dungca,+DDS/data=!4m7!3m6!1s0x89e44c452fd1d689:0xa05f54ad09560c1c!8m2!3d41.7003883!4d-71.4441118!16s%2Fg%2F1v5_bfxr!19sChIJidbRL0VM5IkRHAxWCa1UX6A",,,1811393630,,,
B,Wilfredo L Sancianco DMD Inc,Warwick,RI,(401) 737-7716,VALID,area code matches RI,"Wilfredo Sancianco, DMD",Dentist/provider,,,,,,,,3411 W Shore Rd,02886,General Dentistry,Practice (organisation),Primary (general),,1,2014,Stale,https://npiregistry.cms.hhs.gov/provider-view/1407253073,,,,,1407253073,,,
B,"Emily Horcha, DMD",West Warwick,RI,(401) 685-2800,VALID,area code matches RI,"Emily Horcha, DMD",DMD,,,,,,,,186 Providence St,02893,General Dentistry,Individual dentist,Primary (general),,1,2014,Stale,https://npiregistry.cms.hhs.gov/provider-view/1982968590,,,,,1982968590,,,
B,"May Gao, DMD",West Warwick,RI,(401) 821-3149,VALID,area code matches RI,"May Gao, DMD",DMD,,,,,,,,11 Bank St,02893,General Dentistry,Individual dentist,Primary (general),,1,2007,Stale,https://npiregistry.cms.hhs.gov/provider-view/1578677654,,,,,1578677654,,,
B,"Robert Reynolds, DDS",West Warwick,RI,(401) 821-9209,VALID,area code matches RI,"Robert Reynolds, DDS",DDS,,,,,,,,1071 Main St,02893,General Dentistry,Individual dentist,Primary (general),,1,2007,Stale,https://npiregistry.cms.hhs.gov/provider-view/1336266782,,,,,1336266782,,,
B,"Brett Bruno, D.D.S.",Westerly,RI,(401) 596-0075,VALID,area code matches RI; confirmed by 3 independent sources,"Brett Bruno, D.D.S.",D.D.S.,,,,,,,https://www.beachcrestdental.com/,88 Beach St,02891,General Dentistry,Individual dentist,Primary (general),,1,2009,Stale,https://npiregistry.cms.hhs.gov/provider-view/1558319954,https://www.beachcrestdental.com/,https://www.google.com/maps/place/Beachcrest+Dental/data=!4m7!3m6!1s0x89e5e6e690b7aa7d:0x35db846fb29978e5!8m2!3d41.360438!4d-71.828307!16s%2Fg%2F1tgf8tc0!19sChIJfaq3kObm5YkR5XiZsm-E2zU,,,1558319954,,,
B,"Bruce Mackinnon, D.D.S.",Westerly,RI,(401) 569-0075,VALID,area code matches RI,"Bruce Mackinnon, D.D.S.",D.D.S.,,,,,,,,88 Beach St,02891,General Dentistry,Individual dentist,Primary (general),,1,2009,Stale,https://npiregistry.cms.hhs.gov/provider-view/1083663249,,,,,1083663249,,,
B,"Glen Foden, DDS",Westerly,RI,(401) 596-8929,VALID,area code matches RI,"Glen Foden, DDS",DDS,,,,,,,,13 Grove Avenue,02891,General Dentistry,Individual dentist,Primary (general),,1,2007,Stale,https://npiregistry.cms.hhs.gov/provider-view/1316060346,,,,,1316060346,,,
B,"Thomas Giuliano, DMD",Westerly,RI,(401) 596-5586,VALID,area code matches RI,"Thomas Giuliano, DMD",DMD,,,,,,,,90 Beach St,02891,General Dentistry,Individual dentist,Primary (general),,1,2007,Stale,https://npiregistry.cms.hhs.gov/provider-view/1437254711,,,,,1437254711,,,
B,Westerly Dental Group,Westerly,RI,(401) 595-2848,VALID,area code matches RI,"Brian Capalbo, DMD",Dentist,,,,,,,,130 Granite St,02891,General Dentistry,Practice (organisation),Primary (general),,1,2007,Stale,https://npiregistry.cms.hhs.gov/provider-view/1801097472,,,,,1801097472,,,
B,"Boris Stabnikov, DMD",Woonsocket,RI,(401) 597-5077,VALID,area code matches RI,"Boris Stabnikov, DMD",DMD,,,,,,,,150 Social St Suite 2,02895,General Dentistry,Individual dentist,Primary (general),,1,2007,Stale,https://npiregistry.cms.hhs.gov/provider-view/1760510044,,,,,1760510044,,,
B,Brite Smiles Of RI,Woonsocket,RI,(401) 766-7980,VALID,area code matches RI,"Maha Alamad, D.M.D.",Dentist/ Owner,,,,,,,,20 Cumberland Hill Rd Suite # 205,02895,General Dentistry,Practice (organisation),Primary (general),,1,2011,Stale,https://npiregistry.cms.hhs.gov/provider-view/1821396813,,,,,1821396813,,,
B,"David J Ward Dmd, PC",Woonsocket,RI,(401) 762-2422,VALID,area code matches RI,"David Ward, DMD",Owner,,,,,,,,460 S Main St,02895,General Dentistry,Practice (organisation),Primary (general),,1,2013,Stale,https://npiregistry.cms.hhs.gov/provider-view/1902243165,,,,,1902243165,,,
B,Harris Harnick,Woonsocket,RI,(401) 769-1470,VALID,area code matches RI,Harris Harnick,Dentist,,,,,,,,25 John A Cummings Way,02895,General Dentistry,Individual dentist,Primary (general),,1,2007,Stale,https://npiregistry.cms.hhs.gov/provider-view/1366465445,,,,,1366465445,,,
B,"Hasan Alswaf, DMD",Woonsocket,RI,(401) 769-6123,VALID,area code matches RI,"Hasan Alswaf, DMD",DMD,,,,,,,,2 Monument Sq,02895,General Dentistry,Individual dentist,Primary (general),,1,2007,Stale,https://npiregistry.cms.hhs.gov/provider-view/1649490707,,,,,1649490707,,,
B,Jeffrey E Dodge DMD,Woonsocket,RI,(401) 762-3044,VALID,area code matches RI,"Jeffrey Dodge, DMD",Owner,,,,,,,,1438 Park Ave,02895,General Dentistry,Practice (organisation),Primary (general),,1,2008,Stale,https://npiregistry.cms.hhs.gov/provider-view/1790935831,,,,,1790935831,,,
B,"Joel F Picard Dds, Inc.",Woonsocket,RI,(401) 769-0047,VALID,area code matches RI,Sarah Picard,Office Manager,,,,,,,,52 Hamlet Ave,02895,General Dentistry,Practice (organisation),Primary (general),,1,2013,Stale,https://npiregistry.cms.hhs.gov/provider-view/1497095178,,,,,1497095178,,,
B,"Kerri-Rae Agin, D.M.D",Woonsocket,RI,(401) 769-0500,VALID,area code matches RI,"Kerri-Rae Agin, D.M.D",D.m.d,,,,,,,,1413 Diamond Hill Rd,02895,General Dentistry,Individual dentist,Primary (general),,1,2007,Stale,https://npiregistry.cms.hhs.gov/provider-view/1346355815,,,,,1346355815,,,
B,Robert Bartro,Woonsocket,RI,(401) 769-8520,VALID,area code matches RI,Robert Bartro,Dentist,,,,,,,,516 S Main St,02895,General Dentistry,Individual dentist,Primary (general),,1,2007,Stale,https://npiregistry.cms.hhs.gov/provider-view/1891802419,,,,,1891802419,,,
B,"Robert Kubaska, DMD",Woonsocket,RI,(401) 762-0070,VALID,area code matches RI,"Robert Kubaska, DMD",DMD,,,,,,,,175 Harris Avenue,02895,General Dentistry,Individual dentist,Primary (general),,1,2007,Stale,https://npiregistry.cms.hhs.gov/provider-view/1043330897,,,,,1043330897,,,
C,"RI Specialty Dental Services, LLC",Coventry,RI,(418) 281-1171,VALID,area code 418 outside target states,Charlotte Vial,Direc Of Cred And Prov Rel,,,,,,,,840 Tiogue Ave,02816,Pediatric,Practice (organisation),Secondary (specialty),,1,2023,Recent,https://npiregistry.cms.hhs.gov/provider-view/1336912112,,,,,1336912112,,,
C,Drs Napolitano And Conforti LLC,Cranston,RI,(401) 944-0127,VALID,area code matches RI; confirmed by 3 independent sources,Christopher Napolitano,CEO/dentist,,,,,,,http://www.drnapolitanoandassociates.com/,915 Oaklawn Ave,02920,Public Health,Practice (organisation),Secondary (specialty),,1,2025,Recent,https://npiregistry.cms.hhs.gov/provider-view/1437955598,http://www.drnapolitanoandassociates.com/,https://www.google.com/maps/place/Dr.+Christopher+Napolitano+and+Dr.+James+Underhill/data=!4m7!3m6!1s0x89e4494ce13c66a3:0x622056e360a6892a!8m2!3d41.7468322!4d-71.4792175!16s%2Fg%2F11c6s3hcrk!19sChIJo2Y84UxJ5IkRKommYONWIGI,,,1437955598,,,
C,"Engy Hassan, DDS",Cranston,RI,(401) 867-2585,VALID,area code matches RI,"Engy Hassan, DDS",DDS,,,,,,,,4000 Chapel View Blvd Suite 200,02920,Prosthodontics,Individual dentist,Secondary (specialty),,1,2024,Recent,https://npiregistry.cms.hhs.gov/provider-view/1558713073,,,,,1558713073,,,
C,Lopa Patel,Cranston,RI,(401) 395-2100,VALID,area code matches RI; confirmed by 3 independent sources,Lopa Patel,Dentist,,,,,,,https://rismile.com/,1280 Park Ave,02910,Student in an Organized Health Care Education/Training Program,Individual dentist,Secondary (specialty),,1,2026,Recent,https://npiregistry.cms.hhs.gov/provider-view/1619710126,https://rismile.com/,https://www.google.com/maps/place/Dr.+Matrullo+%26+Associates/data=!4m7!3m6!1s0x89e44f3e119f6c61:0x2e94e9bafa351101!8m2!3d41.7842284!4d-71.4546664!16s%2Fg%2F1ptxf5wj5!19sChIJYWyfET5P5IkRARE1-rrplC4,,,1619710126,,,
C,"Paul J Matrullo, Dds, PC",Cranston,RI,(401) 943-0644,VALID,area code matches RI,"Paul Matrullo, DDS",Owner,,,,,,,,1280 Park Ave,02910,Periodontics,Practice (organisation),Secondary (specialty),,1,2025,Recent,https://npiregistry.cms.hhs.gov/provider-view/1831255405,,,,,1831255405,,,
C,Viva Medical PC,Cranston,RI,(401) 206-4001,VALID,area code matches RI; confirmed by 3 independent sources,"Frank Dequattro, DMD",Orthodontist,,,,,,,https://vivamedspa.life/dental/,1125 Pontiac Ave,02920,Orthodontics,Practice (organisation),Secondary (specialty),,1,2025,Recent,https://npiregistry.cms.hhs.gov/provider-view/1083575674,https://vivamedspa.life/dental/,https://www.google.com/maps/place/Viva+Orthodontics/data=!4m7!3m6!1s0x89e44f79cf1e50a5:0x7afa5b69420c1299!8m2!3d41.7537812!4d-71.4493364!16s%2Fg%2F11zbl_7zdt!19sChIJpVAez3lP5IkRmRIMQmlb-no,,,1083575674,,,
C,"Benjamin Chan, DMD, MS",Cumberland,RI,(401) 334-3070,VALID,area code matches RI; confirmed by 3 independent sources,"Benjamin Chan, DMD, MS","DMD, MS",,,,,,,https://www.chandentalri.com/,2359 Mendon Rd,02864,Orthodontics,Individual dentist,Secondary (specialty),,1,2025,Recent,https://npiregistry.cms.hhs.gov/provider-view/1538593223,https://www.chandentalri.com/,https://www.google.com/maps/place/Cumberland+Dental+Specialists/data=!4m7!3m6!1s0x89e44277f208e25f:0x463429e8bddb43cf!8m2!3d41.9582072!4d-71.4425655!16s%2Fg%2F1tg_y2z6!19sChIJX-II8ndC5IkRz0PbvegpNEY,,,1538593223,,,
C,"John S Kacewicz, D.M.D.",East Greenwich,RI,(401) 884-6500,VALID,area code matches RI,"Anne Desousa, CDA",Office Manager,recordskacewicz@gmail.com,DELIVERABLE,Free mailbox,Google Workspace,domain accepts mail (MX present),NPPES federal registry filing,,990 Main St,02818,Orthodontics,Practice (organisation),Secondary (specialty),,1,2022,Recent,https://npiregistry.cms.hhs.gov/provider-view/1396468013,,,https://npiregistry.cms.hhs.gov/provider-view/1396468013,CHECK - likely typo in the practice's own filing,1396468013,,,
C,"Lisa Tyler, D.M.D.",East Greenwich,RI,(401) 284-3500,VALID,area code matches RI,"Lisa Tyler, D.M.D.",D.M.D.,,,,,,,,63 Cedar Ave Unit 12,02818,Endodontics,Individual dentist,Secondary (specialty),,1,2022,Recent,https://npiregistry.cms.hhs.gov/provider-view/1972648020,,,,,1972648020,,,
C,"Robert Block, D.D.S.",East Greenwich,RI,(401) 885-1450,VALID,area code matches RI; confirmed by 3 independent sources,"Robert Block, D.D.S.",D.D.S.,,,,,,,http://www.riuoms.com/,1370 S County Trl,02818,Oral Surgery,Individual dentist,Secondary (specialty),,1,2025,Recent,https://npiregistry.cms.hhs.gov/provider-view/1134436413,http://www.riuoms.com/,https://www.google.com/maps/place/University+Oral+%26+Maxillofacial+Surgery/data=!4m7!3m6!1s0x89e5b4b4e866eed9:0x17251aed28ca5fa0!8m2!3d41.6593587!4d-71.4969927!16s%2Fg%2F1hm3x_dw2!19sChIJ2e5m6LS05YkRoF_KKO0aJRc,,,1134436413,,,
C,Nordstrom Orthodontics LLC,Johnston,RI,(401) 331-7171,VALID,area code matches RI,"Barrett Nordstrom, DDS, MS",Manager,,,,,,,,1226 Hartford Ave Ste 101,02919,Orthodontics,Practice (organisation),Secondary (specialty),,2,2022,Recent,https://npiregistry.cms.hhs.gov/provider-view/1255041034,,,,,1255041034,,,
C,Rhode Island Periodontics,Johnston,RI,(401) 233-9800,VALID,area code matches RI; confirmed by 3 independent sources,"Charles Pham, DMD",Owner/periodontist,,,,,,,https://www.riperiodontics.com/,1740 Atwood Ave,02919,Periodontics,Practice (organisation),Secondary (specialty),,1,2025,Recent,https://npiregistry.cms.hhs.gov/provider-view/1225908171,https://www.riperiodontics.com/,https://www.google.com/maps/place/Rhode+Island+Periodontics/data=!4m7!3m6!1s0x89e4463f0c17a46f:0x647859c462b3c157!8m2!3d41.8322975!4d-71.5036584!16s%2Fg%2F11b6t_b74d!19sChIJb6QXDD9G5IkRV8GzYsRZeGQ,,,1225908171,,,
C,"Faith Drennon, DMD",Newport,RI,(401) 849-4790,VALID,area code matches RI,"Faith Drennon, DMD",DMD,,,,,,,,15 Old Beach Road,02840,Pediatric,Individual dentist,Secondary (specialty),,1,2026,Recent,https://npiregistry.cms.hhs.gov/provider-view/1225112956,,,,,1225112956,,,
C,"James Corbett, DMD",Newport,RI,(401) 841-3697,VALID,area code matches RI,"James Corbett, DMD",DMD,,,,,,,,Nmrtc New England 43 Smith Road,02841,Oral Radiology,Individual dentist,Secondary (specialty),,1,2025,Recent,https://npiregistry.cms.hhs.gov/provider-view/1285868026,,,,,1285868026,,,
C,"Nikole Pham, DMD",Newport,RI,(401) 841-2542,VALID,area code matches RI,"Nikole Pham, DMD",DMD,,,,,,,,43 Smith Rd,02841,Oral Surgery,Individual dentist,Secondary (specialty),,1,2026,Recent,https://npiregistry.cms.hhs.gov/provider-view/1750951505,,,,,1750951505,,,
C,"Dr Thomas F Vutech Dmd, Fagd",North Kingstown,RI,(401) 294-3533,VALID,area code matches RI; confirmed by 3 independent sources,"Thomas Vutech, DMD",Dentist,,,,,,,https://northkingstowndental.com/,7430 Post Rd,02852,Periodontics,Practice (organisation),Secondary (specialty),,1,2025,Recent,https://npiregistry.cms.hhs.gov/provider-view/1649151424,https://northkingstowndental.com/,https://www.google.com/maps/place/Thomas+F+Vutech+Dental/data=!4m7!3m6!1s0x89e5b3eacd2ad8cf:0xd5450cbdf3fabe6c!8m2!3d41.5957784!4d-71.455459!16s%2Fg%2F1tfbpbws!19sChIJz9gqzeqz5YkRbL76870MRdU,,,1649151424,,,
C,Pawtucket Orthodontics LLC,Pawtucket,RI,(401) 728-0150,VALID,area code matches RI; confirmed by 3 independent sources,"Zachary Kofos, DMD",Owner,,,,,,,http://www.funsmiles123.com/,123 School St Ste 3,02860,Orthodontics,Practice (organisation),Secondary (specialty),,1,2023,Recent,https://npiregistry.cms.hhs.gov/provider-view/1023881570,http://www.funsmiles123.com/,https://www.google.com/maps/place/Pawtucket+Orthodontics/data=!4m7!3m6!1s0x89e45d080ccebdd7:0x22637e65f5ce3b45!8m2!3d41.8731908!4d-71.381411!16s%2Fg%2F11y26xl2hz!19sChIJ173ODAhd5IkRRTvO9WV-YyI,,,1023881570,,,
C,"Yvonne Wolny, DMD",Pawtucket,RI,(401) 723-2756,VALID,area code matches RI,"Yvonne Wolny, DMD",DMD,,,,,,,,40 Broad St,02860,Public Health,Individual dentist,Secondary (specialty),,1,2026,Recent,https://npiregistry.cms.hhs.gov/provider-view/1770656134,,,,,1770656134,,,
C,Boustani Periodontics PC,Providence,RI,(401) 421-1717,VALID,area code matches RI; confirmed by 3 independent sources,"Gabriel Boustani, DMD, MSD",President,,,,,,,https://providenceperiodontics.com/,40 Elmgrove Ave,02906,Periodontics,Practice (organisation),Secondary (specialty),,1,2024,Recent,https://npiregistry.cms.hhs.gov/provider-view/1114745155,https://providenceperiodontics.com/,https://www.google.com/maps/place/Providence+Periodontics+and+Implants+Center/data=!4m7!3m6!1s0x89e44529393a331f:0x29ee2aef7e03c4f1!8m2!3d41.8312288!4d-71.3900438!16s%2Fg%2F1tj7xd7x!19sChIJHzM6OSlF5IkR8cQDfu8q7ik,,,1114745155,,,
C,Delcupolo Abramowitz And Associates Inc PC,Providence,RI,(401) 861-5600,VALID,area code matches RI,"Mary Ann Delcupolo, DDS",Sec,,,,,,,,16 Bridge St Corliss Landing,02903,Orthodontics,Practice (organisation),Secondary (specialty),,1,2025,Recent,https://npiregistry.cms.hhs.gov/provider-view/1457482820,,,,,1457482820,,,
C,"Gary Lazaroff, DMD",Providence,RI,(401) 272-1380,VALID,area code matches RI,"Gary Lazaroff, DMD",DMD,,,,,,,,257 Wayland Avenue,02906,Endodontics,Individual dentist,Secondary (specialty),,1,2026,Recent,https://npiregistry.cms.hhs.gov/provider-view/1720101959,,,,,1720101959,,,
C,Michelle Pinon,Providence,RI,(646) 501-4237,CHECK,"area code 646 belongs to NY, practice is in RI",Michelle Pinon,Dentist,,,,,,,,21 Peace St,02907,Student in an Organized Health Care Education/Training Program,Individual dentist,Secondary (specialty),,1,2025,Recent,https://npiregistry.cms.hhs.gov/provider-view/1750071312,,,,,1750071312,,,
C,Providence Dental PC,Providence,RI,(401) 861-1343,VALID,area code matches RI; confirmed by 3 independent sources,Alaa Ahmed,Owner,,,,,,,http://drbarbarabilder.com/,116 Wayland Ave,02906,Prosthodontics,Practice (organisation),Secondary (specialty),,1,2026,Recent,https://npiregistry.cms.hhs.gov/provider-view/1588501506,http://drbarbarabilder.com/,https://www.google.com/maps/place/Barbara+Bilder+DMD/data=!4m7!3m6!1s0x89e4452e77773bad:0x2376e4cc795a94f9!8m2!3d41.826987!4d-71.3886996!16s%2Fg%2F1tx_7ckb!19sChIJrTt3dy5F5IkR-ZRaeczkdiM,,,1588501506,,,
C,"Providence Orthodontics, LLC",Providence,RI,(401) 274-5024,VALID,area code matches RI; confirmed by 3 independent sources,Kirsten Romani,Owner,,,,,,,https://www.providence-orthodontics.com/,151 Waterman St Ste 6,02906,Orthodontics,Practice (organisation),Secondary (specialty),,1,2024,Recent,https://npiregistry.cms.hhs.gov/provider-view/1427865328,https://www.providence-orthodontics.com/,https://www.google.com/maps/place/Providence+Orthodontics/data=!4m7!3m6!1s0x89e445b651037875:0xdd3873c499da0073!8m2!3d41.8274338!4d-71.3957384!16s%2Fg%2F11k45b9t67!19sChIJdXgDUbZF5IkRcwDamcRzON0,,,1427865328,,,
C,Rhode Island Hospital,Providence,RI,(401) 444-4312,VALID,area code matches RI,Peter Markell,Evp & CFO,,,,,,,,593 Eddy St,02903,"Clinic/Center, Dental",Practice (organisation),Secondary (specialty),,1,2025,Recent,https://npiregistry.cms.hhs.gov/provider-view/1770601668,,,,,1770601668,,,
C,"Courtney Lavigne, DMD",Wakefield,RI,(401) 782-1221,VALID,area code matches RI; confirmed by 3 independent sources,"Courtney Lavigne, DMD",DMD,,,,,,,https://www.anchororthodontics.com/locations/wakefield,24 Salt Pond Rd Ste A3,02879,Orthodontics,Individual dentist,Secondary (specialty),,1,2026,Recent,https://npiregistry.cms.hhs.gov/provider-view/1285947929,https://www.anchororthodontics.com/locations/wakefield,https://www.google.com/maps/place/Anchor+Orthodontics/data=!4m7!3m6!1s0x89e5b9aff996a8f9:0xfaff996d7bafea56!8m2!3d41.4307694!4d-71.4918533!16s%2Fg%2F11kb1c5y9w!19sChIJ-aiW-a-55YkRVuqve22Z__o,,,1285947929,,,
C,Myorthos Rhode Island Orthodontics PC,Wakefield,RI,(401) 783-9890,VALID,area code matches RI,Casey Lonabocker,Vp Operations & Strategy,,,,,,,,24 Salt Pond Rd Ste C1,02879,Orthodontics,Practice (organisation),Secondary (specialty),,1,2024,Recent,https://npiregistry.cms.hhs.gov/provider-view/1376386920,,,,,1376386920,,,
C,"Dental Services , P.C.",Warwick,RI,(401) 737-9363,VALID,area code matches RI; confirmed by 3 independent sources,"Wayland Easley, DDS",CEO,,,,,,,https://primeaudental.com/,40 Toll Gate Rd,02886,Anesthesiology,Practice (organisation),Secondary (specialty),,4,2025,Recent,https://npiregistry.cms.hhs.gov/provider-view/1689898678,https://primeaudental.com/,https://www.google.com/maps/place/Primeau+Dental/data=!4m7!3m6!1s0x89e44c6350d46ad1:0x503fb1f0a50b4185!8m2!3d41.7005577!4d-71.470002!16s%2Fg%2F1tf82mdw!19sChIJ0WrUUGNM5IkRhUELpfCxP1A,,,1689898678,,,
C,"Jessica Langella, Dmd, LLC",Warwick,RI,(401) 648-4989,VALID,area code matches RI; confirmed by 3 independent sources,"Jessica Langella, DMD",Owner Dentist,,,,,,,http://www.narrowriverendo.com/,77 Toll Gate Rd,02886,Endodontics,Practice (organisation),Secondary (specialty),,1,2026,Recent,https://npiregistry.cms.hhs.gov/provider-view/1558083451,http://www.narrowriverendo.com/,https://www.google.com/maps/place/Narrow+River+Endodontics/data=!4m7!3m6!1s0x89e5b9f4ac5cb3f1:0x41733c89641e0d9c!8m2!3d41.6993501!4d-71.4654373!16s%2Fg%2F11frb7mh00!19sChIJ8bNcrPS55YkRnA0eZIk8c0E,,,1558083451,,,
C,"Mohammad Banki, DMD, MD",Warwick,RI,(401) 739-5500,VALID,area code matches RI; confirmed by 3 independent sources,"Mohammad Banki, DMD, MD","DMD, MD",,,,,,,https://www.mslsurgery.com/,243 Jefferson Blvd,02888,"Dentist, Oral and Maxillofacial Pathology",Individual dentist,Secondary (specialty),,1,2026,Recent,https://npiregistry.cms.hhs.gov/provider-view/1568410983,https://www.mslsurgery.com/,https://www.google.com/maps/place/MSL+Surgery/data=!4m7!3m6!1s0x89e44e8e5e5c69a3:0xd5afa0f0ce3241a9!8m2!3d41.7410748!4d-71.4391161!16s%2Fg%2F1tdg46_h!19sChIJo2lcXo5O5IkRqUEyzvCgr9U,,,1568410983,,,
C,Advanced Cosmetic Dentistry Ltd,Cranston,RI,(401) 943-6311,VALID,area code matches RI; confirmed by 3 independent sources,"Richard Glick, DDS",President,,,,,,,https://www.beacondentalhealth.com/locations/cranston-dental-group/,1090 New London Ave,02920,Periodontics,Practice (organisation),Secondary (specialty),,1,2016,Ageing,https://npiregistry.cms.hhs.gov/provider-view/1336398676,https://www.beacondentalhealth.com/locations/cranston-dental-group/,"https://www.google.com/maps/place/Cranston+Dental+Group+%7C+Ilya+Livshin,+DMD/data=!4m7!3m6!1s0x89e44eaca0fec1d9:0x647c50512eaf985e!8m2!3d41.7390944!4d-71.4760876!16s%2Fg%2F1tgwt8k5!19sChIJ2cH-oKxO5IkRXpivLlFQfGQ",,,1336398676,,,
C,Ocean State Endodontics,Cranston,RI,(401) 943-7714,VALID,area code matches RI; confirmed by 3 independent sources,"Joseph Morganti, DMD",President Ocean State Endodontics,,,,,,,http://oceanstateendo.com/,1145 Reservoir Avenue Suite 225,02920,Endodontics,Practice (organisation),Secondary (specialty),,1,2020,Ageing,https://npiregistry.cms.hhs.gov/provider-view/1275694218,http://oceanstateendo.com/,https://www.google.com/maps/place/Ocean+State+Endodontics/data=!4m7!3m6!1s0x89e44f203cd2e2ed:0xf3f613ea74116f78!8m2!3d41.770538!4d-71.45462!16s%2Fg%2F1tdjy0mt!19sChIJ7eLSPCBP5IkReG8RdOoT9vM,,,1275694218,,,
C,Joanne C Lewis Pediatric Dentistry LLC,East Greenwich,RI,(401) 285-2500,VALID,area code matches RI,Amanda Johnson,Practice Manager,,,,,,,,5700 Post Rd Unit 5,02818,Pediatric,Practice (organisation),Secondary (specialty),,1,2019,Ageing,https://npiregistry.cms.hhs.gov/provider-view/1780121350,,,,,1780121350,,,
C,Orthodonticpartners Ltd,East Providence,RI,(401) 434-1127,VALID,area code matches RI; confirmed by 3 independent sources,"Raymond George, D.M.D.",President,,,,,,,https://romaniorthodontics.com/location/east-providence/,869 Broadway,02914,Orthodontics,Practice (organisation),Secondary (specialty),,2,2020,Ageing,https://npiregistry.cms.hhs.gov/provider-view/1285849935,https://romaniorthodontics.com/location/east-providence/,https://www.google.com/maps/place/Romani+Orthodontics+Rhode+Island/data=!4m7!3m6!1s0x89e45ac5e6a4d2b5:0xc49212890c0393c!8m2!3d41.8175942!4d-71.369362!16s%2Fg%2F1td4_wss!19sChIJtdKk5sVa5IkRPDnAkCghSQw,,,1285849935,,,
C,"Christopher Forster, DMD",Newport,RI,(401) 619-1888,VALID,area code matches RI,"Christopher Forster, DMD",DMD,,,,,,,,15 Old Beach Rd,02840,Orthodontics,Individual dentist,Secondary (specialty),,1,2016,Ageing,https://npiregistry.cms.hhs.gov/provider-view/1760536049,,,,,1760536049,,,
C,"Diane Doyle, D.M.D.",Newport,RI,(619) 218-9297,VALID,area code 619 outside target states,"Diane Doyle, D.M.D.",D.M.D.,,,,,,,,1173 Whipple St,02841,Endodontics,Individual dentist,Secondary (specialty),,1,2015,Ageing,https://npiregistry.cms.hhs.gov/provider-view/1700864931,,,,,1700864931,,,
C,"Enrique Morales, D.M.D.",Newport,RI,(401) 841-3772,VALID,area code matches RI,"Enrique Morales, D.M.D.",D.M.D.,,,,,,,,Naval Health Clinic New England 43 Smith Road,02841,Prosthodontics,Individual dentist,Secondary (specialty),,1,2019,Ageing,https://npiregistry.cms.hhs.gov/provider-view/1629027982,,,,,1629027982,,,
C,Silversmith Orthodontics Inc,North Kingstown,RI,(401) 667-7079,VALID,area code matches RI,"Ian Silversmith, DDS",President,,,,,,,,1130 Ten Rod Rd Ste A104,02852,Orthodontics,Practice (organisation),Secondary (specialty),,1,2021,Ageing,https://npiregistry.cms.hhs.gov/provider-view/1225700313,,,,,1225700313,,,
C,Wickford Orthodontics,North Kingstown,RI,(401) 295-2700,VALID,area code matches RI,Kelley Radtke,Office Manager,,,,,,,,320 Phillips St Suite 202,02852,Orthodontics,Practice (organisation),Secondary (specialty),,2,2020,Ageing,https://npiregistry.cms.hhs.gov/provider-view/1891997490,,,,,1891997490,,,
C,American Center For Bioregulatory Medicine And Dentistry,Providence,RI,(833) 824-6633,VALID,toll-free (not a local line),"Nicole Fortes-Williams, NURSE",Practice Manager,,,,,,,,111 Chestnut St Ste 1,02903,General Practice,Practice (organisation),Secondary (specialty),,1,2019,Ageing,https://npiregistry.cms.hhs.gov/provider-view/1598222689,,,,,1598222689,,,
C,East Side Endodontics,Providence,RI,(401) 521-3746,VALID,area code matches RI; confirmed by 2 independent sources,"Janet Tanzi, D.D.S.",Owner,,,,,,,,130 Waterman St,02906,Endodontics,Practice (organisation),Secondary (specialty),,1,2020,Ageing,https://npiregistry.cms.hhs.gov/provider-view/1518906965,,"https://www.google.com/maps/place/Dr.+Douglas+B.+Kraut,+DMD/data=!4m7!3m6!1s0x89e44524db9d1be5:0x428ab9791136e025!8m2!3d41.8272175!4d-71.3825179!16s%2Fg%2F1vcl4sgt!19sChIJ5Rud2yRF5IkRJeA2EXm5ikI",,,1518906965,,,
C,"John Kiang, DMD",Providence,RI,(401) 456-4461,VALID,area code matches RI,"John Kiang, DMD",DMD,,,,,,,,21 Peace St,02907,Pediatric,Individual dentist,Secondary (specialty),,1,2016,Ageing,https://npiregistry.cms.hhs.gov/provider-view/1932418886,,,,,1932418886,,,
C,Smithfield Dental Associates,Smithfield,RI,(617) 894-4220,CHECK,"area code 617 belongs to MA, practice is in RI","John Miller, DDS",Owner,,,,,,,,41 Sanderson Rd Suite 106,02917,Endodontics,Practice (organisation),Secondary (specialty),,1,2015,Ageing,https://npiregistry.cms.hhs.gov/provider-view/1285015842,,,,,1285015842,,,
C,"Brennan Orthodontics, Inc.",Warwick,RI,(401) 463-6350,VALID,area code matches RI; confirmed by 2 independent sources,"William Brennan, DMD",President,,,,,,,,1434 Warwick Ave,02888,Orthodontics,Practice (organisation),Secondary (specialty),,1,2020,Ageing,https://npiregistry.cms.hhs.gov/provider-view/1336208511,,"https://www.google.com/maps/place/Brennan+Orthodontics,+Inc./data=!4m7!3m6!1s0x89e44e6b602720ff:0xcfea77c3d3252701!8m2!3d41.7371724!4d-71.4078122!16s%2Fg%2F1tdx54ch!19sChIJ_yAnYGtO5IkRAScl08N36s8",,,1336208511,,,
C,"Mellion & Cappuccino, Inc.",Warwick,RI,(401) 732-5454,VALID,area code matches RI,Constance Laliberte,Business Manager,,,,,,,,265 Jefferson Blvd,02888,Endodontics,Practice (organisation),Secondary (specialty),,1,2020,Ageing,https://npiregistry.cms.hhs.gov/provider-view/1932244076,,,,,1932244076,,,
C,RI Orthodontic Group Westerly,Westerly,RI,(401) 596-6016,VALID,area code matches RI; confirmed by 3 independent sources,"Brad Turchetta, DDS",Partner In Group,,,,,,,https://smartdentalnetwork.com/childrens-dentistry-westerly,130 Granite St,02891,Orthodontics,Practice (organisation),Secondary (specialty),,1,2015,Ageing,https://npiregistry.cms.hhs.gov/provider-view/1386019818,https://smartdentalnetwork.com/childrens-dentistry-westerly,https://www.google.com/maps/place/Rhode+Island+Orthodontic+Group/data=!4m7!3m6!1s0x89e5e7049c6d80c1:0x6e7154e57860fe84!8m2!3d41.3618316!4d-71.8276977!16s%2Fg%2F11bbw_t9xz!19sChIJwYBtnATn5YkRhP5geOVUcW4,,,1386019818,,,
C,George Family Orthodontics Inc.,Barrington,RI,(401) 245-2626,VALID,area code matches RI,Lori Tinkham,Manager,,,,,,,,147 County Rd,02806,Orthodontics,Practice (organisation),Secondary (specialty),,2,2008,Stale,https://npiregistry.cms.hhs.gov/provider-view/1154589851,,,,,1154589851,,,
C,"Bryan Beagan, D.M.D.",Cranston,RI,(401) 942-0300,VALID,area code matches RI; confirmed by 3 independent sources,"Bryan Beagan, D.M.D.",D.M.D.,,,,,,,https://www.universityorthodontics.net/cranston-office,95 Sockanosset Cross Rd Suite 301,02920,Orthodontics,Individual dentist,Secondary (specialty),,1,2008,Stale,https://npiregistry.cms.hhs.gov/provider-view/1558572917,https://www.universityorthodontics.net/cranston-office,https://www.google.com/maps/place/University+Orthodontics+-+Cranston./data=!4m7!3m6!1s0x89e44ec21a156185:0xf63b9dfe2e68cb83!8m2!3d41.755156!4d-71.4547861!16s%2Fg%2F1tl1jxp_!19sChIJhWEVGsJO5IkRg8toLv6dO_Y,,,1558572917,,,
C,"Cosmo Haralambidis, DMD",Cranston,RI,(401) 464-4999,VALID,area code matches RI; confirmed by 3 independent sources,"Cosmo Haralambidis, DMD",DMD,,,,,,,http://www.drcosmo.com/,59 Phenix Avenue,02920,Orthodontics,Individual dentist,Secondary (specialty),,1,2007,Stale,https://npiregistry.cms.hhs.gov/provider-view/1790819985,http://www.drcosmo.com/,"https://www.google.com/maps/place/Dr.+Cosmo+Haralambidis,+DMD/data=!4m7!3m6!1s0x89e44f306abb4f95:0x583a85c511748f88!8m2!3d41.782177!4d-71.4674279!16s%2Fg%2F1tlgyzl0!19sChIJlU-7ajBP5IkRiI90EcWFOlg",,,1790819985,,,
C,"Dawn Gallucci, D.M.D.",Cranston,RI,(401) 942-5252,VALID,area code matches RI; confirmed by 3 independent sources,"Dawn Gallucci, D.M.D.",D.M.D.,,,,,,,http://www.prostheticdentalassociates.com/,915 Oaklawn Ave,02920,Prosthodontics,Individual dentist,Secondary (specialty),,1,2007,Stale,https://npiregistry.cms.hhs.gov/provider-view/1306065123,http://www.prostheticdentalassociates.com/,"https://www.google.com/maps/place/Dr.+Kenneth+D.+Silvestri,+DMD/data=!4m7!3m6!1s0x89e4494ce11660db:0xdc7f3b61211e1f8!8m2!3d41.7469466!4d-71.4791616!16s%2Fg%2F1tczrcj3!19sChIJ22AW4UxJ5IkR-OERErbzxw0",,,1306065123,,,
C,"Edward T Ferry, DDS Inc",Cranston,RI,(401) 781-2900,VALID,area code matches RI,"Edward Ferry, DDS",President,,,,,,,,599 Pontiac Ave,02910,Orthodontics,Practice (organisation),Secondary (specialty),,2,2008,Stale,https://npiregistry.cms.hhs.gov/provider-view/1609045491,,,,,1609045491,,,
C,Pezza Orthodontics,Cranston,RI,(401) 943-4111,VALID,area code matches RI; confirmed by 3 independent sources,"Joseph Pezza, DDS",Orthodontist,,,,,,,http://www.pezzaorthodontics.com/,1220 Pontiac Ave,02920,Orthodontics,Practice (organisation),Secondary (specialty),,1,2008,Stale,https://npiregistry.cms.hhs.gov/provider-view/1801048798,http://www.pezzaorthodontics.com/,https://www.google.com/maps/place/Pezza+Orthodontics/data=!4m7!3m6!1s0x89e44eeb1d2ce069:0xf6d3e428d0352202!8m2!3d41.75113!4d-71.4513736!16s%2Fg%2F1td7v613!19sChIJaeAsHetO5IkRAiI10Cjk0_Y,,,1801048798,,,
C,Joanne C Lewis DDS LLC,East Greenwich,RI,(401) 885-1500,VALID,area code matches RI,David Lewis,Practice Manager,,,,,,,,2358 S County Trl,02818,Pediatric,Practice (organisation),Secondary (specialty),,1,2014,Stale,https://npiregistry.cms.hhs.gov/provider-view/1871913715,,,,,1871913715,,,
C,"Robert Mattioli, DMD",East Greenwich,RI,(401) 886-5900,VALID,area code matches RI,"Robert Mattioli, DMD",DMD,,,,,,,,5550 Post Road,02818,Orthodontics,Individual dentist,Secondary (specialty),,1,2007,Stale,https://npiregistry.cms.hhs.gov/provider-view/1831256403,,,,,1831256403,,,
C,"Maarten Broess, D.M.D.",Johnston,RI,(401) 831-1414,VALID,area code matches RI,"Maarten Broess, D.M.D.",D.M.D.,,,,,,,,1414 Atwood Ave,02919,Orthodontics,Individual dentist,Secondary (specialty),,1,2007,Stale,https://npiregistry.cms.hhs.gov/provider-view/1992890156,,,,,1992890156,,,
C,"Richard Carlson, D.D.S.",Newport,RI,(401) 846-9770,VALID,area code matches RI,"Richard Carlson, D.D.S.",D.D.S.,,,,,,,,31 Long Wharf Mall,02840,Orthodontics,Individual dentist,Secondary (specialty),,1,2007,Stale,https://npiregistry.cms.hhs.gov/provider-view/1871658005,,,,,1871658005,,,
C,"Abbas Ghorieshi, DMD",Pawtucket,RI,(401) 723-6565,VALID,area code matches RI; confirmed by 2 independent sources,"Abbas Ghorieshi, DMD",DMD,,,,,,,,115 Newport Ave,02861,Periodontics,Individual dentist,Secondary (specialty),,1,2007,Stale,https://npiregistry.cms.hhs.gov/provider-view/1942313929,,"https://www.google.com/maps/place/Dr.+Abbas+Ghorieshi,+DMD/data=!4m7!3m6!1s0x89e45b66f24e5bc5:0x992647ba240a899c!8m2!3d41.8619764!4d-71.3539205!16s%2Fg%2F1tfff69k!19sChIJxVtO8mZb5IkRnIkKJLpHJpk",,,1942313929,,,
C,"Brad Kaplan, D.M.D",Providence,RI,(401) 861-5100,VALID,area code matches RI,"Brad Kaplan, D.M.D",D.m.d,,,,,,,,149 Governor St,02906,"Dentist, Oral and Maxillofacial Pathology",Individual dentist,Secondary (specialty),,1,2007,Stale,https://npiregistry.cms.hhs.gov/provider-view/1275618555,,,,,1275618555,,,
C,"City Dental, LLC",Providence,RI,(401) 942-5051,VALID,area code matches RI; confirmed by 2 independent sources,Cielito Deayala,Manager,,,,,,,,314F Pocasset Avenue,02909,Periodontics,Practice (organisation),Secondary (specialty),,2,2007,Stale,https://npiregistry.cms.hhs.gov/provider-view/1477736452,,https://www.google.com/maps/place/Millennium+Family+Dental/data=!4m7!3m6!1s0x89e44f5f08cff8cd:0x67eef96fbe7d340c!8m2!3d41.8063245!4d-71.4570439!16s%2Fg%2F1tdp1h3k!19sChIJzfjPCF9P5IkRDDR9vm_57mc,,,1477736452,,,
C,"Craig Vandongen, DDS",Providence,RI,(401) 831-3777,VALID,area code matches RI,"Craig Vandongen, DDS",DDS,,,,,,,,372 Ives St,02906,Prosthodontics,Individual dentist,Secondary (specialty),,1,2007,Stale,https://npiregistry.cms.hhs.gov/provider-view/1558584656,,,,,1558584656,,,
C,"David Pezzullo, DMD",Providence,RI,(401) 781-3393,VALID,area code matches RI,"David Pezzullo, DMD",DMD,,,,,,,,400 Reservoir Ave Suite 3E,02907,Periodontics,Individual dentist,Secondary (specialty),,1,2007,Stale,https://npiregistry.cms.hhs.gov/provider-view/1831101989,,,,,1831101989,,,
C,"Donald Kallio, DMD",Providence,RI,(401) 861-5000,VALID,area code matches RI,"Donald Kallio, DMD",DMD,,,,,,,,16 Bridge St Corliss Landing,02903,Periodontics,Individual dentist,Secondary (specialty),,1,2007,Stale,https://npiregistry.cms.hhs.gov/provider-view/1205980604,,,,,1205980604,,,
C,"Periodontal Associates, Ltd.",Providence,RI,(401) 421-6464,VALID,area code matches RI; confirmed by 3 independent sources,"Fayez Badlissi, DMD",Owner,,,,,,,https://www.periori.com/,189 Governor St,02906,Periodontics,Practice (organisation),Secondary (specialty),,2,2014,Stale,https://npiregistry.cms.hhs.gov/provider-view/1801206677,https://www.periori.com/,"https://www.google.com/maps/place/Periodontal+Associates,+Ltd./data=!4m7!3m6!1s0x89e4452ff275eab9:0xa68bf26b846dbb3d!8m2!3d41.8272297!4d-71.3936408!16s%2Fg%2F1tdchcsz!19sChIJuep18i9F5IkRPbtthGvyi6Y",,,1801206677,,,
C,"Peter Payne, DMD",Providence,RI,(401) 273-6161,VALID,area code matches RI,"Peter Payne, DMD",DMD,,,,,,,,151 Waterman St,02906,Periodontics,Individual dentist,Secondary (specialty),,1,2007,Stale,https://npiregistry.cms.hhs.gov/provider-view/1699828640,,,,,1699828640,,,
C,"Prosthodontics, Ltd",Providence,RI,(401) 421-2022,VALID,area code matches RI,"Lawrence Dario, DMD",Owner,,,,,,,,200 Waterman St,02906,Prosthodontics,Practice (organisation),Secondary (specialty),,2,2008,Stale,https://npiregistry.cms.hhs.gov/provider-view/1801915186,,,,,1801915186,,,
C,"Steven Peiser, DDS",Providence,RI,(401) 272-7119,VALID,area code matches RI,"Steven Peiser, DDS",DDS,,,,,,,,324 Angell St,02906,Periodontics,Individual dentist,Secondary (specialty),,1,2007,Stale,https://npiregistry.cms.hhs.gov/provider-view/1225185747,,,,,1225185747,,,
C,Brad Turchetta,Warwick,RI,(401) 739-5252,VALID,area code matches RI; confirmed by 3 independent sources,Brad Turchetta,Dentist,,,,,,,http://www.riortho.com/,1865 Post Rd Suite 204,02886,Orthodontics,Individual dentist,Secondary (specialty),,1,2007,Stale,https://npiregistry.cms.hhs.gov/provider-view/1306859749,http://www.riortho.com/,"https://www.google.com/maps/place/Brad+J.+Turchetta,+DDS/data=!4m7!3m6!1s0x89e44e83c78b1597:0xd5aa25124c0b801a!8m2!3d41.730776!4d-71.437541!16s%2Fg%2F1tfkglll!19sChIJlxWLx4NO5IkRGoALTBIlqtU",,,1306859749,,,
C,"Daniel Eves, DMD, MS",Warwick,RI,(401) 739-3900,VALID,area code matches RI; confirmed by 3 independent sources,"Daniel Eves, DMD, MS","DMD, MS",,,,,,,http://www.tollgateorthodontics.com/,500 Toll Gate Rd,02886,Orthodontics,Individual dentist,Secondary (specialty),,1,2012,Stale,https://npiregistry.cms.hhs.gov/provider-view/1184694622,http://www.tollgateorthodontics.com/,https://www.google.com/maps/place/Tollgate+Orthodontics/data=!4m7!3m6!1s0x89e44b862c5fcb43:0xcefef01cd52dce73!8m2!3d41.7055977!4d-71.4805935!16s%2Fg%2F1tjy2j2j!19sChIJQ8tfLIZL5IkRc84t1Rzw_s4,,,1184694622,,,
C,"George Pirie, DMD",Warwick,RI,(401) 737-3663,VALID,area code matches RI,"George Pirie, DMD",DMD,,,,,,,,77 Toll Gate Road,02886,Periodontics,Individual dentist,Secondary (specialty),,1,2007,Stale,https://npiregistry.cms.hhs.gov/provider-view/1275666141,,,,,1275666141,,,
C,"Martin Metzger, DDS",Warwick,RI,(401) 781-5610,VALID,area code matches RI,"Martin Metzger, DDS",DDS,,,,,,,,55 Jefferson Blvd,02888,Prosthodontics,Individual dentist,Secondary (specialty),,1,2007,Stale,https://npiregistry.cms.hhs.gov/provider-view/1013037035,,,,,1013037035,,,
C,Perio Inc,Warwick,RI,(401) 781-2742,VALID,area code matches RI; confirmed by 3 independent sources,"Brenda Pierce, D.D.S.",Owner,,,,,,,http://www.ridentalsleepmedicine.com/,67 Jefferson Boulvard,02888,Periodontics,Practice (organisation),Secondary (specialty),,1,2011,Stale,https://npiregistry.cms.hhs.gov/provider-view/1891811063,http://www.ridentalsleepmedicine.com/,https://www.google.com/maps/place/Rhode+Island+Center+For+Dental+Sleep+Medicine/data=!4m7!3m6!1s0x89e44ef474e10691:0xd1fff40d0e46be69!8m2!3d41.7501711!4d-71.4356644!16s%2Fg%2F1ptw03y2f!19sChIJkQbhdPRO5IkRab5GDg30_9E,,,1891811063,,,
C,"Scott Harsfield, D.M.D",Warwick,RI,(401) 223-1223,VALID,area code matches RI,"Scott Harsfield, D.M.D",D.m.d,,,,,,,,1429 Warwick Ave,02888,Orthodontics,Individual dentist,Secondary (specialty),,1,2007,Stale,https://npiregistry.cms.hhs.gov/provider-view/1073727095,,,,,1073727095,,,
C,"Ocean Orthodontic, Inc.",Westerly,RI,(401) 596-1414,VALID,area code matches RI; confirmed by 2 independent sources,"Robert Hayden, D.M.D.",President,,,,,,,,5 Crestview Dr,02891,Orthodontics,Practice (organisation),Secondary (specialty),,1,2011,Stale,https://npiregistry.cms.hhs.gov/provider-view/1659655579,,https://www.google.com/maps/place/Ocean+Orthodontics:+Hayden+Robert+P+DMD/data=!4m7!3m6!1s0x89e5e6e5d4d526b3:0x81fc3fe157a0cce!8m2!3d41.3593909!4d-71.8272902!16s%2Fg%2F1td77lrz!19sChIJsybV1OXm5YkRzgx6Ff7DHwg,,,1659655579,,,
C,"City Dental Of Woonsocket, LLC",Woonsocket,RI,(401) 597-5920,VALID,area code matches RI,"Josephine Roca, BA",Office Manager,,,,,,,,515 Social St,02895,Periodontics,Practice (organisation),Secondary (specialty),,2,2010,Stale,https://npiregistry.cms.hhs.gov/provider-view/1265759567,,,,,1265759567,,,
C,"Erwin Domingo, D.D.S.",Woonsocket,RI,(401) 769-1200,VALID,area code matches RI,"Erwin Domingo, D.D.S.",D.D.S.,,,,,,,,20 Cumberland Hill Rd Suite 101,02895,"Dentist, Oral and Maxillofacial Pathology",Individual dentist,Secondary (specialty),,1,2007,Stale,https://npiregistry.cms.hhs.gov/provider-view/1659322725,,,,,1659322725,,,
D,ClearChoice Dental Implant Center - Providence,Cranston,RI,(401) 209-2072,VALID,area code matches RI; confirmed by 2 independent sources,,,,,,,,,https://www.clearchoice.com/locations/ri/cranston/4000-chapel-view-blvd/,4000 Chapel View Blvd Ste 200,,Dental implants provider,Google Maps listing,Maps-sourced,,1,,,,https://www.clearchoice.com/locations/ri/cranston/4000-chapel-view-blvd/,https://www.google.com/maps/place/ClearChoice+Dental+Implant+Center+-+Providence/data=!4m7!3m6!1s0x89e44f6882f56347:0xd69ecb00ebc73843!8m2!3d41.7562893!4d-71.4585744!16s%2Fg%2F11s98v2_x6!19sChIJR2P1gmhP5IkRQzjH6wDLntY,,,,,,
D,Cranston Dental Group,Cranston,RI,(401) 240-4761,VALID,area code matches RI; confirmed by 2 independent sources,,,,,,,,,https://cranstondentalgroup.com/contact-us,1090 New London Ave Ste 2,,Dentist,Google Maps listing,Maps-sourced,,1,,,,https://cranstondentalgroup.com/contact-us,https://www.google.com/maps/place/Cranston+Dental+Group/data=!4m7!3m6!1s0x89e44eaca1a55555:0x119dce22a1db8e95!8m2!3d41.7391314!4d-71.4760931!16s%2Fg%2F11t2pzr72z!19sChIJVVWloaxO5IkRlY7boSLOnRE,,,,,,
D,Cranston Pediatric Dentistry,Cranston,RI,(401) 473-0400,VALID,area code matches RI; confirmed by 2 independent sources,,,,,,,,,http://www.cranstonpediatricdentistry.com/,67 Phenix Ave,,Dentist,Google Maps listing,Maps-sourced,,1,,,,http://www.cranstonpediatricdentistry.com/,https://www.google.com/maps/place/Cranston+Pediatric+Dentistry/data=!4m7!3m6!1s0x89e44f2612e40c4d:0x6524fc3d22cabb23!8m2!3d41.7820479!4d-71.4679547!16s%2Fg%2F11gjt291p3!19sChIJTQzkEiZP5IkRI7vKIj38JGU,,,,,,
D,Direct Pay Dental Care,Cranston,RI,(401) 612-7347,VALID,area code matches RI; confirmed by 2 independent sources,,,,,,,,,http://www.directpaydentalcare.com/,75 Sockanosset Cross Rd #204,,Medical clinic,Google Maps listing,Maps-sourced,,1,,,,http://www.directpaydentalcare.com/,https://www.google.com/maps/place/Direct+Pay+Dental+Care/data=!4m7!3m6!1s0x89e44f3653e78ffd:0x409a243cc963c5e9!8m2!3d41.7541452!4d-71.4541656!16s%2Fg%2F11hyqt8ryf!19sChIJ_Y_nUzZP5IkR6cVjyTwkmkA,,,,,,
D,Dr. Mosca,Cranston,RI,(401) 942-1312,VALID,area code matches RI; confirmed by 2 independent sources,,,,,,,,,http://drbentomosca.com/,10 Crossway Rd,,Dentist,Google Maps listing,Maps-sourced,,1,,,,http://drbentomosca.com/,https://www.google.com/maps/place/Dr.+Mosca/data=!4m7!3m6!1s0x89e44f365f0f98ff:0xfe94508952f3b5c3!8m2!3d41.7722307!4d-71.4515732!16s%2Fg%2F11n112dr5_!19sChIJ_5gPXzZP5IkRw7XzUolQlP4,,,,,,
D,"Dr. Stephen T. Skoly Jr, DMD",Cranston,RI,(401) 944-0397,VALID,area code matches RI,,,,,,,,,,30 Chapel View Blvd Ste 240,,Oral surgeon,Google Maps listing,Maps-sourced,,1,,,,,"https://www.google.com/maps/place/Dr.+Stephen+T.+Skoly+Jr,+DMD/data=!4m7!3m6!1s0x89e44f1919323f97:0x7871824ab6741370!8m2!3d41.7552637!4d-71.4592594!16s%2Fg%2F1tgm3wq3!19sChIJlz8yGRlP5IkRcBN0tkqCcXg",,,,,,
D,"Martin Elson, DDS",Cranston,RI,(401) 464-6406,VALID,area code matches RI; confirmed by 2 independent sources,,,,,,,,,https://www.brownhealth.org/providers/martin-elson-dds,1265 Reservoir Ave,,Oral surgeon,Google Maps listing,Maps-sourced,,1,,,,https://www.brownhealth.org/providers/martin-elson-dds,"https://www.google.com/maps/place/Martin+Elson,+DDS/data=!4m7!3m6!1s0x89e44edf1e39972b:0x95f91ac020104da4!8m2!3d41.7671468!4d-71.4578751!16s%2Fg%2F1vkxn8qw!19sChIJK5c5Ht9O5IkRpE0QIMAa-ZU",,,,,,
D,Medical Dental Consultants Inc,Cranston,RI,(401) 943-2200,VALID,area code matches RI; confirmed by 2 independent sources,,,,,,,,,https://www.meddentconsultants.com/,35 Sockanosset Cross Rd Ste 5,,Business management consultant,Google Maps listing,Maps-sourced,,1,,,,https://www.meddentconsultants.com/,https://www.google.com/maps/place/Medical+Dental+Consultants+Inc/data=!4m7!3m6!1s0x89e44eea15fbc429:0x30485df9cc15ccb0!8m2!3d41.7530929!4d-71.4521344!16s%2Fg%2F1w666ffq!19sChIJKcT7FepO5IkRsMwVzPldSDA,,,,,,
D,New England Dental advanced cosmetic dentistry,Cranston,RI,(401) 781-4424,VALID,area code matches RI; confirmed by 2 independent sources,,,,,,,,,https://www.nedentalri.com/,1387 Broad St,,Dentist,Google Maps listing,Maps-sourced,,1,,,,https://www.nedentalri.com/,https://www.google.com/maps/place/New+England+Dental+advanced+cosmetic+dentistry/data=!4m7!3m6!1s0x89e44fed67a96c57:0x9ebe9902e93c0df0!8m2!3d41.789068!4d-71.4045459!16s%2Fg%2F11b8v9_wm3!19sChIJV2ypZ-1P5IkR8A086QKZvp4,,,,,,
D,Synapse- Dental Pain Eraser,Cranston,RI,(401) 428-3600,VALID,area code matches RI; confirmed by 2 independent sources,,,,,,,,,http://dentalpaineraser.com/,67 Phenix Ave,,Corporate office,Google Maps listing,Maps-sourced,,1,,,,http://dentalpaineraser.com/,https://www.google.com/maps/place/Synapse-+Dental+Pain+Eraser/data=!4m7!3m6!1s0x89e44fbdbb8b4b23:0x2bbcc0c9b3c26290!8m2!3d41.7820479!4d-71.4679547!16s%2Fg%2F11h6ybks4p!19sChIJI0uLu71P5IkRkGLCs8nAvCs,,,,,,
D,William R Bebrin DMD,Cranston,RI,(401) 946-4046,VALID,area code matches RI; confirmed by 2 independent sources,,,,,,,,,https://www.acornorthodontics.com/cranston-office/,1280 Park Ave,,Orthodontist,Google Maps listing,Maps-sourced,,1,,,,https://www.acornorthodontics.com/cranston-office/,https://www.google.com/maps/place/William+R+Bebrin+DMD/data=!4m7!3m6!1s0x89e44f3e168925f7:0x5226525de3811c5e!8m2!3d41.7841812!4d-71.454647!16s%2Fg%2F1tj4chhv!19sChIJ9yWJFj5P5IkRXhyB411SJlI,,,,,,
D,401 Dental,Lincoln,RI,(401) 386-8729,VALID,area code matches RI; confirmed by 2 independent sources,,,,,,,,,http://401dental.com/,41 Sanderson Rd #106,,Dentist,Google Maps listing,Maps-sourced,,1,,,,http://401dental.com/,https://www.google.com/maps/place/401+Dental/data=!4m7!3m6!1s0x89e447f8fba816dd:0x66c247bed7d341d1!8m2!3d41.8650587!4d-71.5330011!16s%2Fg%2F11nmclcysd!19sChIJ3Rao-_hH5IkR0UHT175HwmY,,,,,,
D,Affordable Dentures & Implants,Lincoln,RI,(401) 746-3453,VALID,area code matches RI; confirmed by 2 independent sources,,,,,,,,,https://www.affordabledentures.com/locations/ri/providence-greenville,445 Putnam Pike,,Dentist,Google Maps listing,Maps-sourced,,1,,,,https://www.affordabledentures.com/locations/ri/providence-greenville,https://www.google.com/maps/place/Affordable+Dentures+%26+Implants/data=!4m7!3m6!1s0x89e43899133db4c7:0xf9bf27fa2a907a72!8m2!3d41.8715843!4d-71.5277348!16s%2Fg%2F1v6qjn0q!19sChIJx7Q9E5k45IkRcnqQKvonv_k,,,,,,
D,Attleboro Dental Group,Lincoln,RI,(774) 203-4195,CHECK,"area code 774 belongs to MA, practice is in RI",,,,,,,,,https://www.attleborodentalgroup.com/,1174 S Washington St Ste 400,,Dentist,Google Maps listing,Maps-sourced,,1,,,,https://www.attleborodentalgroup.com/,https://www.google.com/maps/place/Attleboro+Dental+Group/data=!4m7!3m6!1s0x89e467d33dba1dd3:0xe900190110e6a2c9!8m2!3d41.9433562!4d-71.3466961!16s%2Fg%2F11s3kj8gf6!19sChIJ0x26PdNn5IkRyaLmEAEZAOk,,,,,,
D,Attleboro Dental Inc.,Lincoln,RI,(508) 695-5800,CHECK,"area code 508 belongs to MA, practice is in RI",,,,,,,,,http://www.attleborodentalinc.com/index.html,11 Holbrook Ave,,Dentist,Google Maps listing,Maps-sourced,,1,,,,http://www.attleborodentalinc.com/index.html,https://www.google.com/maps/place/Attleboro+Dental+Inc./data=!4m7!3m6!1s0x89e466fe2b68ad55:0x2af14250eddcbc51!8m2!3d41.9791471!4d-71.3318424!16s%2Fg%2F1twy_kst!19sChIJVa1oK_5m5IkRUbzc7VBC8So,,,,,,
D,"Blackstone Endodontics: Mariya Shnaydman, DMD, MDS",Lincoln,RI,(401) 405-4411,VALID,area code matches RI; confirmed by 2 independent sources,,,,,,,,,https://www.blackstoneendo.com/,2138 Mendon Rd Ste 102,,Endodontist,Google Maps listing,Maps-sourced,,1,,,,https://www.blackstoneendo.com/,"https://www.google.com/maps/place/Blackstone+Endodontics:+Mariya+Shnaydman,+DMD,+MDS/data=!4m7!3m6!1s0x89e443e0310d2111:0xc7530f665a4bbc65!8m2!3d41.9521!4d-71.4429649!16s%2Fg%2F11h6rxww42!19sChIJESENMeBD5IkRZbxLWmYPU8c",,,,,,
D,Comfort Dental,Lincoln,RI,(401) 305-6688,VALID,area code matches RI; confirmed by 2 independent sources,,,,,,,,,http://ricomfortdental.com/,725 Dexter St,,Dentist,Google Maps listing,Maps-sourced,,1,,,,http://ricomfortdental.com/,https://www.google.com/maps/place/Comfort+Dental/data=!4m7!3m6!1s0x89e44345ac858727:0x53cd7ea56b23b48d!8m2!3d41.8870888!4d-71.3971179!16s%2Fg%2F1tl4f11c!19sChIJJ4eFrEVD5IkRjbQja6V-zVM,,,,,,
D,Diamond Hill Dental,Lincoln,RI,(401) 333-2700,VALID,area code matches RI; confirmed by 2 independent sources,,,,,,,,,https://www.diamondhilldental.com/,2343 Diamond Hill Rd,,Dentist,Google Maps listing,Maps-sourced,,1,,,,https://www.diamondhilldental.com/,https://www.google.com/maps/place/Diamond+Hill+Dental/data=!4m7!3m6!1s0x89e4681e8f4aaa4b:0x328bd9076cea0140!8m2!3d41.9546955!4d-71.4010169!16s%2Fg%2F1tgp1tyz!19sChIJS6pKjx5o5IkRQAHqbAfZizI,,,,,,
D,Family & Cosmetic Dentistry,Lincoln,RI,(401) 333-1516,VALID,area code matches RI; confirmed by 2 independent sources,,,,,,,,,https://www.cumberlandridentistry.com/,1960 Mendon Rd,,Cosmetic dentist,Google Maps listing,Maps-sourced,,1,,,,https://www.cumberlandridentistry.com/,https://www.google.com/maps/place/Family+%26+Cosmetic+Dentistry/data=!4m7!3m6!1s0x89e442653ed868ab:0x5d6c13d143e89300!8m2!3d41.9480823!4d-71.4401015!16s%2Fg%2F1tfvtz3_!19sChIJq2jYPmVC5IkRAJPoQ9ETbF0,,,,,,
D,Izzi Orthodontics,Lincoln,RI,(401) 335-9090,VALID,area code matches RI; confirmed by 2 independent sources,,,,,,,,,http://www.izziorthodontics.com/,132 Old River Rd,,Orthodontist,Google Maps listing,Maps-sourced,,1,,,,http://www.izziorthodontics.com/,https://www.google.com/maps/place/Izzi+Orthodontics/data=!4m7!3m6!1s0x89e44247158ff7bd:0x12401138b4a1bbd5!8m2!3d41.9350381!4d-71.4517949!16s%2Fg%2F1tp30d2j!19sChIJvfePFUdC5IkR1buhtDgRQBI,,,,,,
D,Izzi Orthodontics,Lincoln,RI,(401) 354-8444,VALID,area code matches RI; confirmed by 2 independent sources,,,,,,,,,http://www.izziorthodontics.com/,1351 Smith St #103,,Orthodontist,Google Maps listing,Maps-sourced,,1,,,,http://www.izziorthodontics.com/,https://www.google.com/maps/place/Izzi+Orthodontics/data=!4m7!3m6!1s0x89e44434f79adb2d:0xdd3cc1e7a7a8adfd!8m2!3d41.8488148!4d-71.4574811!16s%2Fg%2F1vf9dcx6!19sChIJLdua9zRE5IkR_a2op-fBPN0,,,,,,
D,Lincoln dental associates,Lincoln,RI,,INVALID,not 10 digits,,,,,,,,,https://www.lincolndentalassociatesri.com/,6 Blackstone Valley Pl Ste 501,,Dentist,Google Maps listing,Maps-sourced,,1,,,,https://www.lincolndentalassociatesri.com/,https://www.google.com/maps/place/Lincoln+dental+associates/data=!4m7!3m6!1s0x89e4435cf5165b0f:0x5b750a8f7de8f175!8m2!3d41.9355132!4d-71.4554603!16s%2Fg%2F11trr6rcqq!19sChIJD1sW9VxD5IkRdfHofY8KdVs,,,,,,
D,"McGuirk Patrick J Dr- Your Dentist in Greenville, RI",Lincoln,RI,(401) 949-3640,VALID,area code matches RI; confirmed by 2 independent sources,,,,,,,,,http://www.drmcguirk.com/,532 Putnam Pike,,Dentist,Google Maps listing,Maps-sourced,,1,,,,http://www.drmcguirk.com/,"https://www.google.com/maps/place/McGuirk+Patrick+J+Dr-+Your+Dentist+in+Greenville,+RI/data=!4m7!3m6!1s0x89e4470d829b01bd:0x73bf72ae9d5589b8!8m2!3d41.870168!4d-71.545674!16s%2Fg%2F1tdgl8f_!19sChIJvQGbgg1H5IkRuIlVna5yv3M",,,,,,
D,Mendon Dental Associates,Lincoln,RI,(401) 658-1888,VALID,area code matches RI,,,,,,,,,,3231 Mendon Rd,,Dentist,Google Maps listing,Maps-sourced,,1,,,,,https://www.google.com/maps/place/Mendon+Dental+Associates/data=!4m7!3m6!1s0x89e469e9835a6def:0xd8c0f29fb899712!8m2!3d41.9751921!4d-71.4562949!16s%2Fg%2F1tg3679t!19sChIJ721ag-lp5IkREpeJ-ykPjA0,,,,,,
D,Pure Brilliance,Lincoln,RI,(401) 227-4050,VALID,area code matches RI; confirmed by 2 independent sources,,,,,,,,,http://www.purebrillianceteethwhitening.com/,1417 Atwood Ave #4895,,Teeth whitening service,Google Maps listing,Maps-sourced,,1,,,,http://www.purebrillianceteethwhitening.com/,https://www.google.com/maps/place/Pure+Brilliance/data=!4m7!3m6!1s0x89e4461ec99bcccf:0xb4473fae7727309e!8m2!3d41.818992!4d-71.496872!16s%2Fg%2F11b88r9xd3!19sChIJz8ybyR5G5IkRnjAnd64_R7Q,,,,,,
D,Santare Anthony M DDS,Lincoln,RI,(401) 334-4436,VALID,area code matches RI,,,,,,,,,,2300 Diamond Hill Rd,,Dentist,Google Maps listing,Maps-sourced,,1,,,,,https://www.google.com/maps/place/Santare+Anthony+M+DDS/data=!4m7!3m6!1s0x89e4681e3ac1c2ed:0x2d3f6b5a5c12dae3!8m2!3d41.9530447!4d-71.4023693!16s%2Fg%2F1tfwlcsd!19sChIJ7cLBOh5o5IkR49oSXFprPy0,,,,,,
D,Scott B Klimaj Inc,Lincoln,RI,(401) 949-3200,VALID,area code matches RI; confirmed by 2 independent sources,,,,,,,,,https://www.drscottri.com/,7 Smith Ave #103,,Dentist,Google Maps listing,Maps-sourced,,1,,,,https://www.drscottri.com/,https://www.google.com/maps/place/Scott+B+Klimaj+Inc/data=!4m7!3m6!1s0x89e4476e354aa139:0x941da9be1cbe8e57!8m2!3d41.8705741!4d-71.5538055!16s%2Fg%2F1tgcbjjs!19sChIJOaFKNW5H5IkRV46-HL6pHZQ,,,,,,
D,"Steven H. Young, DDS, OMS, LLC",Lincoln,RI,(401) 273-7802,VALID,area code matches RI; confirmed by 2 independent sources,,,,,,,,,https://www.johnstonoralsurgery.com/,1414 Atwood Ave Ste 340,,Oral surgeon,Google Maps listing,Maps-sourced,,1,,,,https://www.johnstonoralsurgery.com/,"https://www.google.com/maps/place/Steven+H.+Young,+DDS,+OMS,+LLC/data=!4m7!3m6!1s0x89e44618fb3047d9:0x3cd7bad9b9183c63!8m2!3d41.821484!4d-71.498709!16s%2Fg%2F1xn_pddh!19sChIJ2Ucw-xhG5IkRYzwYudm61zw",,,,,,
D,Aquidneck Dental,North Kingstown,RI,(401) 683-5990,VALID,area code matches RI; confirmed by 2 independent sources,,,,,,,,,http://www.aquidneckdental.com/,21 King Charles Dr,,Dentist,Google Maps listing,Maps-sourced,,1,,,,http://www.aquidneckdental.com/,https://www.google.com/maps/place/Aquidneck+Dental/data=!4m7!3m6!1s0x89e5ab7242cf1a77:0x43a49278a4dc0ff8!8m2!3d41.5918793!4d-71.2674245!16s%2Fg%2F1td148xz!19sChIJdxrPQnKr5YkR-A_cpHiSpEM,,,,,,
D,Capalbo Dental Group of Wakefield,North Kingstown,RI,(401) 789-6118,VALID,area code matches RI; confirmed by 2 independent sources,,,,,,,,,https://smartdentalnetwork.com/capalbo-dental-wakefield,133 Old Tower Hill Rd,,Dentist,Google Maps listing,Maps-sourced,,1,,,,https://smartdentalnetwork.com/capalbo-dental-wakefield,https://www.google.com/maps/place/Capalbo+Dental+Group+of+Wakefield/data=!4m7!3m6!1s0x89e5b944b6d72ae9:0x6500be293dcfb8e8!8m2!3d41.4417037!4d-71.4833526!16s%2Fg%2F119th0xp4!19sChIJ6SrXtkS55YkR6LjPPSm-AGU,,,,,,
D,Coastal Dental,North Kingstown,RI,(401) 423-2110,VALID,area code matches RI; confirmed by 2 independent sources,,,,,,,,,https://coastaldentalri.com/,20 Clinton Ave,,Dentist,Google Maps listing,Maps-sourced,,1,,,,https://coastaldentalri.com/,https://www.google.com/maps/place/Coastal+Dental/data=!4m7!3m6!1s0x89e5afe557a39813:0xe13793e30f358d88!8m2!3d41.495192!4d-71.370715!16s%2Fg%2F11btsvf66k!19sChIJE5ijV-Wv5YkRiI01D-OTN-E,,,,,,
D,Coventry Family Dental,North Kingstown,RI,(401) 821-5864,VALID,area code matches RI; confirmed by 2 independent sources,,,,,,,,,https://www.smilingri.com/,903 Tiogue Ave,,Dentist,Google Maps listing,Maps-sourced,,1,,,,https://www.smilingri.com/,https://www.google.com/maps/place/Coventry+Family+Dental/data=!4m7!3m6!1s0x89e43557da7f09ab:0x8fced24e48cb23be!8m2!3d41.6806912!4d-71.5706158!16s%2Fg%2F1v6l8hvt!19sChIJqwl_2lc15IkRviPLSE7Szo8,,,,,,
D,Dental Haven,North Kingstown,RI,(401) 300-4405,VALID,area code matches RI; confirmed by 2 independent sources,,,,,,,,,https://www.dentalhavenri.com/,1521 W Main Rd,,Dentist,Google Maps listing,Maps-sourced,,1,,,,https://www.dentalhavenri.com/,https://www.google.com/maps/place/Dental+Haven/data=!4m7!3m6!1s0x89e5af602c33be61:0x2131351d63235cdc!8m2!3d41.5394957!4d-71.2912345!16s%2Fg%2F11yz9z1k6r!19sChIJYb4zLGCv5YkR3FwjYx01MSE,,,,,,
D,Dutchman Dental..,North Kingstown,RI,(214) 273-1754,VALID,area code 214 outside target states,,,,,,,,,,1359 Main Rd,,Dentist,Google Maps listing,Maps-sourced,,1,,,,,https://www.google.com/maps/place/Dutchman+Dental../data=!4m7!3m6!1s0x89e4556f73af492b:0x8cc53ddd1886e125!8m2!3d41.6374455!4d-71.2058038!16s%2Fg%2F1tfs22dj!19sChIJK0mvc29V5IkRJeGGGN09xYw,,,,,,
D,East Bay Dental Associates,North Kingstown,RI,(401) 245-8444,VALID,area code matches RI; confirmed by 2 independent sources,,,,,,,,,http://eastbaydentalri.com/,1052 Main St,,Dentist,Google Maps listing,Maps-sourced,,1,,,,http://eastbaydentalri.com/,https://www.google.com/maps/place/East+Bay+Dental+Associates/data=!4m7!3m6!1s0x89e456b1726da209:0xd06ccb20e6ed7fd5!8m2!3d41.7139239!4d-71.2802638!16s%2Fg%2F1tcwg_sr!19sChIJCaJtcrFW5IkR1X_t5iDLbNA,,,,,,
D,Middletown Family Dental | Dentist in Middletown RI | DMD,North Kingstown,RI,(401) 847-2094,VALID,area code matches RI; confirmed by 2 independent sources,,,,,,,,,https://smartdentalnetwork.com/middletown-family-dental,770 Aquidneck Ave,,Dentist,Google Maps listing,Maps-sourced,,1,,,,https://smartdentalnetwork.com/middletown-family-dental,https://www.google.com/maps/place/Middletown+Family+Dental+%7C+Dentist+in+Middletown+RI+%7C+DMD/data=!4m7!3m6!1s0x89e5a8d58ade0017:0xb6e47571a4c600f3!8m2!3d41.50883!4d-71.283059!16s%2Fg%2F1tdwljpd!19sChIJFwDeitWo5YkR8wDGpHF15LY,,,,,,
D,Narragansett Family Dental,North Kingstown,RI,(401) 789-3010,VALID,area code matches RI; confirmed by 2 independent sources,,,,,,,,,https://smartdentalnetwork.com/narragansett-family-dental,28 Caswell St,,Dentist,Google Maps listing,Maps-sourced,,1,,,,https://smartdentalnetwork.com/narragansett-family-dental,https://www.google.com/maps/place/Narragansett+Family+Dental/data=!4m7!3m6!1s0x89e5bbee040338cf:0xd338b7d201c4be8a!8m2!3d41.4324975!4d-71.4599651!16s%2Fg%2F1txfq57y!19sChIJzzgDBO675YkRir7EAdK3ONM,,,,,,
D,"Neal W Rogol, DMD",North Kingstown,RI,(401) 214-0880,VALID,area code matches RI; confirmed by 2 independent sources,,,,,,,,,http://www.nealwrogoldmd.com/,24 Salt Pond Rd G2,,Dentist,Google Maps listing,Maps-sourced,,1,,,,http://www.nealwrogoldmd.com/,"https://www.google.com/maps/place/Neal+W+Rogol,+DMD/data=!4m7!3m6!1s0x89e4681e8f4aaa4b:0x3f17764c396d2c35!8m2!3d41.4312774!4d-71.4916415!16s%2Fg%2F1tm69z8s!19sChIJS6pKjx5o5IkRNSxtOUx2Fz8",,,,,,
D,Newport Dental Associates,North Kingstown,RI,(401) 251-0917,VALID,area code matches RI; confirmed by 2 independent sources,,,,,,,,,http://www.mynewportdentist.com/,11 Catherine St #1,,Dentist,Google Maps listing,Maps-sourced,,1,,,,http://www.mynewportdentist.com/,https://www.google.com/maps/place/Newport+Dental+Associates/data=!4m7!3m6!1s0x89e5af424d64e791:0xee055c8afe1a214d!8m2!3d41.4872711!4d-71.30839!16s%2Fg%2F1vp74t2t!19sChIJkedkTUKv5YkRTSEa_opcBe4,,,,,,
D,Petito Oral Surgery,North Kingstown,RI,(401) 398-0450,VALID,area code matches RI,,,,,,,,,,6749 Post Rd,,Dentist,Google Maps listing,Maps-sourced,,1,,,,,https://www.google.com/maps/place/Petito+Oral+Surgery/data=!4m7!3m6!1s0x89e5b39e43d25449:0x444daf9322bc542b!8m2!3d41.6140374!4d-71.45801!16s%2Fg%2F1262xp86b!19sChIJSVTSQ56z5YkRK1S8IpOvTUQ,,,,,,
D,Portsmouth Family Dental,North Kingstown,RI,(401) 683-1692,VALID,area code matches RI; confirmed by 2 independent sources,,,,,,,,,http://www.portsmouthfamilydental.com/,209 Clock Tower Square,,Dentist,Google Maps listing,Maps-sourced,,1,,,,http://www.portsmouthfamilydental.com/,https://www.google.com/maps/place/Portsmouth+Family+Dental/data=!4m7!3m6!1s0x89e5ab19cc7795d5:0xfd239f7c7c4c18ba!8m2!3d41.5903176!4d-71.2689439!16s%2Fg%2F1vg_89tw!19sChIJ1ZV3zBmr5YkRuhhMfHyfI_0,,,,,,
D,Quonset Dental,North Kingstown,RI,(401) 336-8478,VALID,area code matches RI; confirmed by 2 independent sources,,,,,,,,,https://www.quonsetdental.com/,6320 Post Rd,,Dentist,Google Maps listing,Maps-sourced,,1,,,,https://www.quonsetdental.com/,https://www.google.com/maps/place/Quonset+Dental/data=!4m7!3m6!1s0x89e5b36e002926db:0x316c82288a067fdc!8m2!3d41.6256392!4d-71.4596638!16s%2Fg%2F11gfgnwznk!19sChIJ2yYpAG6z5YkR3H8GiiiCbDE,,,,,,
D,Rhode Island Children's Dentistry & Orthodontics,North Kingstown,RI,(401) 828-1171,VALID,area code matches RI; confirmed by 2 independent sources,,,,,,,,,https://ripeds.wpengine.com/east-greenwich/,2358 S County Trl,,Pediatric dentist,Google Maps listing,Maps-sourced,,1,,,,https://ripeds.wpengine.com/east-greenwich/,https://www.google.com/maps/place/Rhode+Island+Children%27s+Dentistry+%26+Orthodontics/data=!4m7!3m6!1s0x89e5b491b6bb86a3:0xeccd7ef86b8e2cce!8m2!3d41.632341!4d-71.4928214!16s%2Fg%2F11f03qq7g1!19sChIJo4a7tpG05YkRziyOa_h-zew,,,,,,
D,Seaside Family Dental,North Kingstown,RI,(401) 409-3968,VALID,area code matches RI; confirmed by 2 independent sources,,,,,,,,,http://www.seasidefamilydental.com/,6749 Post Rd,,Dentist,Google Maps listing,Maps-sourced,,1,,,,http://www.seasidefamilydental.com/,https://www.google.com/maps/place/Seaside+Family+Dental/data=!4m7!3m6!1s0x89e5b394b49fb245:0xd3ac8f67f8c9ab7!8m2!3d41.6140397!4d-71.4579774!16s%2Fg%2F11n3mt6l2q!19sChIJRbKftJSz5YkRt5qMf_bIOg0,,,,,,
D,Signature Dental,North Kingstown,RI,(401) 284-3308,VALID,area code matches RI; confirmed by 2 independent sources,,,,,,,,,http://www.signaturedentalri.com/,26 S County Commons Way Ste A6,,Dentist,Google Maps listing,Maps-sourced,,1,,,,http://www.signaturedentalri.com/,https://www.google.com/maps/place/Signature+Dental/data=!4m7!3m6!1s0x89e5bb9c1a7fdd57:0x67f530db563d5efe!8m2!3d41.4557915!4d-71.4697679!16s%2Fg%2F11jsbs249w!19sChIJV91_Gpy75YkR_l49Vtsw9Wc,,,,,,
D,True Dental,North Kingstown,RI,(508) 372-0314,CHECK,"area code 508 belongs to MA, practice is in RI",,,,,,,,,,199 Pleasant Street,,Dentist,Google Maps listing,Maps-sourced,,1,,,,,https://www.google.com/maps/place/True+Dental/data=!4m7!3m6!1s0x89e4f92211df22d1:0x4746ddbdf509e327!8m2!3d41.699536!4d-71.152266!16s%2Fg%2F11gj4hwzsh!19sChIJ0SLfESL55IkRJ-MJ9b3dRkc,,,,,,
D,Warren Dental Associates,North Kingstown,RI,(401) 245-5825,VALID,area code matches RI; confirmed by 2 independent sources,,,,,,,,,https://www.godental365.com/location/warren-dentist,634 Main St,,Dentist,Google Maps listing,Maps-sourced,,1,,,,https://www.godental365.com/location/warren-dentist,https://www.google.com/maps/place/Warren+Dental+Associates/data=!4m7!3m6!1s0x89e456cea7397a25:0xc2b8fad4d92cfba7!8m2!3d41.7264342!4d-71.2813554!16s%2Fg%2F1tjxgp2k!19sChIJJXo5p85W5IkRp_ss2dT6uMI,,,,,,
D,Access Dental Care,Pawtucket,RI,(401) 208-0604,VALID,area code matches RI; confirmed by 2 independent sources,,,,,,,,,http://www.accessdentalri.com/,1234 Mineral Spring Ave,,Dentist,Google Maps listing,Maps-sourced,,1,,,,http://www.accessdentalri.com/,https://www.google.com/maps/place/Access+Dental+Care/data=!4m7!3m6!1s0x89e44463afb0e5f1:0xc893bed184f7b8b9!8m2!3d41.8682718!4d-71.4334692!16s%2Fg%2F1th6fw2d!19sChIJ8eWwr2NE5IkRubj3hNG-k8g,,,,,,
D,Brush & Floss Dental,Pawtucket,RI,,INVALID,not 10 digits,,,,,,,,,http://nationalhvacheatingacrepairlisangeles.store/,26 Thatcher St,,Dentist,Google Maps listing,Maps-sourced,,1,,,,http://nationalhvacheatingacrepairlisangeles.store/,https://www.google.com/maps/place/Brush+%26+Floss+Dental/data=!4m7!3m6!1s0x89e45b39e7750ded:0xdbed45e12fc6ee71!8m2!3d41.8414447!4d-71.3582696!16s%2Fg%2F11z6c3gtcq!19sChIJ7Q115zlb5IkRce7GL-FF7ds,,,,,,
D,Coastal Dental,Pawtucket,RI,(508) 399-7073,CHECK,"area code 508 belongs to MA, practice is in RI",,,,,,,,,http://coastaldentalma.com/,21 Brook St #8,,Dentist,Google Maps listing,Maps-sourced,,1,,,,http://coastaldentalma.com/,https://www.google.com/maps/place/Coastal+Dental/data=!4m7!3m6!1s0x89e45c7d585aaaab:0x4f372780712eb4b5!8m2!3d41.8731939!4d-71.334793!16s%2Fg%2F11f4qgn47m!19sChIJq6paWH1c5IkRtbQucYAnN08,,,,,,
D,Denture Repair Lab,Pawtucket,RI,(401) 725-5777,VALID,area code matches RI; confirmed by 2 independent sources,,,,,,,,,https://denturerepairlab.com/,541 Newport Ave,,Dental laboratory,Google Maps listing,Maps-sourced,,1,,,,https://denturerepairlab.com/,https://www.google.com/maps/place/Denture+Repair+Lab/data=!4m7!3m6!1s0x89e444894e69473f:0xf78d79ce6d621347!8m2!3d41.8716692!4d-71.3540213!16s%2Fg%2F1tdq70m_!19sChIJP0dpTolE5IkRRxNibc55jfc,,,,,,
D,"Dr. Paulo DaRosa, DDS",Pawtucket,RI,(401) 722-2699,VALID,area code matches RI; confirmed by 2 independent sources,,,,,,,,,https://www.darosadental.com/,490 High St #1,,Dentist,Google Maps listing,Maps-sourced,,1,,,,https://www.darosadental.com/,"https://www.google.com/maps/place/Dr.+Paulo+DaRosa,+DDS/data=!4m7!3m6!1s0x89e44331bd38645d:0x79b11cf0d522aee!8m2!3d41.9146863!4d-71.3941284!16s%2Fg%2F1tdb0qb2!19sChIJXWQ4vTFD5IkR7ipSDc8Rmwc",,,,,,
D,Dr. William Naughton,Pawtucket,RI,(401) 723-5461,VALID,area code matches RI,,,,,,,,,,524 Central Ave,,Dentist,Google Maps listing,Maps-sourced,,1,,,,,https://www.google.com/maps/place/Dr.+William+Naughton/data=!4m7!3m6!1s0x89e45cbf1b16aaab:0xf6314b1e7a693518!8m2!3d41.8861515!4d-71.3625008!16s%2Fg%2F11rwxf_znw!19sChIJq6oWG79c5IkRGDVpeh5LMfY,,,,,,
D,Gentle Dental Attleboro,Pawtucket,RI,(508) 709-0178,CHECK,"area code 508 belongs to MA, practice is in RI",,,,,,,,,https://www.gentledental.com/dental-offices/ma/attleboro,1144 Newport Ave,,Dentist,Google Maps listing,Maps-sourced,,1,,,,https://www.gentledental.com/dental-offices/ma/attleboro,https://www.google.com/maps/place/Gentle+Dental+Attleboro/data=!4m7!3m6!1s0x89e45ce439bed413:0x8d9b320e4bf6cf25!8m2!3d41.8991182!4d-71.3511778!16s%2Fg%2F1tfbd58w!19sChIJE9S-OeRc5IkRJc_2Sw4ym40,,,,,,
D,Georgeu Arthur DDS,Pawtucket,RI,(401) 434-3220,VALID,area code matches RI,,,,,,,,,,65 Newport Ave #4,,Dental implants periodontist,Google Maps listing,Maps-sourced,,1,,,,,https://www.google.com/maps/place/Georgeu+Arthur+DDS/data=!4m7!3m6!1s0x89e45b6896f960ad:0xd329971628ebc20f!8m2!3d41.8572692!4d-71.3556594!16s%2Fg%2F1w15_gb9!19sChIJrWD5lmhb5IkRD8LrKBaXKdM,,,,,,
D,"Seekonk Dental - Dr. Frank Casarella, DMD",Pawtucket,RI,(508) 761-8668,CHECK,"area code 508 belongs to MA, practice is in RI",,,,,,,,,https://www.seekonkdental.com/,1484 Newman Ave,,Dentist,Google Maps listing,Maps-sourced,,1,,,,https://www.seekonkdental.com/,"https://www.google.com/maps/place/Seekonk+Dental+-+Dr.+Frank+Casarella,+DMD/data=!4m7!3m6!1s0x89e45c58b570a0a9:0x3d2b4d31d5939e49!8m2!3d41.8881128!4d-71.3334151!16s%2Fg%2F1tf9p8lw!19sChIJqaBwtVhc5IkRSZ6T1TFNKz0",,,,,,
D,St. Joseph Health Center/Pawtucket,Pawtucket,RI,(401) 723-2891,VALID,area code matches RI; confirmed by 2 independent sources,,,,,,,,,http://www.fatimahospital.com/services/st-joseph-health-center-pawtucket,249 Roosevelt Ave,,Medical clinic,Google Maps listing,Maps-sourced,,1,,,,http://www.fatimahospital.com/services/st-joseph-health-center-pawtucket,https://www.google.com/maps/place/St.+Joseph+Health+Center%2FPawtucket/data=!4m7!3m6!1s0x89e45cad4dfc3553:0xe95d40e74d9aa163!8m2!3d41.8810779!4d-71.3821007!16s%2Fg%2F11cjj2mw6z!19sChIJUzX8Ta1c5IkRY6GaTedAXek,,,,,,
D,Advanced Dental Care,Providence,RI,(401) 273-6780,VALID,area code matches RI; confirmed by 2 independent sources,,,,,,,,,http://www.advanceddentalcare.com/,433 Lloyd Ave,,Dentist,Google Maps listing,Maps-sourced,,1,,,,http://www.advanceddentalcare.com/,https://www.google.com/maps/place/Advanced+Dental+Care/data=!4m7!3m6!1s0x89e44529c0ef0e91:0xc3d7fab69341c8ab!8m2!3d41.834111!4d-71.3900243!16s%2Fg%2F1v1kqwn0!19sChIJkQ7vwClF5IkRq8hBk7b618M,,,,,,
D,Advanced Dentistry of Rhode Island - Ryan S Lee DDS,Providence,RI,(401) 434-4413,VALID,area code matches RI,,,,,,,,,,250 Wampanoag Trl Ste 103,,Dentist,Google Maps listing,Maps-sourced,,1,,,,,https://www.google.com/maps/place/Advanced+Dentistry+of+Rhode+Island+-+Ryan+S+Lee+DDS/data=!4m7!3m6!1s0x89e45a99587aaaab:0x70a5661adb387d1c!8m2!3d41.7960319!4d-71.352806!16s%2Fg%2F11hc_m_ylx!19sChIJq6p6WJla5IkRHH042xpmpXA,,,,,,
D,Aristocrat Dental Laboratory,Providence,RI,(401) 728-0486,VALID,area code matches RI,,,,,,,,,,868 Charles St,,Laboratory,Google Maps listing,Maps-sourced,,1,,,,,https://www.google.com/maps/place/Aristocrat+Dental+Laboratory/data=!4m7!3m6!1s0x89e4448cc0964da7:0x6c1ed5a86d2e64af!8m2!3d41.8607136!4d-71.4224949!16s%2Fg%2F1th5_ty2!19sChIJp02WwIxE5IkRr2QubajVHmw,,,,,,
D,Barone Orthodontics,Providence,RI,(401) 353-1292,VALID,area code matches RI; confirmed by 2 independent sources,,,,,,,,,http://www.baroneorthodontics.com/,1804 Mineral Spring Ave,,Dentist,Google Maps listing,Maps-sourced,,1,,,,http://www.baroneorthodontics.com/,https://www.google.com/maps/place/Barone+Orthodontics/data=!4m7!3m6!1s0x89e4443ec0b6af3f:0xe506c15f13da77e!8m2!3d41.8618466!4d-71.4580607!16s%2Fg%2F1td61rd2!19sChIJP6-2wD5E5IkRfqc98RVsUA4,,,,,,
D,Barrington-Swansea Family Dental,Providence,RI,(508) 439-4074,CHECK,"area code 508 belongs to MA, practice is in RI",,,,,,,,,,2302 U.S. 6,,Dentist,Google Maps listing,Maps-sourced,,1,,,,,https://www.google.com/maps/place/Barrington-Swansea+Family+Dental/data=!4m7!3m6!1s0x89e4f902a3e81317:0xbdbe93dc75d660e0!8m2!3d41.76794!4d-71.263588!16s%2Fg%2F1tjtk8x_!19sChIJFxPoowL55IkR4GDWddyTvr0,,,,,,
D,Bio Dental,Providence,RI,(401) 232-7777,VALID,area code matches RI; confirmed by 2 independent sources,,,,,,,,,https://www.smileri.com/,2148 Mineral Spring Ave,,Dentist,Google Maps listing,Maps-sourced,,1,,,,https://www.smileri.com/,https://www.google.com/maps/place/Bio+Dental/data=!4m7!3m6!1s0x89e44682bf801a09:0xb1c91181677d53a2!8m2!3d41.8585359!4d-71.478908!16s%2Fg%2F1tgx7ml3!19sChIJCRqAv4JG5IkRolN9Z4ERybE,,,,,,
D,Burton Family Dental,Providence,RI,(401) 353-4880,VALID,area code matches RI; confirmed by 2 independent sources,,,,,,,,,http://www.burtonfamilydental.com/,1492 Mineral Spring Ave,,Dentist,Google Maps listing,Maps-sourced,,1,,,,http://www.burtonfamilydental.com/,https://www.google.com/maps/place/Burton+Family+Dental/data=!4m7!3m6!1s0x89e44469b690c95b:0x50b5f26f35ce4e74!8m2!3d41.8649827!4d-71.4452097!16s%2Fg%2F11dxlbsknz!19sChIJW8mQtmlE5IkRdE7ONW_ytVA,,,,,,
D,Charles Street Dental,Providence,RI,(401) 475-9898,VALID,area code matches RI; confirmed by 2 independent sources,,,,,,,,,https://weence.com/medical/doctors/north-providence/charles-street-dental-2/,870 Charles St,,Dentist,Google Maps listing,Maps-sourced,,1,,,,https://weence.com/medical/doctors/north-providence/charles-street-dental-2/,https://www.google.com/maps/place/Charles+Street+Dental/data=!4m7!3m6!1s0x89e4448cc040bf87:0xd34ed192d30f96bf!8m2!3d41.8608279!4d-71.4226236!16s%2Fg%2F1262hpy49!19sChIJh79AwIxE5IkRv5YP05LRTtM,,,,,,
D,Delta Dental of Rhode Island,Providence,RI,(401) 752-6000,VALID,area code matches RI; confirmed by 2 independent sources,,,,,,,,,http://www.deltadentalri.com/,10 Charles St #3,,Dental insurance agency,Google Maps listing,Maps-sourced,,1,,,,http://www.deltadentalri.com/,https://www.google.com/maps/place/Delta+Dental+of+Rhode+Island/data=!4m7!3m6!1s0x89e4451be04fd94b:0x57594bd6c405e563!8m2!3d41.8330863!4d-71.4122321!16s%2Fg%2F1tj7g1vk!19sChIJS9lP4BtF5IkRY-UFxNZLWVc,,,,,,
D,East Bay Oral Surgery & Dental Implant Center,Providence,RI,(401) 435-4240,VALID,area code matches RI; confirmed by 2 independent sources,,,,,,,,,https://www.eastbayoralsurgery.net/,2224 Pawtucket Ave,,Oral surgeon,Google Maps listing,Maps-sourced,,1,,,,https://www.eastbayoralsurgery.net/,https://www.google.com/maps/place/East+Bay+Oral+Surgery+%26+Dental+Implant+Center/data=!4m7!3m6!1s0x89e45aea2844cb09:0x6f803e3ab476fdf!8m2!3d41.8151695!4d-71.3569935!16s%2Fg%2F1tgz6hgj!19sChIJCctEKOpa5IkR329Hq-MD-AY,,,,,,
D,"Lawrence P. Stephenson, DDS",Providence,RI,(401) 353-6250,VALID,area code matches RI; confirmed by 2 independent sources,,,,,,,,,https://lawrencepstephenson.com/,1826 Mineral Spring Ave,,Dentist,Google Maps listing,Maps-sourced,,1,,,,https://lawrencepstephenson.com/,"https://www.google.com/maps/place/Lawrence+P.+Stephenson,+DDS/data=!4m7!3m6!1s0x89e4443b88584aad:0x8d1cffc28cbb5c5e!8m2!3d41.861357!4d-71.461719!16s%2Fg%2F1tdp61gm!19sChIJrUpYiDtE5IkRXly7jML_HI0",,,,,,
D,Marigold Dental Studio,Providence,RI,(401) 266-3613,VALID,area code matches RI; confirmed by 2 independent sources,,,,,,,,,http://www.marigolddentalstudio.com/,727 East Ave,,Dentist,Google Maps listing,Maps-sourced,,1,,,,http://www.marigolddentalstudio.com/,https://www.google.com/maps/place/Marigold+Dental+Studio/data=!4m7!3m6!1s0x89e445f026725f75:0x435bdaf36a8214ca!8m2!3d41.8582169!4d-71.3918092!16s%2Fg%2F11t88shl8j!19sChIJdV9yJvBF5IkRyhSCavPaW0M,,,,,,
D,Providence Community Health Centers Express Clinic,Providence,RI,(401) 444-0570,VALID,area code matches RI; confirmed by 2 independent sources,,,,,,,,,http://www.providencechc.org/,355 Prairie Ave,,Dental clinic,Google Maps listing,Maps-sourced,,1,,,,http://www.providencechc.org/,https://www.google.com/maps/place/Providence+Community+Health+Centers+Express+Clinic/data=!4m7!3m6!1s0x89e44565102af6c3:0x2ebfb021178d9d2c!8m2!3d41.8044064!4d-71.4148126!16s%2Fg%2F1w2yvxh3!19sChIJw_YqEGVF5IkRLJ2NFyGwvy4,,,,,,
D,Providence Pediatric Dentistry,Providence,RI,(401) 272-3443,VALID,area code matches RI; confirmed by 2 independent sources,,,,,,,,,https://www.drmulvey.com/,111 Point St Suite #1,,Pediatric dentist,Google Maps listing,Maps-sourced,,1,,,,https://www.drmulvey.com/,https://www.google.com/maps/place/Providence+Pediatric+Dentistry/data=!4m7!3m6!1s0x89e44525160faefd:0x2ad1337ce2074a44!8m2!3d41.8165168!4d-71.4080123!16s%2Fg%2F1tfff68b!19sChIJ_a4PFiVF5IkRREoH4nwz0So,,,,,,
D,Rhode Island Free Clinic,Providence,RI,(401) 274-6347,VALID,area code matches RI; confirmed by 2 independent sources,,,,,,,,,https://www.rifreeclinic.org/,655 Broad St,,Medical clinic,Google Maps listing,Maps-sourced,,1,,,,https://www.rifreeclinic.org/,https://www.google.com/maps/place/Rhode+Island+Free+Clinic/data=!4m7!3m6!1s0x89e4457c867d1067:0x798afb840cd720b6!8m2!3d41.8061964!4d-71.4207126!16s%2Fg%2F1tcwxr81!19sChIJZxB9hnxF5IkRtiDXDIT7ink,,,,,,
D,Rhode Island Periodontics,Providence,RI,(401) 521-5312,VALID,area code matches RI; confirmed by 2 independent sources,,,,,,,,,https://www.riperiodontics.com/,417 Angell St,,Periodontist,Google Maps listing,Maps-sourced,,1,,,,https://www.riperiodontics.com/,https://www.google.com/maps/place/Rhode+Island+Periodontics/data=!4m7!3m6!1s0x89e4452edce329bf:0xf31b80f8b8fe5656!8m2!3d41.8294814!4d-71.3907354!16s%2Fg%2F1tcz9bb9!19sChIJvynj3C5F5IkRVlb-uPiAG_M,,,,,,
D,University Oral-Maxillofacial,Providence,RI,(401) 724-7230,VALID,area code matches RI; confirmed by 2 independent sources,,,,,,,,,https://www.riuoms.com/,827 N Main St,,Oral surgeon,Google Maps listing,Maps-sourced,,1,,,,https://www.riuoms.com/,https://www.google.com/maps/place/University+Oral-Maxillofacial/data=!4m7!3m6!1s0x89e45caab9185a37:0x70267d04d08e4a60!8m2!3d41.8422982!4d-71.4073744!16s%2Fg%2F1tkf1_dy!19sChIJN1oYuapc5IkRYEqO0AR9JnA,,,,,,
D,Andrew Gazerro III DMD,Warwick,RI,(401) 821-6766,VALID,area code matches RI; confirmed by 2 independent sources,,,,,,,,,http://www.rediscoveredsmiles.com/,1425 Main St,,Dentist,Google Maps listing,Maps-sourced,,1,,,,http://www.rediscoveredsmiles.com/,https://www.google.com/maps/place/Andrew+Gazerro+III+DMD/data=!4m7!3m6!1s0x89e44b01867dc68f:0xe40ba1e8adf9821e!8m2!3d41.6987605!4d-71.5225087!16s%2Fg%2F1tqp_80k!19sChIJj8Z9hgFL5IkRHoL5reihC-Q,,,,,,
D,Dental Home,Warwick,RI,(401) 356-3101,VALID,area code matches RI; confirmed by 2 independent sources,,,,,,,,,http://dentalhomesmiles.com/,176 Toll Gate Rd Ste 201,,Dentist,Google Maps listing,Maps-sourced,,1,,,,http://dentalhomesmiles.com/,https://www.google.com/maps/place/Dental+Home/data=!4m7!3m6!1s0x89e44d728ba55241:0x75c84565b854278d!8m2!3d41.700224!4d-71.4690873!16s%2Fg%2F11xlyqtxd9!19sChIJQVKli3JN5IkRjSdUuGVFyHU,,,,,,
D,Dr. Raul Ernesto Molina Emergency Dentist Warwick 24 Hours,Warwick,RI,,INVALID,not 10 digits,,,,,,,,,,2555 W Shore Rd,,Emergency dental service,Google Maps listing,Maps-sourced,,1,,,,,https://www.google.com/maps/place/Dr.+Raul+Ernesto+Molina+Emergency+Dentist+Warwick+24+Hours/data=!4m7!3m6!1s0x89e44dc6ae2fd3bd:0x31b5dd66cfbf8156!8m2!3d41.705332!4d-71.415126!16s%2Fg%2F11zx5hytqq!19sChIJvdMvrsZN5IkRVoG_z2bdtTE,,,,,,
D,"Dr. Usman Fazli, DMD",Warwick,RI,(401) 337-9151,VALID,area code matches RI; confirmed by 2 independent sources,,,,,,,,,https://www.rhodeislandendo.com/usman-fazli-dmd/,400 Bald Hill Rd #528,,Dentist,Google Maps listing,Maps-sourced,,1,,,,https://www.rhodeislandendo.com/usman-fazli-dmd/,"https://www.google.com/maps/place/Dr.+Usman+Fazli,+DMD/data=!4m7!3m6!1s0x89e44f68a8f09a2d:0xdd4dce46123830a1!8m2!3d41.7270014!4d-71.4789501!16s%2Fg%2F1tf6stl0!19sChIJLZrwqGhP5IkRoTA4EkbOTd0",,,,,,
D,Everett C Wilcox Dental Center,Warwick,RI,(844) 204-0234,VALID,toll-free (not a local line),,,,,,,,,http://comcap.org/,226 Buttonwoods Ave,,Dentist,Google Maps listing,Maps-sourced,,1,,,,http://comcap.org/,https://www.google.com/maps/place/Everett+C+Wilcox+Dental+Center/data=!4m7!3m6!1s0x89e44db3315d7a1d:0x88af4543ba18fd1e!8m2!3d41.7006659!4d-71.4295142!16s%2Fg%2F1tdcy30c!19sChIJHXpdMbNN5IkRHv0YukNFr4g,,,,,,
D,Mollohan Wayne DMD,Warwick,RI,(401) 822-3390,VALID,area code matches RI; confirmed by 2 independent sources,,,,,,,,,http://www.topsmiledoc.com/,251 Quaker Ln,,Dentist,Google Maps listing,Maps-sourced,,1,,,,http://www.topsmiledoc.com/,https://www.google.com/maps/place/Mollohan+Wayne+DMD/data=!4m7!3m6!1s0x89e44b12b27c625b:0x2308eb6d544d63f5!8m2!3d41.689539!4d-71.501363!16s%2Fg%2F1tfqmd5c!19sChIJW2J8shJL5IkR9WNNVG3rCCM,,,,,,
D,"Oral Surgery of Rhode Island | Oral Surgeon in Cranston RI | Judson Dacher-Shapiro, DMD",Warwick,RI,(401) 296-3797,VALID,area code matches RI; confirmed by 2 independent sources,,,,,,,,,https://smartdentalnetwork.com/cranston-dental/services,351 Budlong Rd,,Dentist,Google Maps listing,Maps-sourced,,1,,,,https://smartdentalnetwork.com/cranston-dental/services,"https://www.google.com/maps/place/Oral+Surgery+of+Rhode+Island+%7C+Oral+Surgeon+in+Cranston+RI+%7C+Judson+Dacher-Shapiro,+DMD/data=!4m7!3m6!1s0x89e44fd3512af19d:0x2d66fba343f93128!8m2!3d41.7735938!4d-71.457807!16s%2Fg%2F11svhk1vch!19sChIJnfEqUdNP5IkRKDH5Q6P7Zi0",,,,,,
D,Pediatric Dental Care of Rhode Island,Warwick,RI,(401) 825-6062,VALID,area code matches RI; confirmed by 2 independent sources,,,,,,,,,http://pedodentalcareofri.com/,1775 Bald Hill Rd Unit 4,,Pediatric dentist,Google Maps listing,Maps-sourced,,1,,,,http://pedodentalcareofri.com/,https://www.google.com/maps/place/Pediatric+Dental+Care+of+Rhode+Island/data=!4m7!3m6!1s0x89e44b73115cf975:0x1bbfabd4afa2bf23!8m2!3d41.6933924!4d-71.4998348!16s%2Fg%2F1pwfcpm_2!19sChIJdflcEXNL5IkRI7-ir9Srvxs,,,,,,
D,Pediatric Dentistry Limited,Warwick,RI,(401) 943-7535,VALID,area code matches RI; confirmed by 2 independent sources,,,,,,,,,https://www.peddentri.com/,1090 New London Ave Ste 2,,Pediatric dentist,Google Maps listing,Maps-sourced,,1,,,,https://www.peddentri.com/,https://www.google.com/maps/place/Pediatric+Dentistry+Limited/data=!4m7!3m6!1s0x89e44eaca0fec1d9:0xd2fdf76dc4fb4770!8m2!3d41.7390901!4d-71.4761559!16s%2Fg%2F1tdbxsgb!19sChIJ2cH-oKxO5IkRcEf7xG33_dI,,,,,,
D,RI Oral Surgery & Implant Center,Warwick,RI,(401) 592-2456,VALID,area code matches RI; confirmed by 2 independent sources,,,,,,,,,https://www.englishoms.com/,222 Jefferson Blvd #301,,Oral surgeon,Google Maps listing,Maps-sourced,,1,,,,https://www.englishoms.com/,https://www.google.com/maps/place/RI+Oral+Surgery+%26+Implant+Center/data=!4m7!3m6!1s0x89e44e8e8ca95ef9:0x3d1f28207d80fc7!8m2!3d41.7413883!4d-71.4380361!16s%2Fg%2F1tfg4313!19sChIJ-V6pjI5O5IkRxw_YB4Ly0QM,,,,,,
D,Rhode Island Endodontics,Warwick,RI,(401) 337-9150,VALID,area code matches RI; confirmed by 2 independent sources,,,,,,,,,https://www.rhodeislandendo.com/,400 Bald Hill Rd #528,,Endodontist,Google Maps listing,Maps-sourced,,1,,,,https://www.rhodeislandendo.com/,https://www.google.com/maps/place/Rhode+Island+Endodontics/data=!4m7!3m6!1s0x89e44bbc844b3497:0xddb182b93689311e!8m2!3d41.7269032!4d-71.4792534!16s%2Fg%2F11thpg2s5n!19sChIJlzRLhLxL5IkRHjGJNrmCsd0,,,,,,
D,Richard A Barkin DDS,Warwick,RI,(401) 821-6665,VALID,area code matches RI; confirmed by 2 independent sources,,,,,,,,,https://www.thegentledentistri.com/,64 Tiogue Ave C,,Dentist,Google Maps listing,Maps-sourced,,1,,,,https://www.thegentledentistri.com/,https://www.google.com/maps/place/Richard+A+Barkin+DDS/data=!4m7!3m6!1s0x89e44adbe31cb635:0x7a0b28eeeb23b52b!8m2!3d41.6799354!4d-71.5310395!16s%2Fg%2F1th64c_m!19sChIJNbYc49tK5IkRK7Uj6-4oC3o,,,,,,
D,Shaghalian Family Dental,Warwick,RI,(401) 438-4964,VALID,area code matches RI,,,,,,,,,,1002 Pawtucket Avenue,,Dentist,Google Maps listing,Maps-sourced,,1,,,,,https://www.google.com/maps/place/Shaghalian+Family+Dental/data=!4m7!3m6!1s0x89e45b137d225519:0x8b825b913f052912!8m2!3d41.846403!4d-71.352479!16s%2Fg%2F1td61rfm!19sChIJGVUifRNb5IkREikFP5Fbgos,,,,,,
D,Steven Kenyon Inc,Warwick,RI,(401) 737-4422,VALID,area code matches RI,,,,,,,,,,176 Toll Gate Rd Ste 201,,Dentist,Google Maps listing,Maps-sourced,,1,,,,,https://www.google.com/maps/place/Steven+Kenyon+Inc/data=!4m7!3m6!1s0x89e44c7b99aa8623:0xff8162cdb9ba49d4!8m2!3d41.700224!4d-71.4690873!16s%2Fg%2F1trqj75y!19sChIJI4aqmXtM5IkR1Em6uc1igf8,,,,,,
D,Tayler Dental,Warwick,RI,(401) 593-2598,VALID,area code matches RI,,,,,,,,,,412 Sandy Ln,,Dentist,Google Maps listing,Maps-sourced,,1,,,,,https://www.google.com/maps/place/Tayler+Dental/data=!4m7!3m6!1s0x89e44d2a6c69ce45:0x2ac6827ad2ab87ba!8m2!3d41.7121946!4d-71.3964223!16s%2Fg%2F11z8w6d3gc!19sChIJRc5pbCpN5IkRuoer0nqCxio,,,,,,
D,Veterinary Dentistry and Oral Surgery of Rhode Island,Warwick,RI,(401) 379-5100,VALID,area code matches RI; confirmed by 2 independent sources,,,,,,,,,https://www.veterinarydentistri.com/,151 Centerville Rd,,Veterinarian,Google Maps listing,Maps-sourced,,1,,,,https://www.veterinarydentistri.com/,https://www.google.com/maps/place/Veterinary+Dentistry+and+Oral+Surgery+of+Rhode+Island/data=!4m7!3m6!1s0x89e44d3b3b319d8d:0x40bdcb4c57441ab9!8m2!3d41.6980282!4d-71.4654869!16s%2Fg%2F11x7k58219!19sChIJjZ0xOztN5IkRuRpEV0zLvUA,,,,,,
D,Dante E. Gulino Jr.,Westerly,RI,(401) 596-0337,VALID,area code matches RI; confirmed by 2 independent sources,,,,,,,,,https://www.drdantegulino.net/,85 Beach St,,Dentist,Google Maps listing,Maps-sourced,,1,,,,https://www.drdantegulino.net/,https://www.google.com/maps/place/Dante+E.+Gulino+Jr./data=!4m7!3m6!1s0x89e5e6e6ec54f265:0x85871ca32284e5f2!8m2!3d41.360462!4d-71.829168!16s%2Fg%2F1w8wc131!19sChIJZfJU7Obm5YkR8uWEIqMch4U,,,,,,
D,DeQuattro Orthodontics - Westerly,Westerly,RI,(401) 596-2264,VALID,area code matches RI; confirmed by 2 independent sources,,,,,,,,,https://www.dequattrobraces.com/,39 East Ave,,Orthodontist,Google Maps listing,Maps-sourced,,1,,,,https://www.dequattrobraces.com/,https://www.google.com/maps/place/DeQuattro+Orthodontics+-+Westerly/data=!4m7!3m6!1s0x89e5b94db5db17fb:0x1f5125546f04ac0e!8m2!3d41.3642158!4d-71.8198159!16s%2Fg%2F11h0r01x3!19sChIJ-xfbtU255YkRDqwEb1QlUR8,,,,,,
D,Dr. Brad Turchetta,Westerly,RI,(401) 500-6016,VALID,area code matches RI; confirmed by 2 independent sources,,,,,,,,,https://www.riorthodontic.com/,130 Granite St,,Dentist,Google Maps listing,Maps-sourced,,1,,,,https://www.riorthodontic.com/,https://www.google.com/maps/place/Dr.+Brad+Turchetta/data=!4m7!3m6!1s0x89e5e7049b455555:0x252c55bcde07d1ee!8m2!3d41.3705735!4d-71.8193771!16s%2Fg%2F11qgb7f9yz!19sChIJVVVFmwTn5YkR7tEH3rxVLCU,,,,,,
D,Fitzpatrick Warren A DDS,Westerly,RI,(401) 596-6393,VALID,area code matches RI,,,,,,,,,,3 Crestview Dr,,Dental implants periodontist,Google Maps listing,Maps-sourced,,1,,,,,https://www.google.com/maps/place/Fitzpatrick+Warren+A+DDS/data=!4m7!3m6!1s0x89e5e6e681ade363:0xced8ca5a9331c32f!8m2!3d41.359616!4d-71.827627!16s%2Fg%2F1tcxf6vg!19sChIJY-Otgebm5YkRL8Mxk1rK2M4,,,,,,
D,Professional Endodontics,Westerly,RI,(401) 637-4610,VALID,area code matches RI; confirmed by 2 independent sources,,,,,,,,,https://www.pro-endo.com/,62 Wells St,,Endodontist,Google Maps listing,Maps-sourced,,1,,,,https://www.pro-endo.com/,https://www.google.com/maps/place/Professional+Endodontics/data=!4m7!3m6!1s0x89e5e6fd24f5f5dd:0xa5321c311ee863da!8m2!3d41.363602!4d-71.820554!16s%2Fg%2F1tm1rgzs!19sChIJ3fX1JP3m5YkR2mPoHjEcMqU,,,,,,
D,River Valley Periodontics & Implant Dentistry,Westerly,RI,(401) 596-9867,VALID,area code matches RI; confirmed by 2 independent sources,,,,,,,,,http://www.rivervalleyperio.com/,88 Beach St,,Dental implants periodontist,Google Maps listing,Maps-sourced,,1,,,,http://www.rivervalleyperio.com/,https://www.google.com/maps/place/River+Valley+Periodontics+%26+Implant+Dentistry/data=!4m7!3m6!1s0x89e5e7049c6d80c1:0x60a691e89b05a4d4!8m2!3d41.3604141!4d-71.8283605!16s%2Fg%2F1tfmjvng!19sChIJwYBtnATn5YkR1KQFm-iRpmA,,,,,,
D,Rocco Carella DDS,Westerly,RI,(860) 535-2331,CHECK,"area code 860 belongs to CT, practice is in RI",,,,,,,,,http://carellafamilydentistry.com/,391 Norwich-Westerly Rd,,Dentist,Google Maps listing,Maps-sourced,,1,,,,http://carellafamilydentistry.com/,https://www.google.com/maps/place/Rocco+Carella+DDS/data=!4m7!3m6!1s0x89e5de54ba91e649:0xcf196aa55c19739d!8m2!3d41.4473265!4d-71.8975782!16s%2Fg%2F1hg4tz123!19sChIJSeaRulTe5YkRnXMZXKVqGc8,,,,,,
D,Shoreline Periodontics: Dr. Gregory A. Toback & Dr. Lavanya Rajendran,Westerly,RI,(401) 252-0272,VALID,area code matches RI; confirmed by 2 independent sources,,,,,,,,,http://www.shorelineperio.com/,62 Wells St,,Periodontist,Google Maps listing,Maps-sourced,,1,,,,http://www.shorelineperio.com/,https://www.google.com/maps/place/Shoreline+Periodontics:+Dr.+Gregory+A.+Toback+%26+Dr.+Lavanya+Rajendran/data=!4m7!3m6!1s0x89e5e6fd24f5f5dd:0xf18267857aef4958!8m2!3d41.3636444!4d-71.8205575!16s%2Fg%2F11bw61kp7l!19sChIJ3fX1JP3m5YkRWEnveoVngvE,,,,,,
D,Stonington Dental Associates,Westerly,RI,(860) 599-2505,CHECK,"area code 860 belongs to CT, practice is in RI",,,,,,,,,https://www.rictadvanceddentistry.com/,20 S Anguilla Rd Ste 1,,Dentist,Google Maps listing,Maps-sourced,,1,,,,https://www.rictadvanceddentistry.com/,https://www.google.com/maps/place/Stonington+Dental+Associates/data=!4m7!3m6!1s0x89e5e11f18c5ce51:0x2a52d25263f25b4c!8m2!3d41.3632316!4d-71.8726959!16s%2Fg%2F1tj92ktq!19sChIJUc7FGB_h5YkRTFvyY1LSUio,,,,,,
D,Wells Street Dental,Westerly,RI,(401) 466-7019,VALID,area code matches RI; confirmed by 2 independent sources,,,,,,,,,https://www.wellsstreetdental.com/,11 Wells St,,Dentist,Google Maps listing,Maps-sourced,,1,,,,https://www.wellsstreetdental.com/,https://www.google.com/maps/place/Wells+Street+Dental/data=!4m7!3m6!1s0x89e5e6e6a979e4af:0x2ccd99a27e6bacbf!8m2!3d41.361543!4d-71.82769!16s%2Fg%2F1tnl2f27!19sChIJr-R5qebm5YkRv6xrfqKZzSw,,,,,,
