Priority,Practice Name,City,State,Phone,Owner / Decision Maker,Owner Title,Email,Email Source,Data Flag,Website,Address,ZIP,Practice Type,Target Tier,Locations On Phone,NPI,Record Updated,Record Freshness,Verification,Called,Outcome,Follow Up
B,Anderson And Barragan Dental Associates II PLLC,Alexandria,VA,(703) 971-2788,"Jhosdyn Barragan, DDS",Dentist,,,,,5115 Franconia Rd Ste D,22310,General Dentistry,Primary (general),1,1124713490,2023,Recent,NPPES NPI 1124713490,,,
B,Beyond Dental PLLC,Alexandria,VA,(808) 748-9608,Joosang Lee,Owner,,,,,"2435 Mandeville Lane, Suite 230",22332,General Dentistry,Primary (general),1,1225819717,2023,Recent,NPPES NPI 1225819717,,,
B,Brightwhites Dental PLLC,Alexandria,VA,(703) 719-6158,"Layth Ghanim, DDS",Owner,,,,,6214 Old Franconia Rd Ste A,22310,General Dentistry,Primary (general),1,1033919881,2025,Recent,NPPES NPI 1033919881,,,
B,Delray Prosthodontics Center,Alexandria,VA,(703) 745-5496,"Joongseo Kim, D.D.S",Owner,,,,,3116 Mount Vernon Ave,22305,General Dentistry,Primary (general),1,1275292286,2022,Recent,NPPES NPI 1275292286,,,
B,"Dental Professionals Of Virginia, P.C.",Alexandria,VA,(703) 256-7700,Courtney Monteith,Credentialing Coordinator,,,,,6303 Little River Tpke Ste 140,22312,General Dentistry,Primary (general),1,1417681487,2022,Recent,NPPES NPI 1417681487,,,
B,"Dental Professionals Of Virginia, P.C.",Alexandria,VA,(703) 313-0404,Hillary Thull,Cred Coordinator,,,,,6408 Grovedale Dr Ste 100,22310,General Dentistry,Primary (general),1,1568225043,2024,Recent,NPPES NPI 1568225043,,,
B,Dentists Of Alexandria,Alexandria,VA,(703) 578-4221,Judany Delgado,Manager,,,,,3610 Forest Dr,22302,General Dentistry,Primary (general),2,1952197899,2025,Recent,NPPES NPI 1952197899,,,
B,Dentists Of Old Town Alexandria,Alexandria,VA,(703) 212-0602,Dentists Of Old Town Alexandria,Manager,,,,,1438 Duke St,22314,General Dentistry,Primary (general),2,1780559450,2026,Recent,NPPES NPI 1780559450,,,
B,Flex Family Dentistry,Alexandria,VA,(512) 825-2966,"Diane Flexsenhar, DDS",Owner,,,,,4700 King St Ste 325,22302,General Dentistry,Primary (general),1,1437979887,2024,Recent,NPPES NPI 1437979887,,,
B,"Foxchase Dental Group, PC",Alexandria,VA,(571) 899-5094,"Ali Shahrestani, DMD",Owner,,,,,4607 Duke St Unit 19A,22304,General Dentistry,Primary (general),1,1003569013,2022,Recent,NPPES NPI 1003569013,,,
B,Gd VA Mount Vernon PLLC,Alexandria,VA,(703) 360-5881,Chad Hendricks,Credentialing,,,,,8101 Hinson Farm Rd Ste 114,22306,General Dentistry,Primary (general),3,1659091007,2022,Recent,NPPES NPI 1659091007,,,
B,Irene Shin DDS PLLC,Alexandria,VA,(703) 794-2024,Irene Shin,Dentist,,,,,5206 Dawes Ave,22311,General Dentistry,Primary (general),1,1659055010,2023,Recent,NPPES NPI 1659055010,,,
B,Jerrold H Epstein Dos PC,Alexandria,VA,(703) 922-5404,"Jerrold Epstein, DDS",President,,,,,6200 A Old Franconia Road,22310,General Dentistry,Primary (general),1,1043324072,2023,Recent,NPPES NPI 1043324072,,,
B,"Landmark Dental, P.C.",Alexandria,VA,(703) 370-6500,"Benjamin Lee, DMD",Owner,,,,,5130 Duke St Ste 4,22304,General Dentistry,Primary (general),1,1922865781,2024,Recent,NPPES NPI 1922865781,,,
B,Lauren Gibberman DDS PLLC,Alexandria,VA,(703) 823-6616,Lauren Gibberman,Owner/dentist,,,,,6303 Little River Tpke Ste 205,22312,General Dentistry,Primary (general),1,1336332832,2026,Recent,NPPES NPI 1336332832,,,
B,Myvan Tran DDS PC,Alexandria,VA,(793) 313-6999,"Myvan Tran, DDS",Dentist,,,,,6925 Telegraph Rd,22310,General Dentistry,Primary (general),1,1285365809,2022,Recent,NPPES NPI 1285365809,,,
B,Old Town Dental Partners,Alexandria,VA,(703) 548-6100,Dana Colasanto,Front Office,,,,,225 Reinekers Ln Ste GR2,22314,General Dentistry,Primary (general),1,1740566868,2023,Recent,NPPES NPI 1740566868,,,
B,Telegraph Dental Associates PLLC,Alexandria,VA,(703) 313-6999,"Carla Leon Sakers, DDS",Owner,,,,,6925 Telegraph Rd,22310,General Dentistry,Primary (general),1,1669258380,2023,Recent,NPPES NPI 1669258380,,,
B,Dentists Of Arlington PC,Arlington,VA,(703) 705-4022,Katherine Estrada,Manager,,,,,4707 Columbia Pike Unit C1,22204,General Dentistry,Primary (general),1,1538845821,2023,Recent,NPPES NPI 1538845821,,,
B,Dr Nili Dental Care LLC,Arlington,VA,(703) 522-3363,"Nilima Runwal, DDS",Owner/ Dentist,,,,,1635 N George Mason Dr Ste 160,22205,General Dentistry,Primary (general),1,1376420505,2025,Recent,NPPES NPI 1376420505,,,
B,Gd VA Ade PLLC,Arlington,VA,(701) 352-5015,Chad Hendricks,Credentialing,,,,,3301 Fairfax Dr Ste 54,22201,General Dentistry,Primary (general),1,1154023927,2023,Recent,NPPES NPI 1154023927,,,
B,"Gd VA Fairlington, PLLC",Arlington,VA,(703) 671-1001,Chad Hendricks,Credentialing,,,,,4850 31ST St S Ste A,22206,General Dentistry,Primary (general),2,1215646161,2022,Recent,NPPES NPI 1215646161,,,
B,Gerson J Cuellar DDS PC,Arlington,VA,(703) 578-0166,Gerson Cuellar,President,,,,,611 S Carlin Springs Rd,22204,General Dentistry,Primary (general),1,1285153296,2022,Recent,NPPES NPI 1285153296,,,
B,"Jungwon Roh, Dds, PLLC",Arlington,VA,(703) 263-8009,"Jungwon Roh, DDS",Dentist,,,,,3400 S Clark St Ste 105,22202,General Dentistry,Primary (general),1,1013851559,2026,Recent,NPPES NPI 1013851559,,,
B,Mayer Smile Be Bright,Arlington,VA,(571) 366-3992,Edith Martinez,Operations Manager,,,,,6500 Williamsburg Blvd,22213,General Dentistry,Primary (general),1,1508641937,2023,Recent,NPPES NPI 1508641937,,,
B,"Nevada Dental Professional, Quirt, Kruyer, P.C.",Arlington,VA,(703) 892-0883,Kam Shick,Insurance Coordinator,,,,,2231 Crystal Dr Lbby 150,22202,General Dentistry,Primary (general),1,1093004921,2022,Recent,NPPES NPI 1093004921,,,
B,Nova Family Dental Center,Arlington,VA,(703) 705-9003,"Cyrus Arefi, DMD",Owner,,,,,3533 Columbia Pike,22204,General Dentistry,Primary (general),1,1144062324,2024,Recent,NPPES NPI 1144062324,,,
B,Opal Dental Boutique PLLC Dba Atelier Opal Dental,Arlington,VA,(571) 429-4416,"Smaiyra Chaudhary, DDS",Owner,,,,,2700 S Quincy St Ste 215,22206,General Dentistry,Primary (general),1,1952125981,2026,Recent,NPPES NPI 1952125981,,,
B,Premier Dental,Arlington,VA,(703) 740-0060,"Mestire Solomon, DMD",Manager,,,,,611 S Carlin Springs Rd Ste 408,22204,General Dentistry,Primary (general),1,1609573005,2023,Recent,NPPES NPI 1609573005,,,
B,"Riverside Dental, PLLC",Arlington,VA,(703) 740-8978,"Shutong Hartsell, DMD",Owner,,,,,3400 S Clark St Ste 105,22202,General Dentistry,Primary (general),1,1093466583,2022,Recent,NPPES NPI 1093466583,,,
B,"Siranli Dental Arlington, PLLC",Arlington,VA,(703) 415-0505,Norah Molnar,General Counsel And COO,,,,,2550 S Clark St Lbby 100,22202,General Dentistry,Primary (general),1,1992690689,2025,Recent,NPPES NPI 1992690689,,,
B,Ashburn Modern Dental PLLC,Ashburn,VA,(571) 214-6029,"Babak Salahbin, DDS, FAGD",Owner,,,,,21785 Filigree Ct Ste 101,20147,General Dentistry,Primary (general),1,1881329597,2024,Recent,NPPES NPI 1881329597,,,
B,Best Rest Virginia,Ashburn,VA,(571) 465-2114,"Carter Reeves, DDS",Owner,,,,,43810 Central Station Dr,20147,General Dentistry,Primary (general),2,1689401176,2025,Recent,NPPES NPI 1689401176,,,
B,Dental Den,Ashburn,VA,(571) 491-4355,Ibrahim Masoud,Owner,,,,,44095 Pipeline Plz Ste 170,20147,General Dentistry,Primary (general),1,1760341374,2026,Recent,NPPES NPI 1760341374,,,
B,"Msk.dmd, PLLC",Ashburn,VA,(410) 900-2545,"Min Seong Kim, DMD",Owner Dentist,,,,,20630 Ashburn Rd Ste 196,20147,General Dentistry,Primary (general),1,1134085087,2026,Recent,NPPES NPI 1134085087,,,
B,My Ashburn Dentist,Ashburn,VA,(703) 726-8700,"Zoltan Rusznak, DDS",Dr,,,,,20925 Professional Plz Ste 330,20147,General Dentistry,Primary (general),2,1730951245,2023,Recent,NPPES NPI 1730951245,,,
B,"Reston Dental Group, PC",Ashburn,VA,(703) 723-0014,Hannah Fish,Credentialing Manager,,,,,20955 Professional Plz Ste 110,20147,General Dentistry,Primary (general),1,1821155318,2022,Recent,NPPES NPI 1821155318,,,
B,Virginia Dental Solutions Of Ashburn PLLC,Ashburn,VA,(703) 858-0000,Kim Davis,Rcm Director,,,,,44095 Pipeline Plz Ste 220,20147,General Dentistry,Primary (general),1,1215899836,2025,Recent,NPPES NPI 1215899836,,,
B,Virginia Smiles PLLC,Ashburn,VA,(571) 291-9699,"Wasim Qureshi, DDS",President,,,,,21001 Sycolin Rd Ste 100,20147,General Dentistry,Primary (general),1,1013342161,2023,Recent,NPPES NPI 1013342161,,,
B,Core Dentistry LLC,Bowling Green,VA,(804) 633-6040,"Jaehoon Jung, DMD",Dentist,,,,,117 Courthouse Ln,22427,General Dentistry,Primary (general),1,1073457818,2026,Recent,NPPES NPI 1073457818,,,
B,Jae M Chong DMD PC,Centreville,VA,(703) 825-1191,"Jae Chong, DMD",President,,,,,14215F Centreville Sq,20121,General Dentistry,Primary (general),1,1831928654,2024,Recent,NPPES NPI 1831928654,,,
B,"Affordable Dentures & Implants - Chantilly, P.C.",Chantilly,VA,(571) 370-3440,"Stephanie Harding, DDS",Owner,,,,,13868 Metrotech Dr,20151,General Dentistry,Primary (general),1,1235934787,2025,Recent,NPPES NPI 1235934787,,,
B,"Chantilly Modern Dentistry, PC",Chantilly,VA,(703) 214-2113,"Alex Sharifian, DDS",Owner/dds,,,,,14337 Newbrook Dr Suite 200,20151,General Dentistry,Primary (general),1,1013405950,2022,Recent,NPPES NPI 1013405950,,,
B,"Dental Professionals Of Virginia, P.C.",Chantilly,VA,(571) 430-3535,Celia Hayes,Credentialing Coordinator,,,,,25739 Branch Rail Dr Ste 160,20152,General Dentistry,Primary (general),1,1174259568,2022,Recent,NPPES NPI 1174259568,,,
B,"Rolando Reyes Rodriguez, Dmd, P.C.",Chantilly,VA,(571) 370-3340,"Rolando Reyes Rodriguez, DMD",Owner,,,,,13868 Metrotech Dr,20151,General Dentistry,Primary (general),1,1457098345,2022,Recent,NPPES NPI 1457098345,,,
B,Simple Dental PLLC,Chantilly,VA,(703) 552-8700,Jessica Yoo,Owner Dentist,,,,,5005 Westone Plz Ste C,20151,General Dentistry,Primary (general),1,1245015999,2023,Recent,NPPES NPI 1245015999,,,
B,"Aesthetic Dentistry Of Charlottesville, P.C.",Charlottesville,VA,(434) 984-3455,"Anita Neel, DMD",President,,,,,300 Hickman Rd Ste 102,22911,General Dentistry,Primary (general),1,1700929395,2026,Recent,NPPES NPI 1700929395,,,
B,"Affordable Dentures & Implants - Charlottesville, P.C.",Charlottesville,VA,(434) 964-9117,"Siavash Sadeghi Sedigh, DDS",Owner,,,,,1928 Rio Hill Ctr,22901,General Dentistry,Primary (general),2,1982305181,2023,Recent,NPPES NPI 1982305181,,,
B,Avalon Dental PLLC,Charlottesville,VA,(434) 923-0303,Katerina Dalavurak,Owner Dentist,,,,,300 Hickman Rd Ste 201,22911,General Dentistry,Primary (general),2,1548151566,2025,Recent,NPPES NPI 1548151566,,,
B,"Charlottesville Blue Ridge Dental, Plc",Charlottesville,VA,(434) 978-1510,Jessica Hunter,Director Of Network Relations,,,,,2320 Commonwealth Dr,22901,General Dentistry,Primary (general),1,1538849880,2026,Recent,NPPES NPI 1538849880,,,
B,Charlottesville Dental Associates,Charlottesville,VA,(434) 296-8043,Opal Anderson,COO,office@charlottesvilledentalassociates.com,NPPES federal registry filing,,,1227 Cedars Ct,22903,General Dentistry,Primary (general),2,1285297622,2022,Recent,NPPES NPI 1285297622,,,
B,"Dental Professionals Of Virginia, P.C.",Charlottesville,VA,(434) 296-5250,Courtney Monteith,Credentialing Coordinator,,,,,335 Greenbrier Dr Ste 204,22901,General Dentistry,Primary (general),1,1194464867,2022,Recent,NPPES NPI 1194464867,,,
B,"Dental Professionals Of Virginia, P.C.",Charlottesville,VA,(434) 424-0285,Belinda Huerta,Credentialing Coordinator,,,,,2149 Barracks Rd,22903,General Dentistry,Primary (general),1,1407572431,2022,Recent,NPPES NPI 1407572431,,,
B,"Dynamic Dental Health Associates Of Virginia, PC",Charlottesville,VA,(434) 823-2290,Nancy Schiaparelli,Chief Financial Officer,,,,,325 Four Leaf Ln,22903,General Dentistry,Primary (general),2,1437587698,2023,Recent,NPPES NPI 1437587698,,,
B,Emily Harding DMD Inc,Charlottesville,VA,(502) 370-6463,"Emily Harding, DMD",President,,,,,914 E Jefferson St Unit 102,22902,General Dentistry,Primary (general),1,1679956296,2025,Recent,NPPES NPI 1679956296,,,
B,Matthew P Harrison DDS PLLC,Charlottesville,VA,(434) 973-2968,Jalonda Sweeney,Credentialing Specialist,,,,,2700 Hydraulic Rd,22901,General Dentistry,Primary (general),1,1407536733,2023,Recent,NPPES NPI 1407536733,,,
B,"Riccobene & Associates Cc, Dds, PC",Charlottesville,VA,(434) 202-3520,Michael Riccobene,CEO,,,,,1658 State Farm Blvd Ste 103,22911,General Dentistry,Primary (general),2,1225824527,2025,Recent,NPPES NPI 1225824527,,,
B,River Run Dental Of Seminole Trail PLLC,Charlottesville,VA,(434) 337-0515,Kim Davis,Rcm Director,,,,,1461 Greenbrier Pl,22901,General Dentistry,Primary (general),1,1518837228,2025,Recent,NPPES NPI 1518837228,,,
B,Toan Duong DDS PLLC,Charlottesville,VA,(434) 974-6492,"Toan Duong, DDS",Dentist/owner,,,,,1752 Timberwood Blvd,22911,General Dentistry,Primary (general),1,1962117200,2023,Recent,NPPES NPI 1962117200,,,
B,"Affordable Dentures & Implants - Virginia Iii, PLLC",Chesapeake,VA,(757) 802-3923,Ibrahim Ahmed,Managing Dentist,,,,,1320 Greenbrier Pkwy Ste 308,23320,General Dentistry,Primary (general),1,1104507359,2025,Recent,NPPES NPI 1104507359,,,
B,Brian P Midgette DDS PC,Chesapeake,VA,(757) 483-4700,Kim Davis,Rcm Director,,,,,3326 Taylor Road,23321,General Dentistry,Primary (general),1,1649307836,2026,Recent,NPPES NPI 1649307836,,,
B,"Dental Professionals Of Virginia, P.C.",Chesapeake,VA,(948) 235-1888,Cemyira McDougal,Credentialing,,,,,1225 Cedar Rd,23322,General Dentistry,Primary (general),1,1861329393,2026,Recent,NPPES NPI 1861329393,,,
B,"Dental Professionals Of Virginia, P.C.",Chesapeake,VA,(217) 540-5100,Jessica Britt,Credentialing Coordinator,,,,,249 Hanbury Rd E Ste 110,23322,General Dentistry,Primary (general),1,1811406614,2022,Recent,NPPES NPI 1811406614,,,
B,"Dental Professionals Of Virginia, P.C.",Chesapeake,VA,(757) 465-8900,Heartland Dental,Credentialing Coordinator,,,,,629 Volvo Pkwy Ste 100,23320,General Dentistry,Primary (general),1,1043600125,2023,Recent,NPPES NPI 1043600125,,,
B,"Dynamic Dental Health Associates Of Virginia,pc",Chesapeake,VA,(757) 488-1421,Nancy Schiaparelli,Chief Financial Officer,,,,,4107 Portsmouth Blvd Ste 107,23321,General Dentistry,Primary (general),1,1265860928,2023,Recent,NPPES NPI 1265860928,,,
B,"Mary A Haley, D.d.s., PLLC",Chesapeake,VA,(757) 547-3003,"Mary Haley, DDS",Owner,ches@deweywillisdds.com,NPPES federal registry filing,,,801 Greenbrier Pkwy Ste A,23320,General Dentistry,Primary (general),2,1366177016,2022,Recent,NPPES NPI 1366177016,,,
B,"Riccobene & Associates Cc, Dds, PC",Chesapeake,VA,(757) 488-3392,Michael Riccobene,CEO,,,,,4107 Portsmouth Blvd Ste 107,23321,General Dentistry,Primary (general),1,1750060679,2024,Recent,NPPES NPI 1750060679,,,
B,River Run Dental Of Edinburgh PLLC,Chesapeake,VA,(757) 231-5291,Kim Davis,Rcm Director,,,,,825 Battlefield Blvd S,23322,General Dentistry,Primary (general),1,1225995053,2026,Recent,NPPES NPI 1225995053,,,
B,River Run Dental Of Greenbrier PLLC,Chesapeake,VA,(757) 241-5735,Kim Davis,Rcm Director,,,,,560 Kempsville Rd Ste 200,23320,General Dentistry,Primary (general),1,1679430417,2026,Recent,NPPES NPI 1679430417,,,
B,Shabana Zahir DMD & Associates PLLC,Chesapeake,VA,(757) 548-0000,"Shabana Zahir, DMD",Owner,,,,,501 Cedar Rd Ste 1A,23322,General Dentistry,Primary (general),1,1871050807,2023,Recent,NPPES NPI 1871050807,,,
B,Prime Dental Care PLLC,Dale City,VA,(301) 366-2682,"Jaswinder Singh, DDS",Member,,,,,12719 Apollo Dr,22193,General Dentistry,Primary (general),1,1114661576,2022,Recent,NPPES NPI 1114661576,,,
B,"Dental Professionals Of Virginia, P.C.",Fairfax,VA,(571) 295-4171,Celia Hayes,Credentialing Coordinator,,,,,13045 Route 50,22033,General Dentistry,Primary (general),1,1982363008,2026,Recent,NPPES NPI 1982363008,,,
B,Dentists Of Fair Oaks,Fairfax,VA,(703) 766-1575,Dentists Of Fair Oaks,Manager,,,,,12011 Route 50 Ste 104,22033,General Dentistry,Primary (general),1,1255220836,2026,Recent,NPPES NPI 1255220836,,,
B,District Dental Group Of Fairfax,Fairfax,VA,(703) 273-2040,"Paraskevas Kourtsounis, DDS, MBS",Practice Owner,,,,,10875 Main St Ste 206,22030,General Dentistry,Primary (general),1,1992680441,2025,Recent,NPPES NPI 1992680441,,,
B,"Fairfax City Dentist, Plc",Fairfax,VA,(703) 385-1617,Vladyslav Ovcharenko,Owner,,,,,3929 Blenheim Blvd Ste 91D,22030,General Dentistry,Primary (general),2,1265369946,2026,Recent,NPPES NPI 1265369946,,,
B,"Fairfax Dental Partners, PC",Fairfax,VA,(703) 250-2970,Dana Colasanto,Manager,,,,,10529 Braddock Rd Ste A,22032,General Dentistry,Primary (general),1,1629754726,2023,Recent,NPPES NPI 1629754726,,,
B,"Fairfax Dentistry, PLLC",Fairfax,VA,(703) 691-2221,"Samuel Ham, DDS",Owner/dentist,,,,,11351 Random Hills Rd Ste 102,22030,General Dentistry,Primary (general),1,1710496294,2022,Recent,NPPES NPI 1710496294,,,
B,"Fairfax Modern Dentistry, PC",Fairfax,VA,(703) 520-6376,"Ali Shahrestani, DMD",Owner/dmd,,,,,11050 Lee Hwy,22030,General Dentistry,Primary (general),1,1174011191,2022,Recent,NPPES NPI 1174011191,,,
B,Jones Family Dentistry PLLC,Fairfax,VA,(703) 691-9041,"Richard Jones, DDS",Owner,,,,,3879 Plaza Dr,22030,General Dentistry,Primary (general),1,1336661651,2022,Recent,NPPES NPI 1336661651,,,
B,Lets Smile Cosmetic Dentistry Of Fairfax PLLC,Fairfax,VA,(703) 719-5828,"Ali Ghatri, DDS",Member,,,,,4210 Fairfax Corner Ave W Ste 245,22030,General Dentistry,Primary (general),2,1184348559,2022,Recent,NPPES NPI 1184348559,,,
B,Lucent Dental PLLC,Fairfax,VA,(703) 503-5211,"Brandon Tran, DMD",Dentist,,,,,9671D Main St,22031,General Dentistry,Primary (general),1,1255262077,2026,Recent,NPPES NPI 1255262077,,,
B,Monica R DDS PLLC,Fairfax,VA,(571) 407-7030,"Monica Restrepo, DDS",Dentist/owner,,,,,11130 Fairfax Blvd Ste 100,22030,General Dentistry,Primary (general),1,1346081254,2024,Recent,NPPES NPI 1346081254,,,
B,"Nova Children'S General Anesthesia Dentistry, PLLC",Fairfax,VA,(703) 705-2277,Jeffrey Wheeler,CEO,,,,,8505 Arlington Blvd Ste 100,22031,General Dentistry,Primary (general),1,1447031380,2026,Recent,NPPES NPI 1447031380,,,
B,Pdc Pediatric Dental Care PLLC,Fairfax,VA,(703) 383-3434,Victoria Johnson,Cro,,,,,9901 Fairfax Blvd,22030,General Dentistry,Primary (general),1,1700547932,2026,Recent,NPPES NPI 1700547932,,,
B,Progressive Dental Care,Fairfax,VA,(571) 282-4226,"Alka Mahajan, DMD",Owner,,,,,8301 Arlington Blvd Ste T2,22031,General Dentistry,Primary (general),1,1073263620,2022,Recent,NPPES NPI 1073263620,,,
B,Providence Dental Arts,Fairfax,VA,(301) 222-7896,Issa Abou Ayyash,Dentist,,,,,3028 Javier Rd Ste 101,22031,General Dentistry,Primary (general),1,1235060864,2026,Recent,NPPES NPI 1235060864,,,
B,"Sjpark Dental, PC",Fairfax,VA,(703) 352-0741,"Sungbum Park, DDS",Director/ Dentist,,,,,4001 Fair Ridge Dr Ste 105,22033,General Dentistry,Primary (general),1,1245059492,2024,Recent,NPPES NPI 1245059492,,,
B,"Thomas G Vaccaro Dds,pc",Fairfax,VA,(703) 591-1007,Thomas Vaccaro,President,,,,,11130 Fairfax Blvd Ste 201,22030,General Dentistry,Primary (general),1,1255103602,2023,Recent,NPPES NPI 1255103602,,,
B,Zp Dental Corporation,Fairfax,VA,(703) 239-3782,"Aadil Toor, DDS",Dentist,,,,,3975 Fair Ridge Dr Ste N301,22033,General Dentistry,Primary (general),1,1093669103,2026,Recent,NPPES NPI 1093669103,,,
B,Smiles Of VA PLLC,Falls Church,VA,(703) 533-1733,"Anuradha Beri, BDS, CAGS, MSD",Owner,,,,,7115 Leesburg Pike Ste 320,22043,General Dentistry,Primary (general),1,1306727938,2025,Recent,NPPES NPI 1306727938,,,
B,"Coastal Dental Services, PLLC",Franktown,VA,(757) 414-0400,"Mark Newman, DDS",President,,,,,Franktown Community Health Center 9159 Franktown Road,23354,General Dentistry,Primary (general),1,1114447703,2026,Recent,NPPES NPI 1114447703,,,
B,Rupinder Uppal DDS PLLC,Gainesville,VA,(917) 846-4923,"Rupinder Uppal, DDS",Owner,,,,,7220 Heritage Village Plz,20155,General Dentistry,Primary (general),1,1568150605,2023,Recent,NPPES NPI 1568150605,,,
B,Brian Bins DMD PLLC,Glen Allen,VA,(804) 270-5353,Lauri Henderson,Administrative Assistant,,,,,4424 Springfield Rd Ste 100,23060,General Dentistry,Primary (general),1,1982425658,2026,Recent,NPPES NPI 1982425658,,,
B,C Ayeni Dental PLLC,Glen Allen,VA,(804) 508-7454,Christine Barber,Provider Enrollment Manager,,,,,9935 Brook Rd,23059,General Dentistry,Primary (general),1,1780568261,2025,Recent,NPPES NPI 1780568261,,,
B,Chitti Mengji DDS PC,Glen Allen,VA,(973) 727-2373,Chitti Mengji,President,,,,,5201 Hickory Park Dr Ste B,23059,General Dentistry,Primary (general),1,1992496509,2023,Recent,NPPES NPI 1992496509,,,
B,Corry A Brown DDS PC,Glen Allen,VA,(804) 599-8700,"Corry Brown, DDS",Owner,,,,,4445 Cox Rd,23060,General Dentistry,Primary (general),1,1003566563,2022,Recent,NPPES NPI 1003566563,,,
B,Kunjal N Patel DDS PC,Glen Allen,VA,(804) 747-0020,"Kunjal Patel, DDS",President Of The S Corporation,,,,,5368 Twin Hickory Rd,23059,General Dentistry,Primary (general),1,1437918430,2024,Recent,NPPES NPI 1437918430,,,
B,M H Ahmed DMD LLC,Glen Allen,VA,(804) 270-9989,"Mohamed Ahmed, DMD",Business Owner,,,,,9840 W Broad St Ste B,23060,General Dentistry,Primary (general),1,1982096798,2024,Recent,NPPES NPI 1982096798,,,
B,Virginia Orofacial Pain And Sleep Center,Glen Allen,VA,(408) 306-6556,Krishna Gopisetty,Owner,,,,,5352 Twin Hickory Rd,23059,General Dentistry,Primary (general),1,1497443436,2023,Recent,NPPES NPI 1497443436,,,
B,Atlantic Dental Care Plc,Hampton,VA,(757) 827-7770,Zackary Zayakosky,Chairman,,,,,1817 Todds Ln,23666,General Dentistry,Primary (general),4,1881502359,2026,Recent,NPPES NPI 1881502359,,,
B,"Family Dental Of Virginia, LLC",Hampton,VA,(757) 262-0020,Chloe Decoster,Senior Manager,,,,,2040 Coliseum Dr Ste A27,23666,General Dentistry,Primary (general),1,1689942377,2025,Recent,NPPES NPI 1689942377,,,
B,Foxhill Hampton Dental PLLC,Hampton,VA,(346) 256-5991,"Anshu Khanna, DDS",Dentist,,,,,171 Fox Hill Rd,23669,General Dentistry,Primary (general),1,1487512745,2026,Recent,NPPES NPI 1487512745,,,
B,Shayegh And Khanna DDS PLLC,Hampton,VA,(757) 826-1121,"Meysam Shayegh, DDS",Dentist,,,,,2240 Coliseum Dr Ste C,23666,General Dentistry,Primary (general),1,1972254902,2022,Recent,NPPES NPI 1972254902,,,
B,"The Foleck Center, Ltd.",Hampton,VA,(757) 727-7726,"Adam Foleck, DMD",Owner,,,,,3824 Kecoughtan Rd,23669,General Dentistry,Primary (general),1,1083454797,2024,Recent,NPPES NPI 1083454797,,,
B,Dr Merah Al Jundi PLLC,Herndon,VA,(703) 464-0000,Merah Aljundi,Owner,,,,,504 Elden Street,20170,General Dentistry,Primary (general),2,1184479503,2024,Recent,NPPES NPI 1184479503,,,
B,J Chong DMD & Associates PC,Herndon,VA,(703) 989-6283,"Jae Chong, DMD",President,,,,,131 Elden St Ste 140,20170,General Dentistry,Primary (general),1,1598594319,2024,Recent,NPPES NPI 1598594319,,,
B,Lina Jameel DDS PLLC,Herndon,VA,(703) 787-9000,"Lina Jameel, DDS",Dentist,,,,,112 Elden St Ste N,20170,General Dentistry,Primary (general),1,1316690985,2022,Recent,NPPES NPI 1316690985,,,
B,Architectura Dental PLLC,Leesburg,VA,(703) 454-5656,"Yong Coe, DDS,MSD,MS",Owner,,,,,19490 Sandridge Way Ste 160,20176,General Dentistry,Primary (general),1,1164380242,2026,Recent,NPPES NPI 1164380242,,,
B,"Dental Professionals Of Virginia, P.C.",Leesburg,VA,(571) 479-4032,Belinda Huerta,Credentialing Coordinator,,,,,565 Compass Point Plz SE,20175,General Dentistry,Primary (general),1,1912626425,2022,Recent,NPPES NPI 1912626425,,,
B,Dentists Of Lansdowne,Leesburg,VA,(571) 333-8558,Katherine Estrada,Manager,,,,,19340 Promenade Dr,20176,General Dentistry,Primary (general),1,1811693096,2023,Recent,NPPES NPI 1811693096,,,
B,Dj Practices PLLC,Leesburg,VA,(301) 744-7031,Heta Jasani,Owner,,,,,19415 Deerfield Ave Ste 212,20176,General Dentistry,Primary (general),1,1104652775,2024,Recent,NPPES NPI 1104652775,,,
B,Hometown Dental Care,Leesburg,VA,(571) 363-2244,"Arezou Daneshvar, DDS",Owner - Manager,,,,,821 S King St Suite E,20175,General Dentistry,Primary (general),1,1316499379,2025,Recent,NPPES NPI 1316499379,,,
B,"Leesburg Dental And Orthodontics, PLLC",Leesburg,VA,(703) 347-1282,"Zack Mekouar, DDS",President,,,,,135 Robinson Mill Plz SE Ste 108,20175,General Dentistry,Primary (general),1,1437865342,2023,Recent,NPPES NPI 1437865342,,,
B,Leesburg Dental Group PLLC,Leesburg,VA,(703) 737-0070,"Geith Kallas, DDS",Owner,,,,,19 Catoctin Cir NE,20176,General Dentistry,Primary (general),2,1063113199,2023,Recent,NPPES NPI 1063113199,,,
B,"Leesburg Modern Dentistry, PC",Leesburg,VA,(571) 899-4713,"Ali Shahrestani, DMD",Owner Doctor,,,,,502 E Market St,20176,General Dentistry,Primary (general),1,1932837101,2022,Recent,NPPES NPI 1932837101,,,
B,"Neibauer Dental Care, PC",Leesburg,VA,(571) 209-9197,Hillary Thull,Credentialing Coordinator,,,,,680 Potomac Station Dr NE,20176,General Dentistry,Primary (general),1,1639446263,2024,Recent,NPPES NPI 1639446263,,,
B,Sv Smiles PLLC,Leesburg,VA,(703) 459-9495,"Vivek Vij, DDS",President,,,,,661 Potomac Station Dr NE,20176,General Dentistry,Primary (general),1,1093542755,2024,Recent,NPPES NPI 1093542755,,,
B,Vida Asiamah DDS PLLC,Leesburg,VA,(703) 777-4443,Chad Hendricks,Credentialing,,,,,21 Loudoun St SE,20175,General Dentistry,Primary (general),1,1689500746,2026,Recent,NPPES NPI 1689500746,,,
B,Gd VA Gal PLLC,Louisa,VA,(540) 967-0777,Chad Hendricks,Credentialing,,,,,208B Elm Ave,23093,General Dentistry,Primary (general),1,1073215836,2023,Recent,NPPES NPI 1073215836,,,
B,"Affordable Dentures & Implants - Lynchburg, P.C.",Lynchburg,VA,(434) 509-4340,"Jinghua Zhang, DDS",Owner,,,,,4024 Wards Rd Ste B1,24502,General Dentistry,Primary (general),1,1932835535,2022,Recent,NPPES NPI 1932835535,,,
B,Burton Dentistry Dre PLLC,Lynchburg,VA,(434) 385-6000,Elizabeth Davis,Director Of Revenue,,,,,105 Richeson Dr,24501,General Dentistry,Primary (general),1,1669294401,2024,Recent,NPPES NPI 1669294401,,,
B,Ddl Managing Services LLC,Lynchburg,VA,(434) 480-6526,"Tremayne Richard, DDS",Owner,,,,,3615 Old Forest Rd,24501,General Dentistry,Primary (general),1,1891422721,2026,Recent,NPPES NPI 1891422721,,,
B,"Drs. Holcomb, Savage, & Warwick, P.C.",Lynchburg,VA,(434) 847-4581,"Thomas Warwick, DDS",Owner,,,,,1910 Thomson Dr,24501,General Dentistry,Primary (general),1,1174732184,2022,Recent,NPPES NPI 1174732184,,,
B,Marbri Enterprises,Lynchburg,VA,(434) 385-7707,"Aleksandr Baron, DDS",President,,,,,3709 Old Forest Rd,24501,General Dentistry,Primary (general),2,1841009263,2025,Recent,NPPES NPI 1841009263,,,
B,Raymond C Baker Jr DDS Inc,Lynchburg,VA,(434) 845-1121,"Raymond Baker, DDS",Owner,,,,,1922 Thomson Drive,24501,General Dentistry,Primary (general),1,1205931409,2025,Recent,NPPES NPI 1205931409,,,
B,Salem Lynchburg Dental PC,Lynchburg,VA,(434) 329-3197,Christine Barber,Provider Enrollment Manager,,,,,4011 Wards Rd Ste A,24502,General Dentistry,Primary (general),1,1407747736,2025,Recent,NPPES NPI 1407747736,,,
B,"Dental Excellence, PLLC",Manassas,VA,(571) 208-1325,"Sarmad Khamas, DMD",Owner,,,,,7815 Sudley Rd,20109,General Dentistry,Primary (general),1,1154116085,2025,Recent,NPPES NPI 1154116085,,,
B,"Dentists Of Sudley, PC",Manassas,VA,(703) 672-3617,"Minh Pham, DDS",Owner,,,,,8039 Sudley Rd,20109,General Dentistry,Primary (general),1,1770457772,2025,Recent,NPPES NPI 1770457772,,,
B,"Luis Loza Dds, PC",Manassas,VA,(703) 331-1313,"Luis Loza, DDS",Dentist,,,,,7806 Sudley Rd Suite 210,20109,General Dentistry,Primary (general),1,1194877035,2022,Recent,NPPES NPI 1194877035,,,
B,Manassas Dental And Cosmetics DMD PLLC,Manassas,VA,(571) 293-8729,"Mazin Alayssami, DMD",Owner,,,,,9825 Liberia Ave,20110,General Dentistry,Primary (general),1,1497602452,2026,Recent,NPPES NPI 1497602452,,,
B,Manassas Modern Dentistry PLLC,Manassas,VA,(703) 361-2911,"Tareq Salameh, DDS",Doctor/owner,,,,,10620 Crestwood Dr Ste A,20109,General Dentistry,Primary (general),1,1114652286,2023,Recent,NPPES NPI 1114652286,,,
B,"Mark P Gerald, Dds, PLLC",Manassas,VA,(703) 368-0580,"Mark Gerald, DDS",Dentist/owner,,,,,7518 Diplomat Dr Ste 101,20109,General Dentistry,Primary (general),1,1619806015,2026,Recent,NPPES NPI 1619806015,,,
B,Nova Affordable Dental Implant,Manassas,VA,(571) 260-6222,Ahmed Matri,Owner,,,,,8209 Sudley Rd,20109,General Dentistry,Primary (general),1,1245985266,2022,Recent,NPPES NPI 1245985266,,,
B,"Ritika Kailey, Dmd, PLLC",Manassas,VA,(571) 360-6032,Christine Barber,Provider Enrollment Manager,,,,,8441 Sudley Rd,20109,General Dentistry,Primary (general),1,1235009606,2025,Recent,NPPES NPI 1235009606,,,
B,Sheila Rao DDS Plc,Manassas,VA,(703) 365-0700,"Sheila Rao, DDS",Dentist/owner,,,,,9625 Surveyor Ct Suite 101,20110,General Dentistry,Primary (general),1,1952295875,2025,Recent,NPPES NPI 1952295875,,,
B,"Virginia Metro Dental Services, PLLC",Manassas,VA,(214) 821-6468,Field Harrison,CEO/owner,,,,,9161 Liberia Ave Ste 103,20110,General Dentistry,Primary (general),1,1023743697,2022,Recent,NPPES NPI 1023743697,,,
B,Mehdi Adili DDS PC,McLean,VA,(703) 442-0442,"Mehdi Adili, DDS",Owner Prosthodontics,,,,,8353 A Greensboro Dr,22102,General Dentistry,Primary (general),1,1689747412,2025,Recent,NPPES NPI 1689747412,,,
B,Hajian & Salavaggione Dental PLLC,Mechanicsville,VA,(818) 212-4242,"Pega Hajian, DDS",Dentist/owner,,,,,7239 Mechanicsville Tpke Ste 3,23111,General Dentistry,Primary (general),1,1598671786,2026,Recent,NPPES NPI 1598671786,,,
B,"Affordable Dentures & Implants - Virginia Ii, PLLC",Midlothian,VA,(804) 446-5191,"Mansi Mehta, DMD",Owner,,,,,12755 Stone Village Way,23313,General Dentistry,Primary (general),1,1417635616,2024,Recent,NPPES NPI 1417635616,,,
B,Amanda A Hoover Dental PC,Midlothian,VA,(804) 739-8287,Lauri Henderson,Administrative Assistant,,,,,6043 Harbour Park Dr,23112,General Dentistry,Primary (general),1,1467103200,2026,Recent,NPPES NPI 1467103200,,,
B,Bellgrade Dental Center Plc,Midlothian,VA,(804) 794-6900,"Scott Thews, DDS",Doctor/owner,,,,,2611 Promenade Pkwy,23113,General Dentistry,Primary (general),1,1417977265,2023,Recent,NPPES NPI 1417977265,,,
B,F Lee Angus Jr. DDS,Midlothian,VA,(804) 379-9399,"Frank Angus, DDS",Dentist/owner,,,,,11301 Polo Pl Ste C,23113,General Dentistry,Primary (general),1,1326599960,2022,Recent,NPPES NPI 1326599960,,,
B,"John J Han, DMD Ii, PLLC",Midlothian,VA,(804) 379-4483,"J White, DDS",Office Administrator,,,,,1690 Huguenot Rd,23113,General Dentistry,Primary (general),1,1922521699,2022,Recent,NPPES NPI 1922521699,,,
B,Magnolia Family Dental,Midlothian,VA,(804) 744-9051,"Jessica Smith, JESSICA SMITH",Owner,,,,,5161 Craig Rath Blvd,23112,General Dentistry,Primary (general),1,1093650418,2026,Recent,NPPES NPI 1093650418,,,
B,Oakes Dental LLC,Midlothian,VA,(804) 293-4000,Andrea Oakes,Owner,,,,,13516 Hull Street Rd,23112,General Dentistry,Primary (general),1,1952070476,2023,Recent,NPPES NPI 1952070476,,,
B,Pine Tree Dental Care PLLC,Midlothian,VA,(804) 822-6231,"Kyu Lee, VA, MD",Dentist,,,,,14411 Justice Rd Ste C,23113,General Dentistry,Primary (general),1,1821830365,2024,Recent,NPPES NPI 1821830365,,,
B,Sycamore Family Dentistry,Midlothian,VA,(804) 379-7864,"Jacob Sheppard, DDS",Owner Dentist,,,,,1165 Jefferson Green Cir,23113,General Dentistry,Primary (general),1,1609520535,2022,Recent,NPPES NPI 1609520535,,,
B,Virginia Total Sleep PLLC,Midlothian,VA,(804) 625-4064,Alexander Vaughan,Managing Member,,,,,2354 Colony Crossing Pl,23112,General Dentistry,Primary (general),2,1497459564,2023,Recent,NPPES NPI 1497459564,,,
B,Asya Marsh DMD PLLC,Newport News,VA,(757) 875-2273,"Asya Marsh, DMD",Dentist,,,,,1405 Kiln Creek Pkwy,23602,General Dentistry,Primary (general),2,1255185112,2024,Recent,NPPES NPI 1255185112,,,
B,Daniel G Stockburger DDS PC,Newport News,VA,(757) 873-2577,Elizabeth Pfeuffer,Insurance Coordinator,,,,,606 Thimble Shoals Blvd Building C1,23606,General Dentistry,Primary (general),1,1861123051,2022,Recent,NPPES NPI 1861123051,,,
B,"Dental Professionals Of Virginia, P.C.",Newport News,VA,(757) 595-8405,Hillary Thull,Credentialing Coordinator,,,,,748 McGuire Pl Ste A,23601,General Dentistry,Primary (general),1,1780497180,2025,Recent,NPPES NPI 1780497180,,,
B,Suh Dental PLLC,Newport News,VA,(757) 234-7573,Valerie Hamilton,"Director, Payor Strategy",,,,,12100 Jefferson Ave,23602,General Dentistry,Primary (general),1,1689401325,2024,Recent,NPPES NPI 1689401325,,,
B,"Tremont Road Dental, PC",Newport News,VA,(757) 886-2096,Michelle Jacomino,Director Of Payor Relations,,,,,14346 Warwick Blvd #9,23608,General Dentistry,Primary (general),1,1790872380,2022,Recent,NPPES NPI 1790872380,,,
B,Amador Family Dentistry PLLC,Norfolk,VA,(757) 690-9369,"Maria Amador, DDS",Owner,,,,,1542 E Bayview Blvd,23503,General Dentistry,Primary (general),1,1548923501,2025,Recent,NPPES NPI 1548923501,,,
B,Aspen Dental Of Eastern Virginia PLLC,Norfolk,VA,(757) 451-7042,Mark Turkewitz,Owner,,,,,1087 N Military Hwy,23502,General Dentistry,Primary (general),1,1295226710,2023,Recent,NPPES NPI 1295226710,,,
B,"Coastal Pediatric Dental & Anesthesia, A Division Of Atlantic Dental Care",Norfolk,VA,(757) 963-0001,"Jonathan Wong, DMD",Dentist,,,,,6161 Kempsville Cir Ste 345,23502,General Dentistry,Primary (general),1,1639936172,2026,Recent,NPPES NPI 1639936172,,,
B,Drs Hamlin And Morgan Plc,Norfolk,VA,(757) 627-7550,"Pamela Morgan, DDS",Pediatric Dentist,,,,,1806 Hampton Blvd,23517,General Dentistry,Primary (general),1,1639253123,2025,Recent,NPPES NPI 1639253123,,,
B,Somniabay Sleep PLLC,Norfolk,VA,(575) 690-9369,"Maria Amador, DDS",Owner,,,,,1542 E Bayview Blvd,23503,General Dentistry,Primary (general),1,1215805155,2025,Recent,NPPES NPI 1215805155,,,
B,"Tremont Road Dental Super, P.C.",Norfolk,VA,(757) 461-2563,Michelle Jacomino,Director Of Payor Relations,,,,,5900 E Virginia Beach Blvd Ste 70,23502,General Dentistry,Primary (general),1,1386982288,2024,Recent,NPPES NPI 1386982288,,,
B,"Tremont Road Dental, PC",Norfolk,VA,(757) 466-3622,Michelle Jacomino,Director Of Payor Relations,,,,,5900 E Virginia Beach Blvd Suite 70,23502,General Dentistry,Primary (general),1,1962599555,2022,Recent,NPPES NPI 1962599555,,,
B,Titanium Dental PLLC,Poquoson,VA,(832) 726-8102,"Irtiza Abbas, DDS",Owner,,,,,235 Wythe Creek Rd,23662,General Dentistry,Primary (general),1,1639059694,2025,Recent,NPPES NPI 1639059694,,,
B,"Brendon E Prestwich, PLLC",Portsmouth,VA,(757) 500-8500,"Brendon Prestwich, DDS",President,,,,,6224 Portsmouth Blvd Ste 300,23701,General Dentistry,Primary (general),1,1194592717,2023,Recent,NPPES NPI 1194592717,,,
B,Aei Enterprise LLC,Reston,VA,(703) 382-5611,"Kieu Le, DDS",Owner,,,,,12359 Sunrise Valley Dr Ste 180,20191,General Dentistry,Primary (general),1,1720856370,2025,Recent,NPPES NPI 1720856370,,,
B,Anil Vuggam PLLC,Reston,VA,(703) 373-0333,"Anil Vuggam, DMD",Dentist,,,,,11868 Sunrise Valley Dr Ste 100,20191,General Dentistry,Primary (general),1,1023977253,2026,Recent,NPPES NPI 1023977253,,,
B,Dentart Smile Center PLLC,Reston,VA,(703) 437-0007,"Mahdokht Sadeghvishkaei, DMD",Owner/general Dentist,,,,,1861 Explorer St,20190,General Dentistry,Primary (general),1,1962372847,2025,Recent,NPPES NPI 1962372847,,,
B,Dentlux Smile Aesthetics,Reston,VA,(703) 956-9444,"Chigozie Achuko, DMD",Dentist,,,,,1760 Reston Pkwy Ste 415,20190,General Dentistry,Primary (general),2,1164377420,2026,Recent,NPPES NPI 1164377420,,,
B,"Herndon Modern Dentistry, PC",Reston,VA,(703) 259-8477,"Alex Sharifian, DDS",Owner/dds,,,,,2537 John Milton Dr,20171,General Dentistry,Primary (general),1,1417587312,2022,Recent,NPPES NPI 1417587312,,,
B,Pure Dental LLC,Reston,VA,(571) 236-6699,"Jae-Woo Jung, DDS",Owner Doctor,,,,,11864 Sunrise Valley Dr Ste 100,20191,General Dentistry,Primary (general),1,1487436556,2023,Recent,NPPES NPI 1487436556,,,
B,Put6395 PLLC,Reston,VA,(571) 249-2839,"Punyawat Laohakanjanasiri, DMD",Practice Owner,,,,,12005 Sunrise Valley Dr Ste 130,20191,General Dentistry,Primary (general),1,1275287112,2024,Recent,NPPES NPI 1275287112,,,
B,Sunset Hills Dental Co PLLC,Reston,VA,(703) 570-1117,"Leah Byars, DDS",Owner,,,,,1984 Isaac Newton Sq W Ste 201,20190,General Dentistry,Primary (general),1,1821941154,2026,Recent,NPPES NPI 1821941154,,,
B,360Care Dental Of Virginia LLC,Richmond,VA,(248) 528-2116,Joy Stevens,Director Of Revenue,,,,,100 Shockoe Slip Fl 2,23219,General Dentistry,Primary (general),1,1912897125,2026,Recent,NPPES NPI 1912897125,,,
B,"Affordable Dentures & Implants - North Richmond Iii, P.c",Richmond,VA,(804) 261-4871,"Bahru Nure, DDS",Owner,,,,,1280 Concord Ave,23228,General Dentistry,Primary (general),1,1942093398,2025,Recent,NPPES NPI 1942093398,,,
B,Dentistry Vcu,Richmond,VA,(804) 828-9190,Kimberly Jacobs,Director Of Finance,,,,,520 N 12TH St,23298,General Dentistry,Primary (general),4,1790877504,2023,Recent,NPPES NPI 1790877504,,,
B,Dentists Of Richmond PLLC,Richmond,VA,(804) 266-7976,Dentists Of Richmond,Manager,,,,,5954 Brook Rd,23227,General Dentistry,Primary (general),1,1821963596,2026,Recent,NPPES NPI 1821963596,,,
B,Dentists On Grove Avenue PC,Richmond,VA,(804) 912-1812,Katherine Estrada,Manager,,,,,3603 Grove Ave,23221,General Dentistry,Primary (general),1,1962108142,2023,Recent,NPPES NPI 1962108142,,,
B,"Drs. Rossetti, Cosby & Kondrossy DDS Lc",Richmond,VA,(804) 747-0090,Christopher Kondorossy,Owner,,,,,2613 N Parham Rd,23294,General Dentistry,Primary (general),2,1811448079,2026,Recent,NPPES NPI 1811448079,,,
B,Dynamic Dental Health Associates Of Virginia,Richmond,VA,(804) 320-6800,Nancy Schiaparelli,Chief Financial Officer,,,,,11201 Hugenot Road Suite 100,23235,General Dentistry,Primary (general),3,1932530920,2023,Recent,NPPES NPI 1932530920,,,
B,"Family Dental Of Virginia, LLC",Richmond,VA,(804) 233-0007,Chloe Decoster,Senior Manager,,,,,3904 Hull Street Rd Suite A,23224,General Dentistry,Primary (general),1,1124392451,2025,Recent,NPPES NPI 1124392451,,,
B,Frank D Straus D.D.S.,Richmond,VA,(804) 741-4177,"Frank Straus, D.D.S.",Owner/dentist,,,,,2020 John Rolfe Pkwy,23238,General Dentistry,Primary (general),1,1114441524,2022,Recent,NPPES NPI 1114441524,,,
B,"Gd VA Brsl, PLLC",Richmond,VA,(804) 288-5324,Chad Hendricks,Credentialing,,,,,6901 Patterson Ave,23226,General Dentistry,Primary (general),1,1194409201,2023,Recent,NPPES NPI 1194409201,,,
B,George A Oley III DDS Plc,Richmond,VA,(804) 282-7011,"George Oley, DDS",Owner,,,,,9030-A Three Chopt Rd,23229,General Dentistry,Primary (general),1,1841351871,2023,Recent,NPPES NPI 1841351871,,,
B,"Gold Dental Care, LLC",Richmond,VA,(804) 648-1305,"Ahmad Hawwa, DDS",Dentist,,,,,530 E Main St,23219,General Dentistry,Primary (general),1,1699514653,2024,Recent,NPPES NPI 1699514653,,,
B,"Heartland Dental Care Of Virginia, P.c",Richmond,VA,(804) 747-0105,Hillary Thull,Credentialing Coordinator,,,,,3312 N Parham Rd,23294,General Dentistry,Primary (general),1,1568301430,2026,Recent,NPPES NPI 1568301430,,,
B,Jones Family And Cosmetic Dentistry,Richmond,VA,(804) 353-3009,Ruby Tith,Receptionist,,,,,110 N Robinson St Ste 201,23220,General Dentistry,Primary (general),1,1881501765,2026,Recent,NPPES NPI 1881501765,,,
B,Joseph W Elrod Jr DDS Ltd,Richmond,VA,(804) 359-5041,"Joseph Elrod, DDS",Owner,,,,,10 N Thompson Street,23221,General Dentistry,Primary (general),1,1578450912,2026,Recent,NPPES NPI 1578450912,,,
B,Mahsa Varshovi DDS PLLC,Richmond,VA,(804) 625-4342,"Mahsa Varshovi, DDS",Dentist,,,,,12872 Patterson Ave Unit 3,23238,General Dentistry,Primary (general),1,1003611294,2026,Recent,NPPES NPI 1003611294,,,
B,"Parastu Mirmonsef, DDS PLLC",Richmond,VA,(804) 346-9049,Parastu Mirmonsef,Dentist,,,,,2303 N Parham Rd Ste 5,23229,General Dentistry,Primary (general),1,1285366435,2024,Recent,NPPES NPI 1285366435,,,
B,"Riccobene & Associates Cc, Dds, PC",Richmond,VA,(804) 532-4993,Michael Riccobene,Owner,,,,,6750 Forest Hill Ave,23225,General Dentistry,Primary (general),2,1679237762,2024,Recent,NPPES NPI 1679237762,,,
B,"Richmond Children'S General Anesthesia Dentistry, PLLC",Richmond,VA,(804) 806-4381,Jeffrey Wheeler,CEO,,,,,5899 Bremo Rd Ste 204,23226,General Dentistry,Primary (general),1,1235051822,2026,Recent,NPPES NPI 1235051822,,,
B,Richmond Family Dentistry At Short Pump,Richmond,VA,(310) 995-0492,"Rasha Touma, DDS",Dr,,,,,11736 W Broad St Ste C-112,23233,General Dentistry,Primary (general),1,1285329052,2023,Recent,NPPES NPI 1285329052,,,
B,"River Run Dental Of Libbie Mill, PLLC",Richmond,VA,(804) 390-7133,Chad Hendricks,Credentialing,,,,,5001 Libbie Mill East Blvd Ste 125,23230,General Dentistry,Primary (general),1,1720795131,2022,Recent,NPPES NPI 1720795131,,,
B,Syed&butt Dental Partnership,Richmond,VA,(571) 234-7969,"Tayyaba Syed, DDS",Partner,,,,,6740 Forest Hill Ave Ste 201,23225,General Dentistry,Primary (general),1,1881491603,2025,Recent,NPPES NPI 1881491603,,,
B,"T James Dix, Dds, PC",Richmond,VA,(804) 270-4397,"Thomas Dix, DDS",Owner,,,,,2821 N Parham Rd Ste 102,23294,General Dentistry,Primary (general),1,1265055354,2026,Recent,NPPES NPI 1265055354,,,
B,Timothy Stewart DDS,Richmond,VA,(804) 672-1400,Lauri Henderson,Administrative Assistant,,,,,530 E Main St Ste 500,23219,General Dentistry,Primary (general),1,1912785395,2024,Recent,NPPES NPI 1912785395,,,
B,"Toothology, PLLC",Richmond,VA,(804) 316-9749,"Allison Tran, DDS",Owner/dentist,,,,,6015 Staples Mill Rd,23228,General Dentistry,Primary (general),1,1538013438,2026,Recent,NPPES NPI 1538013438,,,
B,"Tremont Road Dental Super, P.C.",Richmond,VA,(804) 319-5665,Michelle Jacomino,Director Of Payor Relations,,,,,4722 N Southside Plaza Ste #24,23224,General Dentistry,Primary (general),1,1346335924,2024,Recent,NPPES NPI 1346335924,,,
B,"Tremont Road Dental, PC",Richmond,VA,(804) 321-5665,Michelle Jacomino,Director Of Payor Relations,,,,,3824 Mechanicsville Pike Unit #12,23223,General Dentistry,Primary (general),1,1871680462,2022,Recent,NPPES NPI 1871680462,,,
B,"Virginia Sleep & TMJ Therapy, PLLC",Richmond,VA,(804) 729-3474,"Rebecca Angus, DDS",Dentist/owner,,,,,8730 Stony Point Pkwy Suite 240,23235,General Dentistry,Primary (general),1,1356704258,2022,Recent,NPPES NPI 1356704258,,,
B,"Affordable Dentures & Implants - Virginia Iv, PLLC",Roanoke,VA,(540) 427-6190,"Stephanie Harding, DDS",Owner,,,,,1380 Towne Square Blvd NW,24012,General Dentistry,Primary (general),1,1649046343,2023,Recent,NPPES NPI 1649046343,,,
B,Andrew W Henritze DDS PLLC,Roanoke,VA,(330) 951-9153,Rebecca Harris,Accounts Receivable Analyst,,,,,3611 Brambleton Ave,24018,General Dentistry,Primary (general),1,1710478110,2025,Recent,NPPES NPI 1710478110,,,
B,Brett Rhodes DDS PC,Roanoke,VA,(540) 366-8662,"Brett Rhodes, DDS",Doctor/owner,,,,,6108 Peters Creek Rd,24019,General Dentistry,Primary (general),1,1467301457,2026,Recent,NPPES NPI 1467301457,,,
B,Clq&p Dentistry PLLC,Roanoke,VA,(540) 989-1170,Mike Cole,Vp Insurance Plan Management,,,,,1930 Electric Rd,24018,General Dentistry,Primary (general),2,1740995471,2023,Recent,NPPES NPI 1740995471,,,
B,"Dental Professionals Of Virginia, P.C.",Roanoke,VA,(540) 581-8095,Cemyira McDougal,Credentialing Coordinator,,,,,3911 Challenger Ave,24012,General Dentistry,Primary (general),1,1790528784,2024,Recent,NPPES NPI 1790528784,,,
B,"Dynamic Dental Health Associates Of Virginia, PC",Roanoke,VA,(540) 989-4549,Nancy Schiaparelli,Chief Financial Officer,,,,,4207 Colonial Ave,24018,General Dentistry,Primary (general),3,1255769634,2023,Recent,NPPES NPI 1255769634,,,
B,"Ferreira Dental, PLLC",Roanoke,VA,(540) 283-5365,Christine Barber,Provider Enrollment Manager,,,,,4458 Electric Rd Ste C,24018,General Dentistry,Primary (general),1,1316821143,2025,Recent,NPPES NPI 1316821143,,,
B,James H Midkiff DDS PC,Roanoke,VA,(540) 774-0061,"James Midkiff, DDS",Dentist Owner President,,,,,4051 Postal Drive SW,24018,General Dentistry,Primary (general),1,1861403602,2023,Recent,NPPES NPI 1861403602,,,
B,James W Willis Vii DDS Plc,Roanoke,VA,(540) 774-8288,"James Willis, DDS",CEO,,,,,2660 Electric Rd Ste A,24018,General Dentistry,Primary (general),1,1841907144,2022,Recent,NPPES NPI 1841907144,,,
B,James W Willis Xi DDS Plc,Roanoke,VA,(540) 342-8781,"James Willis, DDS",CEO,,,,,2913 Orange Ave NE,24012,General Dentistry,Primary (general),1,1558078857,2022,Recent,NPPES NPI 1558078857,,,
B,Roller & Johnson Dentistry. P.c,Roanoke,VA,(540) 772-9373,"William Roller, DDS",President,,,,,3615 Brambleton Ave SW,24018,General Dentistry,Primary (general),1,1124702642,2023,Recent,NPPES NPI 1124702642,,,
B,Sarah K Wilson DDS PLLC,Roanoke,VA,(540) 989-4698,"Sarah Wilson, DDS",Owner,,,,,4231 Colonial Ave,24018,General Dentistry,Primary (general),1,1275268161,2022,Recent,NPPES NPI 1275268161,,,
B,"Sean Eschenbach, Dds, PLLC",Roanoke,VA,(540) 366-5373,"Sean Eschenbach, DDS",Dentist/president,,,,,6027 Peters Creek Rd,24019,General Dentistry,Primary (general),1,1255103198,2023,Recent,NPPES NPI 1255103198,,,
B,"Tremont Road Dental, PC",Roanoke,VA,(770) 916-5031,Michelle Jacomino,Director Of Payor Relations,,,,,5002 Airport Rd NW Unit 130,24012,General Dentistry,Primary (general),1,1669871968,2022,Recent,NPPES NPI 1669871968,,,
B,"Ajandeh & Said D.d.s., P.C.",Springfield,VA,(703) 333-6077,Zeba Karim,Office Manager,,,,,7011 Backlick Ct,22151,General Dentistry,Primary (general),3,1487836714,2022,Recent,NPPES NPI 1487836714,,,
B,Dr Ansam Zaiber LLC,Springfield,VA,(703) 569-2822,"Asam Zaiber, DDS",Manager,,,,,6800 Backlick Rd Ste 101,22150,General Dentistry,Primary (general),1,1811627169,2022,Recent,NPPES NPI 1811627169,,,
B,Gd VA West Springfield PLLC,Springfield,VA,(703) 451-8332,Chad Hendricks,Credentialing,,,,,6116 Rolling Rd Ste 316,22152,General Dentistry,Primary (general),3,1235874090,2022,Recent,NPPES NPI 1235874090,,,
B,"Springfield Dental Group, PC",Springfield,VA,(571) 295-5683,Mahdi Mojarrad,DMD/owner,,,,,8056 Rolling Rd,22153,General Dentistry,Primary (general),1,1053823336,2022,Recent,NPPES NPI 1053823336,,,
B,"Springfield Modern Dentistry, PC",Springfield,VA,(571) 350-3556,"Ali Shahrestani, DMD",Owner Doctor,,,,,8404 Old Keene Mill Rd,22152,General Dentistry,Primary (general),1,1396467965,2022,Recent,NPPES NPI 1396467965,,,
B,Karim Elkenawy PLLC,Sterling,VA,(703) 574-0008,"Karim Elkenawy, DDS",Owner,,,,,22365 Broderick Dr Ste 349,20166,General Dentistry,Primary (general),1,1689465775,2025,Recent,NPPES NPI 1689465775,,,
B,Mahedavi Dental PLLC,Sterling,VA,(484) 319-9054,"Sadia Mahedavi, DDS",Dentist,,,,,20 Pidgeon Hill Dr Ste 201,20165,General Dentistry,Primary (general),1,1063380632,2026,Recent,NPPES NPI 1063380632,,,
B,Signature Smiles Esthetic & Implant Dentistry PLLC,Sterling,VA,(202) 378-0062,"Leela Devi Sivaraj, DMD",Owner / Dentist,,,,,46090 Lake Center Plz Ste 105,20165,General Dentistry,Primary (general),1,1679416861,2026,Recent,NPPES NPI 1679416861,,,
B,Lumen Flux PLLC,Suffolk,VA,(757) 484-1444,"Brian Briesemeister, DDS",Dentist,salina@breezedental.com,NPPES federal registry filing,,,1301 Bridgeport Way Ste 109,23435,General Dentistry,Primary (general),2,1871158691,2023,Recent,NPPES NPI 1871158691,,,
B,"Riccobene & Associates Cc, Dds, PC",Suffolk,VA,(757) 514-3656,Michael Riccobene,Owner,,,,,2003 Meade Pkwy,23434,General Dentistry,Primary (general),2,1285398271,2024,Recent,NPPES NPI 1285398271,,,
B,Al Dental,Vienna,VA,(703) 242-4555,Yasser Alhabashi,Dentist,,,,,301 Maple Ave W Ste 300,22180,General Dentistry,Primary (general),1,1922825561,2024,Recent,NPPES NPI 1922825561,,,
B,All Smiles Dentistry PLLC,Vienna,VA,(703) 356-1200,Urvi Kulkarni,Owner,,,,,8304 Old Courthouse Rd Ste C,22182,General Dentistry,Primary (general),2,1275418030,2025,Recent,NPPES NPI 1275418030,,,
B,Dr Kallas Dental Center Plc,Vienna,VA,(703) 356-0110,Geith Kallas,President,,,,,8310 Old Courthouse Rd Suite C,22182,General Dentistry,Primary (general),1,1215361712,2023,Recent,NPPES NPI 1215361712,,,
B,Gd VA Leesburg Pike PLLC,Vienna,VA,(703) 532-2020,Chad Hendricks,Credentialing,,,,,8150 Leesburg Pike Ste 503,22182,General Dentistry,Primary (general),2,1184459828,2024,Recent,NPPES NPI 1184459828,,,
B,Nojan Jafari DDS PLLC,Vienna,VA,(703) 991-4178,"Nojan Jafari, DDS",Owner,,,,,110 Pleasant St NW Ste A,22180,General Dentistry,Primary (general),1,1699573790,2025,Recent,NPPES NPI 1699573790,,,
B,Olga Spivak DMD PLLC,Vienna,VA,(703) 260-2500,"Olga Spivak, DMD",Owner/dentist,,,,,303 Maple Ave W Ste E,22180,General Dentistry,Primary (general),1,1699622779,2026,Recent,NPPES NPI 1699622779,,,
B,"Tysons Modern Dentistry, PC",Vienna,VA,(703) 745-1797,Ali Shahrestani,Owner,,,,,8393 Leesburg Pike,22182,General Dentistry,Primary (general),1,1508512708,2022,Recent,NPPES NPI 1508512708,,,
B,"Affordable Dentures & Implants - Virginia Beach Iii, P.C.",Virginia Beach,VA,(757) 463-5105,"Muazzam Farooq, DDS",Owner,,,,,3980 Virginia Beach Blvd Ste 103,23452,General Dentistry,Primary (general),2,1851150981,2024,Recent,NPPES NPI 1851150981,,,
B,Art Of Dentistry Vb PC,Virginia Beach,VA,(757) 481-3699,"Darren Dorfman, DDS",Dentist / Owner,,,,,2142 Great Neck Sq,23454,General Dentistry,Primary (general),2,1730566704,2023,Recent,NPPES NPI 1730566704,,,
B,Aspen Dental Of Virginia PC,Virginia Beach,VA,(757) 807-2137,Gursimrat Judge,Owner,,,,,4625 Virginia Beach Blvd,23462,General Dentistry,Primary (general),2,1346720661,2023,Recent,NPPES NPI 1346720661,,,
B,"Atlantic Dental Care, Plc",Virginia Beach,VA,(757) 497-4825,"Miguel Fernandez, DDS",President,,,,,520 S Independence Blvd Ste 102,23452,General Dentistry,Primary (general),2,1457697690,2024,Recent,NPPES NPI 1457697690,,,
B,"Blue Heron Dental, PLLC",Virginia Beach,VA,(757) 426-6151,"Emily Dimitroff, DDS",Dentist,,,,,1767 Princess Anne Rd,23456,General Dentistry,Primary (general),3,1235095191,2026,Recent,NPPES NPI 1235095191,,,
B,"Cd Virginia Dental, P.C.",Virginia Beach,VA,(757) 428-8747,Ty Justice,"Director, Payer Relations",,,,,836 First Colonial Rd,23451,General Dentistry,Primary (general),1,1972149789,2024,Recent,NPPES NPI 1972149789,,,
B,"Coastal Smiles, PLLC",Virginia Beach,VA,(757) 424-1976,"Brendon Prestwich, DDS",Partner,,,,,6095 Indian River Rd Ste 101,23464,General Dentistry,Primary (general),2,1720956469,2025,Recent,NPPES NPI 1720956469,,,
B,Collective Health Care Services,Virginia Beach,VA,(443) 285-3385,Caroline Reed,Consultant,admin@collectivehc.com,NPPES federal registry filing,CHECK - email domain does not resolve,,4301 Thoroughgood Dr,23455,General Dentistry,Primary (general),1,1306560180,2022,Recent,NPPES NPI 1306560180,,,
B,"Complete Sleep Dentistry Of Virginia, P.C.",Virginia Beach,VA,(888) 835-0988,Andres Moran,Manager,,,,,780 Lynnhaven Pkwy Ste 400,23452,General Dentistry,Primary (general),1,1902621022,2024,Recent,NPPES NPI 1902621022,,,
B,"Cusp Untethered, PLLC",Virginia Beach,VA,(757) 904-4347,Zaneta Hamlin,Member,,,,,4440 Shore Dr Ste 100B,23455,General Dentistry,Primary (general),2,1093591604,2023,Recent,NPPES NPI 1093591604,,,
B,"Dental Professionals Of Virginia, P.C.",Virginia Beach,VA,(757) 428-7440,Hillary Thull,Credentialing Coordinator,,,,,328 Louisa Ave Ste 120,23454,General Dentistry,Primary (general),2,1346957081,2022,Recent,NPPES NPI 1346957081,,,
B,"Family Dental Of Virginia, LLC",Virginia Beach,VA,(312) 274-4529,Chloe Decoster,Senior Manager,,,,,2704 N Mall Dr Ste 105,23452,General Dentistry,Primary (general),2,1457165706,2025,Recent,NPPES NPI 1457165706,,,
B,"Frederick P Ochave, DMD PLLC",Virginia Beach,VA,(757) 497-1618,"Frederick Ochave, DMD",Owner,,,,,4525 South Blvd Ste 301,23452,General Dentistry,Primary (general),1,1801755319,2026,Recent,NPPES NPI 1801755319,,,
B,Goho Dental PLLC,Virginia Beach,VA,(240) 501-6745,"David Throckmorton, DDS",Owner,,,,,3720 Holland Rd Ste 102,23452,General Dentistry,Primary (general),1,1780953125,2023,Recent,NPPES NPI 1780953125,,,
B,Hafiz M Sharawi DDS PLLC,Virginia Beach,VA,(757) 937-3241,Hafiz Sharawi,DDS,,,,,1832 Kempsville Rd Ste 104,23464,General Dentistry,Primary (general),1,1942138144,2026,Recent,NPPES NPI 1942138144,,,
B,Hms DDS PLLC,Virginia Beach,VA,(202) 904-0644,"Hafiz Sharawi, DDS",DDS/ Owner,,,,,4001 Virginia Beach Blvd Ste 110,23452,General Dentistry,Primary (general),1,1871421065,2026,Recent,NPPES NPI 1871421065,,,
B,Hometown Dental PLLC,Virginia Beach,VA,(757) 819-2193,"Deqi Zhou, DDS",Managing Member,,,,,5393 Wesleyan Dr Ste 107,23455,General Dentistry,Primary (general),1,1427917533,2026,Recent,NPPES NPI 1427917533,,,
B,Icon Pediatric Dentistry And Orthodontics PLLC,Virginia Beach,VA,(757) 471-2900,Yugal Behl,Owner,,,,,142 Independence Blvd,23462,General Dentistry,Primary (general),1,1427903038,2026,Recent,NPPES NPI 1427903038,,,
B,Ideal Dental Studio LLC,Virginia Beach,VA,(757) 348-3011,"Bright Sefah, DENTIST",President,,,,,3782 Virginia Beach Blvd,23452,General Dentistry,Primary (general),1,1194540583,2024,Recent,NPPES NPI 1194540583,,,
B,Josh Konikoff Dental Center PLLC,Virginia Beach,VA,(757) 516-4977,"Joshua Konikoff, D.D.S.",Owner,,,,,2105 Princess Anne Rd Ste 108,23456,General Dentistry,Primary (general),1,1538081146,2026,Recent,NPPES NPI 1538081146,,,
B,Konikoff Dental,Virginia Beach,VA,(757) 416-1400,Victoria Johnson,Cro,,,,,2100 Lynnhaven Pkwy Suite #100,23456,General Dentistry,Primary (general),2,1285032995,2026,Recent,NPPES NPI 1285032995,,,
B,"Konikoff Dental Associates, Inc.",Virginia Beach,VA,(757) 416-1800,Victoria Johnson,Cro,,,,,2100 Lynnhaven Pkwy Suite 100,23456,General Dentistry,Primary (general),1,1063570968,2026,Recent,NPPES NPI 1063570968,,,
B,"Ldg - Virginia Beach, PLLC",Virginia Beach,VA,(757) 430-9448,Chad Hendricks,Credentialing,,,,,2521 N Landing Rd Ste 100,23456,General Dentistry,Primary (general),3,1811873730,2025,Recent,NPPES NPI 1811873730,,,
B,Lynnhaven Dental PLLC,Virginia Beach,VA,(757) 340-8852,"Amrish Patel, DMD",Owner,,,,,609 Lynnhaven Pkwy,23452,General Dentistry,Primary (general),1,1700706959,2026,Recent,NPPES NPI 1700706959,,,
B,Radiant Flux PLLC,Virginia Beach,VA,(757) 929-7100,"Brian Briesemeister, DDS",Owner,,,,,700 Independence Cir Ste 3B,23455,General Dentistry,Primary (general),5,1053171462,2024,Recent,NPPES NPI 1053171462,,,
B,River Run Dental Of Virginia Beach PLLC,Virginia Beach,VA,(571) 659-5954,Kim Davis,Rcm Director,,,,,1101 First Colonial Rd Ste 101,23454,General Dentistry,Primary (general),1,1063374387,2025,Recent,NPPES NPI 1063374387,,,
B,Smile Dental Spa And Wellness,Virginia Beach,VA,(757) 500-5591,"Irama Bush, DDS",Dentist,,,,,2020 S Independence Blvd Ste 3,23453,General Dentistry,Primary (general),1,1164390894,2025,Recent,NPPES NPI 1164390894,,,
B,The Smile Center Dental Office PC,Virginia Beach,VA,(757) 473-8482,"Richard Parr, DDS",Owner,,,,,200 Grayson Rd Suite 100,23462,General Dentistry,Primary (general),1,1962893453,2026,Recent,NPPES NPI 1962893453,,,
B,"Tremont Road Dental, PC",Virginia Beach,VA,(757) 467-5665,Michelle Jacomino,Director Of Payor Relations,,,,,4239 Holland Road Suite 762-A,23452,General Dentistry,Primary (general),1,1780771378,2022,Recent,NPPES NPI 1780771378,,,
B,Virginia Beach Family Dental PLLC,Virginia Beach,VA,(757) 383-8970,Maritza Medina,Office Manager,,,,,1658 Pleasure House Rd Ste 106,23455,General Dentistry,Primary (general),1,1801677331,2023,Recent,NPPES NPI 1801677331,,,
B,"703 Dental, PLLC",Woodbridge,VA,(469) 422-2363,"Bilal Ali, DDS",Dentist,,,,,14136 Minnieville Rd,22193,General Dentistry,Primary (general),1,1437905825,2026,Recent,NPPES NPI 1437905825,,,
B,Anderson Dental Associates IV,Woodbridge,VA,(703) 520-1980,"Joshua Anderson, DDS",Owner,,,,,12721 Darby Brook Ct Ste 101,22192,General Dentistry,Primary (general),1,1205675675,2024,Recent,NPPES NPI 1205675675,,,
B,Bright Light Dentistry LLC,Woodbridge,VA,(703) 388-6564,"Nima Moradi Majd, DDS",Owner,,,,,13000 Harbor Dr Ste 201,22192,General Dentistry,Primary (general),1,1689561383,2025,Recent,NPPES NPI 1689561383,,,
B,"Dental Professionals Of Virginia, P.C.",Woodbridge,VA,(571) 989-6570,Celia Hayes,Credentialing Coordinator,,,,,12707 Ridgefield Village Dr Ste 101,22193,General Dentistry,Primary (general),1,1063167039,2022,Recent,NPPES NPI 1063167039,,,
B,District Dental Studio PLLC,Woodbridge,VA,(703) 570-6383,"Tameem Aziz, DDS",Dentist,,,,,14904 Richmond Hwy Ste 208,22191,General Dentistry,Primary (general),1,1538017694,2026,Recent,NPPES NPI 1538017694,,,
B,Elghannam Dental LLC,Woodbridge,VA,(615) 499-0438,Mohamed Elghannam,CEO,,,,,4421 Dale Blvd Ste 202,22193,General Dentistry,Primary (general),1,1164234910,2025,Recent,NPPES NPI 1164234910,,,
B,Elmasry Dental PLLC,Woodbridge,VA,(703) 583-7720,"Abu-Bakr El-Masry, DDS",Dentist,,,,,2970 Prince William Pkwy,22192,General Dentistry,Primary (general),2,1528781671,2022,Recent,NPPES NPI 1528781671,,,
B,Karina Vera-Lopez DDS PLLC,Woodbridge,VA,(703) 590-4666,Karina Vera-Lopez DDS,Owner,,,,,4321 Ridgewood Center Dr,22192,General Dentistry,Primary (general),1,1275926065,2025,Recent,NPPES NPI 1275926065,,,
B,Lifetime Dental Care,Woodbridge,VA,(240) 463-1824,"Leonard Toyer, D.D.S.",Owner,,,,,14573 Potomac Mills Rd,22192,General Dentistry,Primary (general),1,1255685707,2023,Recent,NPPES NPI 1255685707,,,
B,Paris D Vaughn DDS PC,Woodbridge,VA,(571) 285-2577,"Paris Vaughn, DDS",Dentist/owner,,,,,4565 Daisy Reid Ave Ste 210,22192,General Dentistry,Primary (general),1,1669895868,2026,Recent,NPPES NPI 1669895868,,,
B,Smile Dental Center PLLC,Woodbridge,VA,(703) 492-1999,Geith Kallas,Member,,,,,14416 Jefferson Davis Hwy Ste 16,22191,General Dentistry,Primary (general),2,1972241081,2022,Recent,NPPES NPI 1972241081,,,
B,Smiles Care Dentistry PLLC,Woodbridge,VA,(703) 505-0861,Sunny Behal,Dr,,,,,3401 Commission Ct Ste 202,22192,General Dentistry,Primary (general),2,1922972389,2025,Recent,NPPES NPI 1922972389,,,
B,Sonria Dental Care PLLC,Woodbridge,VA,(703) 310-9218,Amparo Pinzon Avellaneda,Owner,,,,,14010 Smoketown Rd,22192,General Dentistry,Primary (general),1,1417634627,2023,Recent,NPPES NPI 1417634627,,,
B,"Wesley S Creamer, DMD Plc",Woodbridge,VA,(703) 670-4994,Wesley Creamer,Owner Dentist,,,,,4565 Daisy Reid Ave Ste 335,22192,General Dentistry,Primary (general),1,1003657826,2024,Recent,NPPES NPI 1003657826,,,
B,Woodbridge DDS LLC,Woodbridge,VA,(781) 879-9226,Ramy Habib,Manager,,,,,12439 Hedges Run Dr,22192,General Dentistry,Primary (general),1,1588475479,2025,Recent,NPPES NPI 1588475479,,,
B,A Healthy Smile LLC,Alexandria,VA,(703) 798-0766,"Sahel Farhangi, DDS",General Dentist,,,,,4605D Pinecrest Office Park Dr,22312,General Dentistry,Primary (general),1,1992188973,2015,Ageing,NPPES NPI 1992188973,,,
B,"Alexandria Dental Art, PLLC",Alexandria,VA,(703) 566-8799,"Shaghayegh Madani, DDS",Dentist/owner,,,,,1001 N Fairfax St Ste 100,22314,General Dentistry,Primary (general),2,1700430394,2019,Ageing,NPPES NPI 1700430394,,,
B,"Alexandria Dental Care, P.C.",Alexandria,VA,(703) 955-3960,"Nhien Lu, D.D.S.",Dentist,,,,,1451 Belle Haven Rd #210,22307,General Dentistry,Primary (general),1,1861410714,2020,Ageing,NPPES NPI 1861410714,,,
B,Alexandria Old Town Dental PLLC,Alexandria,VA,(703) 549-1331,"Eddie Longman, DDS",Dentist/owner,,,,,1421 Prince St Ste 140,22314,General Dentistry,Primary (general),1,1518465939,2020,Ageing,NPPES NPI 1518465939,,,
B,American Dental PLLC,Alexandria,VA,(703) 256-2085,"Sreekanth Emani, DDS",Member,semani@todaysdentalsc.com,NPPES federal registry filing,,,4601 Pinecrest Office Park Dr Ste D,22312,General Dentistry,Primary (general),2,1184221616,2020,Ageing,NPPES NPI 1184221616,,,
B,Andrew M Sklar DDS PC,Alexandria,VA,(703) 931-3141,"Andrew Sklar, DDS",Dentist Owner,,,,,4901 Seminary Rd #120,22311,General Dentistry,Primary (general),1,1245312677,2020,Ageing,NPPES NPI 1245312677,,,
B,Anthony L Colasante DDS PC,Alexandria,VA,(703) 683-6688,Dana Bonifer,Office Manager,,,,,1500 King Street Suite 300,22314,General Dentistry,Primary (general),3,1467508929,2020,Ageing,NPPES NPI 1467508929,,,
B,Blessed Smiles,Alexandria,VA,(703) 823-8812,"Aileen Kim, DDS",Dentist,,,,,5249 Duke St Ste L-10,22304,General Dentistry,Primary (general),1,1821621467,2020,Ageing,NPPES NPI 1821621467,,,
B,"Bryan D Wood D.D.S. And Associates, P.C.",Alexandria,VA,(703) 960-8670,"Bryan Wood, D.D.S.",President,,,,,2000 Huntington Ave Ste 107,22303,General Dentistry,Primary (general),4,1487284220,2020,Ageing,NPPES NPI 1487284220,,,
B,"Byron P Dixon, Dds, PC",Alexandria,VA,(703) 780-2400,"Byron Dixon, DDS",Owner,,,,,8808F Pear Tree Village Ct,22309,General Dentistry,Primary (general),1,1568500288,2020,Ageing,NPPES NPI 1568500288,,,
B,"C Benson Clark, Dds, PC",Alexandria,VA,(703) 719-9824,"Cleophus Clark, DDS",Dentist Owner,,,,,5695 King Centre Dr Ste B-100,22315,General Dentistry,Primary (general),1,1134503444,2015,Ageing,NPPES NPI 1134503444,,,
B,Cameron Station Dental Care,Alexandria,VA,(703) 461-3000,"Kiumars Karbasi, DDS",Dentist,,,,,181 Comay Ter,22304,General Dentistry,Primary (general),1,1447702865,2016,Ageing,NPPES NPI 1447702865,,,
B,Cosmo Smiles Dental PLLC,Alexandria,VA,(857) 234-9132,"Ajinder Kaur, DDS",Dentist,,,,,6214 Old Franconia Rd Suite # A,22310,General Dentistry,Primary (general),1,1093181901,2015,Ageing,NPPES NPI 1093181901,,,
B,Dental Care Of Alexandria And McLean PLLC,Alexandria,VA,(703) 765-6400,Mike Cole,Vp Insurance Plan Mgmt,,,,,1451 Belle Haven Rd Ste 430,22307,General Dentistry,Primary (general),1,1033878566,2021,Ageing,NPPES NPI 1033878566,,,
B,"Dentist Of America, PC",Alexandria,VA,(703) 936-6522,"Thien Le, DDS",President,,,,,4800 Cherokee Ave,22312,General Dentistry,Primary (general),1,1063076602,2021,Ageing,NPPES NPI 1063076602,,,
B,Dr Farhan M Qureshi DDS PC,Alexandria,VA,(703) 931-4544,"Farhan Qureshi, DDS",Owner,,,,,5206 Dawes Ave,22311,General Dentistry,Primary (general),1,1467832741,2015,Ageing,NPPES NPI 1467832741,,,
B,Dr Jon W Williams Jr. DDS Ltd,Alexandria,VA,(703) 960-1160,Tracy Ward,Office Manager,,,,,5969 Telegraph Rd,22310,General Dentistry,Primary (general),1,1689899304,2020,Ageing,NPPES NPI 1689899304,,,
B,Dr Tony Truvan Dentistry PLLC,Alexandria,VA,(571) 257-6994,Gina Park,Office Manager,,,,,3223 Duke St Suite C,22314,General Dentistry,Primary (general),1,1861936999,2016,Ageing,NPPES NPI 1861936999,,,
B,Galleria Dental Of Alexandria PLLC,Alexandria,VA,(703) 212-7070,Tracie Thomas,Office Manager,,,,,3223 Duke St Ste G,22314,General Dentistry,Primary (general),1,1477117778,2019,Ageing,NPPES NPI 1477117778,,,
B,George S Pugh DDS Ltd,Alexandria,VA,(703) 780-3300,"George Pugh, DDS LTD",President Owner,,,,,8492 Richmond Hwy,22309,General Dentistry,Primary (general),1,1639287741,2020,Ageing,NPPES NPI 1639287741,,,
B,Harold L Shapiro DDS Ltd,Alexandria,VA,(703) 751-4344,"Harold Shapiro, DDS",President,,,,,5249 Duke St Suite 101,22304,General Dentistry,Primary (general),2,1275624801,2020,Ageing,NPPES NPI 1275624801,,,
B,Hima Reddy PC,Alexandria,VA,(703) 823-2413,"Hima-Bindu Reddy, DDS",President,,,,,5249 Duke St Ste 210,22304,General Dentistry,Primary (general),1,1942660832,2016,Ageing,NPPES NPI 1942660832,,,
B,"Hoang K Do, Dds, LLC",Alexandria,VA,(703) 845-8741,"Hoang Do, DDS",President,,,,,5266 Dawes Ave,22311,General Dentistry,Primary (general),1,1790900058,2020,Ageing,NPPES NPI 1790900058,,,
B,Integrative TMJ & Sleep Wellness Inc.,Alexandria,VA,(703) 239-6475,"Lawrence Singer, DMD",CEO,,,,,807 Cameron St,22314,General Dentistry,Primary (general),1,1659765964,2015,Ageing,NPPES NPI 1659765964,,,
B,Irving H Wagman DDS PC,Alexandria,VA,(703) 379-6187,"Jeffrey Wagman, D.D.S.",Owner,,,,,3541 W Braddock Rd Suite 202,22302,General Dentistry,Primary (general),1,1972717569,2020,Ageing,NPPES NPI 1972717569,,,
B,"Jay K White, Dds, Ltd.",Alexandria,VA,(703) 751-7600,"Jay White, D.D.S.",President,,,,,4660 Kenmore Ave Suite 320,22304,General Dentistry,Primary (general),1,1316966526,2020,Ageing,NPPES NPI 1316966526,,,
B,Kathleen M Mullaney DDS LLC,Alexandria,VA,(703) 548-8584,"Kathleen Mullaney, DDS",Owner,,,,,700 N Fairfax St Ste 230,22314,General Dentistry,Primary (general),1,1356720106,2015,Ageing,NPPES NPI 1356720106,,,
B,La Cava And Solier DDS Ltd,Alexandria,VA,(703) 360-4500,"George Solier, DDS",President Secretary,,,,,2616 Sherwood Hall Lane Suite 403,22306,General Dentistry,Primary (general),1,1043390347,2020,Ageing,NPPES NPI 1043390347,,,
B,"Lake Barcroft Dental Group, PC",Alexandria,VA,(703) 876-6700,"Alex Sharifian, DDS",Owner,,,,,6464 A1 Lincolnia Rd,22312,General Dentistry,Primary (general),1,1639710429,2019,Ageing,NPPES NPI 1639710429,,,
B,Mark E Golub DDS Plc,Alexandria,VA,(703) 765-3366,Mark Golub,President,,,,,1451 Belle Haven Rd Suite 340,22307,General Dentistry,Primary (general),1,1114930310,2020,Ageing,NPPES NPI 1114930310,,,
B,"Michael K Obeng, D.d.s., PLLC",Alexandria,VA,(703) 650-9326,"Michael Obeng, DDS",Owner,,,,,5249 Duke St Ste 410,22304,General Dentistry,Primary (general),1,1588119200,2016,Ageing,NPPES NPI 1588119200,,,
B,"Mojdeh Khalili, Dds, Ltd.",Alexandria,VA,(703) 212-0400,"Mojdeh Khalili, DDS",S-Corp President,,,,,3317 Duke St,22314,General Dentistry,Primary (general),1,1497964183,2020,Ageing,NPPES NPI 1497964183,,,
B,"Mount Vernon Modern Dentistry, PC",Alexandria,VA,(703) 214-1924,"Ali Shahrestani, DMD",Owner/dmd,,,,,7696 Richmond Hwy Ste D,22306,General Dentistry,Primary (general),1,1265916399,2018,Ageing,NPPES NPI 1265916399,,,
B,"Quynh-Trang Nguyen, D.d.s., PLLC",Alexandria,VA,(703) 768-9400,Quynh-Trang Nguyen,Owner,,,,,6230C N Kings Hwy,22303,General Dentistry,Primary (general),1,1447317516,2020,Ageing,NPPES NPI 1447317516,,,
B,"Sasan Ahmadiyar, Dds,pllc",Alexandria,VA,(703) 299-1200,"Sasan Ahmadiyar, DDS",Dentist,,,,,1911 Ballenger Ave,22314,General Dentistry,Primary (general),2,1396259586,2017,Ageing,NPPES NPI 1396259586,,,
B,Tesfaye A Hailemariam DDS PC,Alexandria,VA,(703) 256-7711,"Tesfaye Hailemariam, DDS",Owner/dentist,,,,,5764 Dow Ave,22304,General Dentistry,Primary (general),1,1659827871,2017,Ageing,NPPES NPI 1659827871,,,
B,"Thomas C Roberts, Jr., Dmd, PC",Alexandria,VA,(703) 360-6455,"Thomas Roberts, DMD",President,,,,,8101 Hinson Farm Rd Suite #216,22306,General Dentistry,Primary (general),1,1710991062,2015,Ageing,NPPES NPI 1710991062,,,
B,Prohealth Dentists II PLLC,Annandale,VA,(571) 335-5268,"Claudia Claros, DDS",Dentist,,,,,4231 Markham St Suite 214 A,22003,General Dentistry,Primary (general),1,1598119000,2016,Ageing,NPPES NPI 1598119000,,,
B,Thien V Le DDS PC,Annandale,VA,(703) 942-6612,Thien Le,Owner,,,,,5105C Backlick Rd,22003,General Dentistry,Primary (general),1,1700241486,2016,Ageing,NPPES NPI 1700241486,,,
B,Agape Dental Studio LLC,Arlington,VA,(703) 820-8282,"Lidia Tekle, D.D.S",Owner,,,,,5555 Columbia Pike Suite #102,22204,General Dentistry,Primary (general),2,1528418951,2016,Ageing,NPPES NPI 1528418951,,,
B,Apk Smiles,Arlington,VA,(703) 575-9899,"Arpi Khare, DDS",President,,,,,5500 Columbia Pike Ste B,22204,General Dentistry,Primary (general),2,1720756703,2021,Ageing,NPPES NPI 1720756703,,,
B,Arlington Dental Excellence Specialists PLLC,Arlington,VA,(170) 352-5015,Ban Baker,Office Manager,,,,,3801 Fairfax Dr Ste 54,22203,General Dentistry,Primary (general),1,1164911863,2019,Ageing,NPPES NPI 1164911863,,,
B,B Blair Morris DDS PC,Arlington,VA,(703) 524-7466,"Benjamin Morris, DDS",Dentist,,,,,2501 N Glebe Rd Ste 302,22207,General Dentistry,Primary (general),1,1851432074,2020,Ageing,NPPES NPI 1851432074,,,
B,"Ballston Dental Arts, PLLC",Arlington,VA,(703) 931-5555,Stephanie Gomez,Credentialing Supervisor,,,,,900 N Taylor Street #150,22203,General Dentistry,Primary (general),2,1861993479,2018,Ageing,NPPES NPI 1861993479,,,
B,Barcroft Dentistry,Arlington,VA,(703) 892-4525,"Hung Nguyen, DDS",President,,,,,939 S Wakefield St,22204,General Dentistry,Primary (general),1,1568946176,2018,Ageing,NPPES NPI 1568946176,,,
B,"Bloom Dental, PLLC",Arlington,VA,(703) 243-3600,"Ashkan Yousefi, DDS",Owner,,,,,900 N Randolph St Ste 103,22203,General Dentistry,Primary (general),1,1992227870,2017,Ageing,NPPES NPI 1992227870,,,
B,Clarendon Family Dentistry,Arlington,VA,(703) 522-8894,"Brigid Mooney, DDS",Manager Dentist,,,,,1301 N Highland St,22201,General Dentistry,Primary (general),1,1467111401,2021,Ageing,NPPES NPI 1467111401,,,
B,Complete Dental Care P.c,Arlington,VA,(703) 270-0466,Elizabeth Zeledon,Manager,,,,,3801 Fairfax Dr Ste 52,22203,General Dentistry,Primary (general),1,1831661909,2018,Ageing,NPPES NPI 1831661909,,,
B,"Crystal Smile, PLLC",Arlington,VA,(571) 295-4200,"Jason Favagehi, DDS",President,,,,,2611 Jefferson Davis Hwy Ste 200,22202,General Dentistry,Primary (general),1,1639724461,2019,Ageing,NPPES NPI 1639724461,,,
B,Dahman And Saleh Dental PLLC,Arlington,VA,(703) 351-7645,Mouhammad Dahman,Partner,,,,,1911 Fort Myer Dr Lbby 101,22209,General Dentistry,Primary (general),1,1992198949,2015,Ageing,NPPES NPI 1992198949,,,
B,Dr.ana Fraga,Arlington,VA,(703) 929-5023,"Ana Fraga, D.D.S., M.S.","Dentist, Orthodontisat",,,,,2011 S Glebe Rd,22204,General Dentistry,Primary (general),1,1194194407,2015,Ageing,NPPES NPI 1194194407,,,
B,Elite Dental,Arlington,VA,(703) 243-4500,"Anne Weih, MHA",COO,,,,,1025 N Fillmore St C,22201,General Dentistry,Primary (general),2,1497101240,2016,Ageing,NPPES NPI 1497101240,,,
B,Gentle Care Dentists,Arlington,VA,(703) 822-5583,Kevin Scotti,Owner,,,,,901 N Stuart Street Suite 101,22203,General Dentistry,Primary (general),1,1063861672,2016,Ageing,NPPES NPI 1063861672,,,
B,Jason F Favagehi DDS PC,Arlington,VA,(703) 527-6453,"Jason Favagehi, DDS",Owner,,,,,1000 Wilson Blvd Suite M745,22209,General Dentistry,Primary (general),1,1811040561,2020,Ageing,NPPES NPI 1811040561,,,
B,"Jeremiah N Partrick, Jr. DDS PC",Arlington,VA,(703) 522-6111,"Jeremiah Partrick, Jr, DDS",President,,,,,3801 Fairfax Dr Suite 65,22203,General Dentistry,Primary (general),1,1689875536,2020,Ageing,NPPES NPI 1689875536,,,
B,Jonathan F Lillard DDS Ltd,Arlington,VA,(703) 841-0300,Jonathan Lillard,President,,,,,2250 Clarendon Blvd,22201,General Dentistry,Primary (general),1,1619041688,2020,Ageing,NPPES NPI 1619041688,,,
B,Mabady PLLC,Arlington,VA,(703) 671-4473,"Mielad Abady, DDS",President/owner,,,,,4600 S Four Mile Run Dr Ste C4,22204,General Dentistry,Primary (general),1,1689333643,2021,Ageing,NPPES NPI 1689333643,,,
B,"Michael K Obeng, D.d.s., PLLC",Arlington,VA,(571) 290-5925,Michael Obeng,Owner,,,,,3801 Fairfax Dr Ste 24,22203,General Dentistry,Primary (general),1,1124495536,2015,Ageing,NPPES NPI 1124495536,,,
B,Mira Dental Care PLLC,Arlington,VA,(703) 807-0808,"Tarek Mogharbel, DDS",Owner,,,,,1800 N Kent St Suite 100,22209,General Dentistry,Primary (general),2,1750479697,2020,Ageing,NPPES NPI 1750479697,,,
B,Onsite Dental Inc,Arlington,VA,(714) 588-9094,Suzie Williams,National Director Talent Aquisition,,,,,241 18TH St S Suite #403,22202,General Dentistry,Primary (general),1,1679950083,2015,Ageing,NPPES NPI 1679950083,,,
B,Peajmun Razmjou DDS PLLC,Arlington,VA,(301) 325-3020,"Peajmun Razmjou, DDS",Owner,,,,,3801 Fairfax Dr Suite: 70,22203,General Dentistry,Primary (general),1,1669912705,2017,Ageing,NPPES NPI 1669912705,,,
B,Sks Dental,Arlington,VA,(202) 297-1336,"Smita Sabharwal, DDS",Owner,,,,,3801 Fairfax Dr Suite 22,22203,General Dentistry,Primary (general),1,1669848644,2015,Ageing,NPPES NPI 1669848644,,,
B,Stephen A Mabry DDS Plc,Arlington,VA,(703) 527-3554,Beth Brady,Office Manager,,,,,2800 10TH St N,22201,General Dentistry,Primary (general),1,1720588973,2018,Ageing,NPPES NPI 1720588973,,,
B,Thomas F Lindsey DDS PC,Arlington,VA,(703) 241-0678,"Thomas Lindsey, MA DDS",Owner,,,,,5730 Washington Blvd,22205,General Dentistry,Primary (general),1,1477564557,2020,Ageing,NPPES NPI 1477564557,,,
B,Virginia Center For Cosmetic And General Dentistry,Arlington,VA,(703) 243-7744,"Anne Hetz, MHA",Practice Administrator,,,,,1025 N Fillmore St Suite A,22201,General Dentistry,Primary (general),2,1649637828,2016,Ageing,NPPES NPI 1649637828,,,
B,"Drs. Woo & Ullrich - Nova Pdo, PLLC",Ashburn,VA,(703) 729-7005,Chad Hendricks,Credentialing Manager,,,,,21785 Filigree Ct Ste 208,20147,General Dentistry,Primary (general),1,1801566740,2021,Ageing,NPPES NPI 1801566740,,,
B,"Ikars V Lans DDS And Associates, P.C.",Ashburn,VA,(703) 729-1400,"Ikars Lans, DDS",Owner,,,,,44110 Ashburn Shopping Plz Suite 166,20147,General Dentistry,Primary (general),1,1770706996,2020,Ageing,NPPES NPI 1770706996,,,
B,Kishore Thammineni Dental Associates DDS PC,Ashburn,VA,(305) 942-3458,"Kishore Babu Thammineni, DDS",Owner,,,,,20876 Isherwood Ter Apt 101,20147,General Dentistry,Primary (general),1,1972996114,2015,Ageing,NPPES NPI 1972996114,,,
B,Michael S Han DDS PC,Ashburn,VA,(703) 723-9909,"Michael Han, DDS",Dentist/owner,,,,,20905 Professional Plz Ste 210,20147,General Dentistry,Primary (general),1,1760854046,2015,Ageing,NPPES NPI 1760854046,,,
B,"Ronald Ray D.d.s., P.C.",Ashburn,VA,(703) 858-0045,"Ronald Ray, D.D.S.",President,,,,,43930 Farmwell Hunt Plz Suite 136,20147,General Dentistry,Primary (general),1,1609977362,2020,Ageing,NPPES NPI 1609977362,,,
B,Tsaknis Dental & Associates,Ashburn,VA,(703) 724-4470,"John Tsaknis, D.D.S.",Dentist,,,,,20600 Gordon Park Sq Suite 110,20147,General Dentistry,Primary (general),1,1891813648,2020,Ageing,NPPES NPI 1891813648,,,
B,Mb. Dental Care PLLC,Bristow,VA,(703) 589-7040,Tamesha Morris,CEO,,,,,12701 Braemar Village Plz,20136,General Dentistry,Primary (general),1,1407456353,2020,Ageing,NPPES NPI 1407456353,,,
B,"Richard Grundy DDS And Associates, PC",Burke,VA,(703) 663-9977,"Richard Grundy, DDS",Owner/dentist,,,,,5204A Rolling Rd,22015,General Dentistry,Primary (general),1,1356805667,2019,Ageing,NPPES NPI 1356805667,,,
B,Peter Slepsky DDS PC,Cape Charles,VA,(757) 331-6004,"Peter Slepsky, DDS",President,,,,,24023 Fairview Rd,23310,General Dentistry,Primary (general),1,1962541896,2020,Ageing,NPPES NPI 1962541896,,,
B,Cascades Dental Of Centreville,Centreville,VA,(703) 266-2483,Jose Aunon,Dentist,,,,,6134 Redwood Square Center Suite 202,20121,General Dentistry,Primary (general),2,1760684146,2020,Ageing,NPPES NPI 1760684146,,,
B,Dulles Dental Group LLC,Centreville,VA,(703) 802-8999,Saly Arbah,Office Manager,,,,,5103 Westfields Blvd,20120,General Dentistry,Primary (general),2,1649486747,2020,Ageing,NPPES NPI 1649486747,,,
B,Luong Hung N Le DDS PC,Centreville,VA,(703) 986-9822,"Luong-Hung Le, D.D.S",President,,,,,14637 Lee Highway Suite 104,20121,General Dentistry,Primary (general),1,1932274479,2020,Ageing,NPPES NPI 1932274479,,,
B,N&s Dental Group,Centreville,VA,(703) 825-7339,"Nandini Malghan, DMD",Owner,,,,,13890 Braddock Rd 202,20121,General Dentistry,Primary (general),1,1427438118,2015,Ageing,NPPES NPI 1427438118,,,
B,Smileon Dentistry PLLC,Centreville,VA,(703) 543-8112,"Rohini Banavar, DMD",Dentist,,,,,5742 Pickwick Rd,20121,General Dentistry,Primary (general),1,1538749908,2021,Ageing,NPPES NPI 1538749908,,,
B,Chantilly Dental Arts Center PLLC,Chantilly,VA,(703) 263-7222,"Nadine Altememi, DDS",Owner,,,,,13655 Lee Jackson Memorial Hwy,20151,General Dentistry,Primary (general),2,1871056689,2019,Ageing,NPPES NPI 1871056689,,,
B,Chantilly Dentist PC,Chantilly,VA,(703) 378-5600,"David Babington, DDS",Dentist/owner,,,,,3910 Centreville Rd Suite 200,20151,General Dentistry,Primary (general),2,1427421155,2015,Ageing,NPPES NPI 1427421155,,,
B,Modaresi & Avin DDS PLLC,Chantilly,VA,(571) 334-8209,"Mina Modaresi, DDS",Owner,,,,,24805 Pinebrook Rd Ste 112,20152,General Dentistry,Primary (general),1,1477160547,2020,Ageing,NPPES NPI 1477160547,,,
B,Pleasant Valley Dental LLC,Chantilly,VA,(703) 961-0225,"Esther Lee, DDS",Owner Attending Doctor,,,,,4080 Lafayette Center Drive Suite 200,20151,General Dentistry,Primary (general),1,1265487151,2020,Ageing,NPPES NPI 1265487151,,,
B,Smile Daily LLC,Chantilly,VA,(718) 314-7446,"Ashima Ahuja, DDS",President,,,,,4229 Lafayette Center Dr Ste 1125B-2,20151,General Dentistry,Primary (general),1,1982225215,2020,Ageing,NPPES NPI 1982225215,,,
B,"South Riding Modern Dentistry, PC",Chantilly,VA,(703) 543-3724,"Alex Sharifian, DDS",Owner/dds,,,,,25421 Lizzio Center Dr Suite 190,20152,General Dentistry,Primary (general),1,1982178620,2019,Ageing,NPPES NPI 1982178620,,,
B,Bagheri & Whynott Plc,Charlottesville,VA,(434) 973-4649,"Desiree Bagheri, DDS",Co-Owner,,,,,1538 Insurance Ln,22911,General Dentistry,Primary (general),2,1629561501,2018,Ageing,NPPES NPI 1629561501,,,
B,"Charlottesville After Hours Dental, Plc",Charlottesville,VA,(434) 825-9844,"Christopher Whynott, D.D.S",Owner,,,,,1101 E Jefferson St Suite 6,22902,General Dentistry,Primary (general),1,1669865887,2015,Ageing,NPPES NPI 1669865887,,,
B,"Children'S Dentistry Of Charlottesville, P.C.",Charlottesville,VA,(434) 817-1817,"John Will, DDS",Shareholder,,,,,1470 Pantops Mountain Pl,22911,General Dentistry,Primary (general),2,1265813042,2015,Ageing,NPPES NPI 1265813042,,,
B,"Hugh Teller, Dds, PC",Charlottesville,VA,(434) 296-4012,"Hugh Teller, DDS",President,,,,,2202 N Berkshire Rd Ste 202,22901,General Dentistry,Primary (general),1,1871811208,2018,Ageing,NPPES NPI 1871811208,,,
B,"Jack T Kayton Iii,dds, PLLC",Charlottesville,VA,(434) 977-3939,Patricia Firer,Business Manager,,,,,315 Old Ivy Way Suite 101,22903,General Dentistry,Primary (general),1,1376569970,2020,Ageing,NPPES NPI 1376569970,,,
B,"John H Knight, Jr. DDS & Associates",Charlottesville,VA,(434) 293-9793,Bernie Chisholm,Practice Administrator,,,,,2202 N Berkshire Rd,22901,General Dentistry,Primary (general),1,1700016995,2015,Ageing,NPPES NPI 1700016995,,,
B,"Mark S Friedlander Dds, PC",Charlottesville,VA,(434) 973-2520,"Mark Friedlander, DDS",President,,,,,300 Hickman Rd Suite 101,22911,General Dentistry,Primary (general),1,1316074859,2020,Ageing,NPPES NPI 1316074859,,,
B,Thomas M Starkey,Charlottesville,VA,(434) 973-2224,"Thomas Starkey, M.D.",Owner,,,,,1441 Sachem Pl Unit 1,22901,General Dentistry,Primary (general),1,1710041223,2020,Ageing,NPPES NPI 1710041223,,,
B,Tore D Steinberg DDS PC,Charlottesville,VA,(434) 974-9294,"Tore Steinberg, DDS",President,,,,,905 Rio East Ct Suite A,22901,General Dentistry,Primary (general),1,1003283342,2015,Ageing,NPPES NPI 1003283342,,,
B,"Bennett A Thomas D.d.s.,p.c.",Chesapeake,VA,(757) 548-3238,"Randie Cohen, RDH,BS",Office Manager,,,,,1300 Cedar Rd,23322,General Dentistry,Primary (general),1,1386654127,2020,Ageing,NPPES NPI 1386654127,,,
B,Cd Virginia Dental P.C.,Chesapeake,VA,(757) 366-0330,Ty Justice,"Director, Payer Relations",,,,,931 Providence Rd,23325,General Dentistry,Primary (general),2,1144790528,2018,Ageing,NPPES NPI 1144790528,,,
B,"Center For Restorative, Cosmetic, And Implant Dentistry",Chesapeake,VA,(757) 547-2770,Karyn Montgomery,Office Manager,,,,,711 Greenbrier Pkwy,23320,General Dentistry,Primary (general),1,1568857472,2015,Ageing,NPPES NPI 1568857472,,,
B,Chesapeake Family And Implant Dentistry LLC,Chesapeake,VA,(757) 436-0026,Patty Heberling,Office Manager,,,,,Chesapeake Family And Implant Dentistry 516 Innovation Dr Suite 302,23320,General Dentistry,Primary (general),2,1043717457,2018,Ageing,NPPES NPI 1043717457,,,
B,"Dental Professionals Of Virginia, P.C.",Chesapeake,VA,(757) 337-4090,Celia Hayes,Credentialing Coordinator,,,,,1305 Cedar Rd,23322,General Dentistry,Primary (general),1,1184215139,2021,Ageing,NPPES NPI 1184215139,,,
B,"Derrick M Broadaway, D.d.s., PC",Chesapeake,VA,(757) 686-3033,"Derrick Broadaway, D.D.S.",Practice Owner,,,,,3325 Taylor Rd Suite 111,23321,General Dentistry,Primary (general),1,1922218684,2020,Ageing,NPPES NPI 1922218684,,,
B,Dr A Solomon DDS & Ass Family Dentistry PC,Chesapeake,VA,(757) 547-2171,Nikki Bynum,Office Manager,,,,,805 N Battlefield Blvd Ste 125,23320,General Dentistry,Primary (general),1,1568636587,2020,Ageing,NPPES NPI 1568636587,,,
B,Dr Daniel M Etheridge DDS Ltd,Chesapeake,VA,(757) 547-2266,"Daniel Etheridge, DDS",President,,,,,1059 Eden Way N Ste 100,23320,General Dentistry,Primary (general),1,1003942012,2020,Ageing,NPPES NPI 1003942012,,,
B,Dr David B Graham DDS,Chesapeake,VA,(757) 547-7070,"David Graham, D.D.S.",Owner,,,,,524 Albemarle Dr Suite 9,23322,General Dentistry,Primary (general),1,1295111219,2015,Ageing,NPPES NPI 1295111219,,,
B,"Drs. Moreschell & Wright, Inc.",Chesapeake,VA,(757) 482-3304,"Charles Wright, D.D.S.",President,,,,,548 Battlefield Blvd S,23322,General Dentistry,Primary (general),1,1760404651,2020,Ageing,NPPES NPI 1760404651,,,
B,Good Neighbor Dental At Edinburgh,Chesapeake,VA,(757) 932-5200,Sheryl Brown,Director Of Operations,,,,,236 Carmichael Way Suite 312,23322,General Dentistry,Primary (general),1,1528457488,2015,Ageing,NPPES NPI 1528457488,,,
B,Graham Dental,Chesapeake,VA,(757) 547-3869,"David Graham, D.D.S.",Dentist,,,,,524 Albemarle Dr,23322,General Dentistry,Primary (general),1,1720451354,2015,Ageing,NPPES NPI 1720451354,,,
B,Karen Parvin DMD PC,Chesapeake,VA,(757) 233-9885,"Karen Parvin, DMD",President,,,,,1464 Mount Pleasant Rd Suite 26,23322,General Dentistry,Primary (general),1,1710245725,2020,Ageing,NPPES NPI 1710245725,,,
B,Katdel LLC,Chesapeake,VA,(757) 769-7155,"Kathy Delva, DDS",Owner,,,,,200 Battlefield Blvd N Ste 4,23320,General Dentistry,Primary (general),1,1073186656,2021,Ageing,NPPES NPI 1073186656,,,
B,Marvin Kaplan DDS PC,Chesapeake,VA,(757) 436-4302,"Marvin Kaplan, DDS",Dentist Orthodontist,,,,,113 Byron St,23320,General Dentistry,Primary (general),1,1457339624,2020,Ageing,NPPES NPI 1457339624,,,
B,Nansemond Suffolk Oral Care,Chesapeake,VA,(757) 465-4884,"Wyatt Ruffin, DDS",Owner President,,,,,3940 Airline Blvd,23321,General Dentistry,Primary (general),1,1720159437,2020,Ageing,NPPES NPI 1720159437,,,
B,Patrick R Grube DDS PC,Chesapeake,VA,(757) 382-9336,"Patrick Grube, DDS",Dentist,,,,,1245 Cedar Rd Ste L,23322,General Dentistry,Primary (general),3,1851854236,2019,Ageing,NPPES NPI 1851854236,,,
B,"Robert A Simmons, D.D.S.",Chesapeake,VA,(757) 421-7181,"Robert Simmons, D.D.S.",Owner,,,,,2538 Centerville Tpke S,23322,General Dentistry,Primary (general),1,1821209669,2020,Ageing,NPPES NPI 1821209669,,,
B,"Ronald D Lynch, D.d.s., P.C.",Chesapeake,VA,(757) 546-0301,"Ronald Lynch, D.D.S",President,,,,,369 Johnstown Rd,23322,General Dentistry,Primary (general),1,1457485120,2020,Ageing,NPPES NPI 1457485120,,,
B,Ryan R Boylan DDS PC,Chesapeake,VA,(757) 547-5105,"Ryan Boylan, DDS",Owner,,,,,528 Albemarle Dr #200,23322,General Dentistry,Primary (general),1,1417348004,2015,Ageing,NPPES NPI 1417348004,,,
B,"Beltrami, Dixon And Rhodes Dds, PC",Colonial Heights,VA,(804) 520-4088,"Mark Beltrami, DDS",Owner/dentist,,,,,456 Charles H Dimmock Pkwy Suite 5,23834,General Dentistry,Primary (general),1,1043762693,2018,Ageing,NPPES NPI 1043762693,,,
B,Brenda J Young DDS & Marjun Ayati DDS PC,Fairfax,VA,(703) 560-6301,"Brenda Young, DDS",Owner Dentist,,,,,8316 Arlington Blvd Suite 226,22031,General Dentistry,Primary (general),2,1588749824,2020,Ageing,NPPES NPI 1588749824,,,
B,"Caballero, LLC",Fairfax,VA,(703) 865-7622,"Giovanni Caballero, DDS",Dentist/ Owner,,,,,11211 Waples Mill Rd Suite 300,22030,General Dentistry,Primary (general),1,1578967857,2016,Ageing,NPPES NPI 1578967857,,,
B,Chang U Yi DDS,Fairfax,VA,(703) 222-2992,"Chang Yi, DDS",Dentist/owner,,,,,4210 Fairfax Corner Ave W Suite 225,22030,General Dentistry,Primary (general),1,1255703682,2015,Ageing,NPPES NPI 1255703682,,,
B,"Charles D, Kirksey, Dds, LLC",Fairfax,VA,(703) 385-0303,Ashley Rowland,Office Manager,,,,,10611 Judicial Dr,22030,General Dentistry,Primary (general),1,1871584110,2016,Ageing,NPPES NPI 1871584110,,,
B,Dale P Shewmaker DDS PC,Fairfax,VA,(703) 385-6960,"Dale Shewmaker, DDS",Dentist/owner,,,,,10623 Braddock Rd,22032,General Dentistry,Primary (general),1,1356714331,2015,Ageing,NPPES NPI 1356714331,,,
B,"Dental One Associates (woodson Square), Ltd",Fairfax,VA,(703) 425-3737,Stephanie Gomez,Credentialing Supervisor,,,,,9661 Main St Suite C,22031,General Dentistry,Primary (general),1,1205048972,2017,Ageing,NPPES NPI 1205048972,,,
B,"Dental Services Dds, PC",Fairfax,VA,(703) 280-1300,"Gloria Campos Vasquez, DDS",Owner,,,,,3918 Prosperity Ave Ste 203,22031,General Dentistry,Primary (general),1,1649940040,2021,Ageing,NPPES NPI 1649940040,,,
B,Dkdc Merrifield PLLC,Fairfax,VA,(703) 945-2200,Geith Kallas,Member,,,,,2810 Old Lee Hwy Suite 200A,22031,General Dentistry,Primary (general),2,1689041584,2015,Ageing,NPPES NPI 1689041584,,,
B,Dr Stephen C St Louis DDS,Fairfax,VA,(703) 385-7177,"Stephen St Louis, DDS",Owner/dentist,,,,,4001 Legato Rd Suite 203,22033,General Dentistry,Primary (general),2,1225134752,2020,Ageing,NPPES NPI 1225134752,,,
B,Evelyn T Samuel DMD PC,Fairfax,VA,(571) 297-4302,"Evelyn Samuel, DMD",Dentist,,,,,8301 Arlington Blvd Ste 207,22031,General Dentistry,Primary (general),1,1144769639,2017,Ageing,NPPES NPI 1144769639,,,
B,"Fairfax Advanced Dentistry, P.C.",Fairfax,VA,(703) 650-9299,Alex Osinovsky,Owner,,,,,3930 Pender Dr Ste 150,22030,General Dentistry,Primary (general),1,1902360068,2019,Ageing,NPPES NPI 1902360068,,,
B,Fairfax Dental Center,Fairfax,VA,(703) 273-1443,Jessica Hague,Office Manager,,,,,4000 Virginia St,22032,General Dentistry,Primary (general),3,1245766484,2017,Ageing,NPPES NPI 1245766484,,,
B,Fairfax Dental Esthetics,Fairfax,VA,(703) 279-3400,Sanae Bouallali-Berrada,DDS/owner,,,,,9621 Fairfax Blvd,22031,General Dentistry,Primary (general),1,1790349801,2019,Ageing,NPPES NPI 1790349801,,,
B,Faranak Ghalehbaghi PC,Fairfax,VA,(703) 352-4121,"Faranak Ghalehbaghi, DDS",Pediatric Dentist,,,,,10875 Main St # 105,22030,General Dentistry,Primary (general),1,1548359649,2020,Ageing,NPPES NPI 1548359649,,,
B,Johnson And Knox Dentcare Associates,Fairfax,VA,(571) 354-0849,"Rasheeda Johnson, DDS",Owner,,,,,9547A Fairfax Blvd,22031,General Dentistry,Primary (general),1,1154987360,2019,Ageing,NPPES NPI 1154987360,,,
B,"Karis Dental, PLLC",Fairfax,VA,(703) 828-6630,"Charles Park, DDS",Dentist,,,,,4290 Chain Bridge Rd Suite #202,22030,General Dentistry,Primary (general),1,1326595083,2016,Ageing,NPPES NPI 1326595083,,,
B,Keith J Wilson DDS PC,Fairfax,VA,(703) 691-3015,"Keith Wilson, DDS",Owner President,,,,,11166 Fairfax Blvd Ste 400,22030,General Dentistry,Primary (general),1,1154447589,2020,Ageing,NPPES NPI 1154447589,,,
B,"Kouros Hedayati, Dds, Plc",Fairfax,VA,(703) 273-5545,"Kouros Hedayati, DDS",Owner/dentist,,,,,3545 Chain Bridge Rd Ste 5,22030,General Dentistry,Primary (general),2,1639603459,2017,Ageing,NPPES NPI 1639603459,,,
B,Le & Tran DDS PC,Fairfax,VA,(703) 978-3541,"Trung Le, DDS",President,,,,,9600 I Main St,22031,General Dentistry,Primary (general),1,1912919663,2020,Ageing,NPPES NPI 1912919663,,,
B,M & M Dental Care P.C.,Fairfax,VA,(703) 218-8142,"Mostafa Aboulkhair, D.M.D",President/owner,,,,,4103 Chain Bridge Rd Suite LL100,22030,General Dentistry,Primary (general),1,1366822827,2016,Ageing,NPPES NPI 1366822827,,,
B,Malcolm J Murray DDS,Fairfax,VA,(703) 934-5540,"Malcolm Murray, DDS",Dentist/owner,,,,,3941 Old Lee Hwy,22030,General Dentistry,Primary (general),1,1235502766,2015,Ageing,NPPES NPI 1235502766,,,
B,"Michael S Song Dds, PC",Fairfax,VA,(703) 385-5455,"Michael Song, DDS",Dentist/owner,,,,,3975 Fair Ridge Dr Suite #301N,22033,General Dentistry,Primary (general),1,1336512342,2015,Ageing,NPPES NPI 1336512342,,,
B,Myong J Cha DDS PC,Fairfax,VA,(703) 273-5033,"Myong Cha, DDS",General Dentist President,,,,,3915 Old Lee Hwy 22D,22030,General Dentistry,Primary (general),1,1609836022,2016,Ageing,NPPES NPI 1609836022,,,
B,"Nana Dickson, DDS PC",Fairfax,VA,(571) 419-6897,"Nana Dickson, DDS",Owner/dentist,,,,,3040 Williams Dr Suite #201,22031,General Dentistry,Primary (general),1,1437521598,2015,Ageing,NPPES NPI 1437521598,,,
B,Nova Center For Dental Sleep Treatment PLLC,Fairfax,VA,(703) 559-3419,Geith Kallas,Member,,,,,2810 Old Lee Hwy Ste 200A,22031,General Dentistry,Primary (general),2,1740659044,2015,Ageing,NPPES NPI 1740659044,,,
B,Nova Smile Design PLLC,Fairfax,VA,(703) 865-6677,"Sylvie Lam, DDS",Owner / Dentist,,,,,11351 Random Hills Rd,22030,General Dentistry,Primary (general),2,1699348920,2021,Ageing,NPPES NPI 1699348920,,,
B,Ofd PC,Fairfax,VA,(703) 281-6201,Kristen Sohn,Director Of Operations,,,,,3050 Chain Bridge Rd Ste 201,22030,General Dentistry,Primary (general),1,1629674973,2020,Ageing,NPPES NPI 1629674973,,,
B,Raja Rafiq & Associates DDS Fairfax PLLC,Fairfax,VA,(703) 877-2283,Rabia Rafiq,Director Of Operations,,,,,11001-A Lee Highway,22030,General Dentistry,Primary (general),1,1376090936,2016,Ageing,NPPES NPI 1376090936,,,
B,Roger Marcellin D.D.S. P.C.,Fairfax,VA,(703) 293-9100,"Roger Marcellin, D.D.S.",President,,,,,12011 Lee Jackson Hwy Suite 503,22033,General Dentistry,Primary (general),1,1700078912,2015,Ageing,NPPES NPI 1700078912,,,
B,Sapphire Dental PLLC,Fairfax,VA,(440) 799-2611,Layth Ghanim,Owner,,,,,8622 Lee Hwy,22031,General Dentistry,Primary (general),1,1942776182,2018,Ageing,NPPES NPI 1942776182,,,
B,Sareen Dental P.c,Fairfax,VA,(703) 865-4488,"Deepti Batra, DDS",Director,,,,,4473 Market Commons Dr,22033,General Dentistry,Primary (general),1,1023491925,2015,Ageing,NPPES NPI 1023491925,,,
B,"Tummarello And Pandak Dds, PC",Fairfax,VA,(703) 691-1511,"Hilary Pandak, DDS",Partner,,,,,11208 Waples Mill Rd Ste 101,22030,General Dentistry,Primary (general),1,1437370384,2020,Ageing,NPPES NPI 1437370384,,,
B,Vu And Associates Dental P.c,Fairfax,VA,(703) 938-0559,"Khai Vu, DDS",President,,,,,10622 Regent Park Ct,22030,General Dentistry,Primary (general),1,1720467368,2015,Ageing,NPPES NPI 1720467368,,,
B,Anh Grimm DDS PC,Falls Church,VA,(703) 534-6226,"Anh Grimm, DDS",President,,,,,2946 Sleepy Hollow Rd Suite 1B,22044,General Dentistry,Primary (general),1,1114394855,2015,Ageing,NPPES NPI 1114394855,,,
B,Total Dental Wellness,Falls Church,VA,(571) 354-0079,Sunee Salpetchniyom,Dentist,,,,,2901 Telestar Ct # 120,22042,General Dentistry,Primary (general),1,1700444858,2019,Ageing,NPPES NPI 1700444858,,,
B,Prince William Dental LLC,Gainesville,VA,(848) 667-0516,"Madhusudhan Kasipathy, DDS",Dentist/ Owner,,,,,7051 Heathcote Village Way Ste 100,20155,General Dentistry,Primary (general),1,1609499151,2020,Ageing,NPPES NPI 1609499151,,,
B,Anisha Patel DDS PLLC,Glen Allen,VA,(804) 360-0355,Anisha Patel,DDS/owner,,,,,2448 Old Brick Rd,23060,General Dentistry,Primary (general),1,1902328958,2017,Ageing,NPPES NPI 1902328958,,,
B,Antone Exum DDS,Glen Allen,VA,(804) 212-2501,"Antone Exum, DDS",Dentist/owner,,,,,10124 W Broad St Ste Q,23060,General Dentistry,Primary (general),1,1972054773,2016,Ageing,NPPES NPI 1972054773,,,
B,"Campbell S Delk, Dds, PC",Glen Allen,VA,(804) 747-9511,"Campbell Delk, DDS",President,,,,,4440 Springfield Rd Suite 104,23060,General Dentistry,Primary (general),1,1528356078,2015,Ageing,NPPES NPI 1528356078,,,
B,"Clinton J Norris, D.d.s., P.C.",Glen Allen,VA,(804) 747-0044,"Clinton Norris, D.D.S.",Manager,,,,,4445 Cox Rd,23060,General Dentistry,Primary (general),1,1962522839,2016,Ageing,NPPES NPI 1962522839,,,
B,Cooke Richardson & Overstreet DDS PC,Glen Allen,VA,(804) 270-7737,"Doublas Overstreet, DDS",Partner Doctor Of Dental Science,,,,,11551 Nuckols Rd Ste B,23059,General Dentistry,Primary (general),2,1992872220,2020,Ageing,NPPES NPI 1992872220,,,
B,"Far Soltanian Mgmt, LLC",Glen Allen,VA,(804) 270-5214,Ada Clevinger,Office Manager,,,,,3944 Springfield Rd,23060,General Dentistry,Primary (general),2,1912408832,2018,Ageing,NPPES NPI 1912408832,,,
B,"Glenn W Fortner Dds, PC",Glen Allen,VA,(804) 346-4600,Glenn Fortner,Dentist,,,,,3950 Springfield Rd,23060,General Dentistry,Primary (general),1,1013428374,2017,Ageing,NPPES NPI 1013428374,,,
B,"John J Andre, D.d.s., P.C. And Associates",Glen Allen,VA,(804) 346-8330,"John Andre, D.D.S., P.C.",President,,,,,10863 W Broad St,23060,General Dentistry,Primary (general),1,1841371754,2020,Ageing,NPPES NPI 1841371754,,,
B,Leonard I Nunnally DDS PC,Glen Allen,VA,(804) 747-0908,Leonard Nunnally,Dentist,,,,,11531 Nuckols Rd Ste B,23059,General Dentistry,Primary (general),1,1730722620,2019,Ageing,NPPES NPI 1730722620,,,
B,Surya P Dhakar DDS PC,Glen Allen,VA,(804) 217-9820,"Surya Dhakar, DDS",Dentist,,,,,4440 Springfield Rd #101,23060,General Dentistry,Primary (general),2,1922089739,2020,Ageing,NPPES NPI 1922089739,,,
B,Zelazny Family Dentistry,Glen Allen,VA,(804) 627-0215,"Lloyd Zelazny, D.D.S.",Owner-Dentist,,,,,10128 Brook Rd,23059,General Dentistry,Primary (general),1,1629190541,2020,Ageing,NPPES NPI 1629190541,,,
B,Allan C Sundin DDS MS PC,Hampton,VA,(757) 838-0800,Shirley Smith,Office Manager,,,,,2107 Hartford Rd,23666,General Dentistry,Primary (general),1,1669455358,2020,Ageing,NPPES NPI 1669455358,,,
B,"Bethel Dental Associates, P.C.",Hampton,VA,(757) 325-9119,"Emmanuel Amoah, DDS",President,,,,,1194 Big Bethel Rd,23666,General Dentistry,Primary (general),1,1730551706,2015,Ageing,NPPES NPI 1730551706,,,
B,Daniel S Williams DDS PC,Hampton,VA,(757) 722-2929,"Daniel Williams, DDS",Dentist,,,,,70 West Mercury Blvd Suite 102,23669,General Dentistry,Primary (general),1,1437210531,2020,Ageing,NPPES NPI 1437210531,,,
B,Francis D Mullen DMD PC,Hampton,VA,(757) 838-8411,"Francis Mullen, D.M.D",President,,,,,2240 Coliseum Dr Suite B,23666,General Dentistry,Primary (general),2,1124232574,2020,Ageing,NPPES NPI 1124232574,,,
B,Hampton Roads Family Dental,Hampton,VA,(757) 722-8507,"Gwen Newton, BS",Administrator,,,,,3709 Kecoughtan Rd,23669,General Dentistry,Primary (general),1,1932735305,2020,Ageing,NPPES NPI 1932735305,,,
B,"Scott H Francis, DDS",Hampton,VA,(757) 851-3530,"Scott Francis, D.D.S.",Dentist,,,,,2038 Nickerson Blvd,23663,General Dentistry,Primary (general),1,1538531777,2015,Ageing,NPPES NPI 1538531777,,,
B,Armen Zarookian DMD LLC,Herndon,VA,(703) 870-7377,"Armen Zarookian, DMD",Owner,,,,,459 Herndon Pkwy Ste 4,20170,General Dentistry,Primary (general),1,1356731046,2015,Ageing,NPPES NPI 1356731046,,,
B,Cosmetic And Family Dentistry,Herndon,VA,(703) 793-3030,"Nazila Ganji, D.D.S.",President,,,,,13515 Dulles Technology Dr,20171,General Dentistry,Primary (general),1,1093881815,2020,Ageing,NPPES NPI 1093881815,,,
B,Dr Mib DDS PLLC,Herndon,VA,(703) 953-3307,"Mohamed Ibrahim, DDS",Owner,,,,,12973 Highland Crossing Dr Ste B,20171,General Dentistry,Primary (general),2,1902487150,2021,Ageing,NPPES NPI 1902487150,,,
B,Dr Mojdeh Vessali Family Dentistry,Herndon,VA,(703) 736-0900,"Mojdeh Vessali, DDS",General Dentist,,,,,505 Huntmar Park Drive #150,20170,General Dentistry,Primary (general),1,1942742861,2016,Ageing,NPPES NPI 1942742861,,,
B,Herndon Dental Care,Herndon,VA,(678) 906-8367,"Ayesan Hemati, DDS",Prosthodontist,,,,,12973 Highland Crossing Dr Ste B,20171,General Dentistry,Primary (general),1,1972199420,2020,Ageing,NPPES NPI 1972199420,,,
B,Long D Pham DDS PLLC,Herndon,VA,(703) 707-8500,Nohemi Nolasco,Receptionist,,,,,462 Herndon Pkwy,20170,General Dentistry,Primary (general),1,1093187510,2015,Ageing,NPPES NPI 1093187510,,,
B,"Mazin Alayssami, DMD & Associates PC",Herndon,VA,(703) 478-0115,Mazin Alayssami,Owner,,,,,13873 Park Center Rd,20171,General Dentistry,Primary (general),1,1861559171,2020,Ageing,NPPES NPI 1861559171,,,
B,"The Dental Office Of Reston, PC",Herndon,VA,(703) 574-1716,"Alex Sharifian, DDS",Owner Dentist,,,,,494 Elden St Ste 200,20170,General Dentistry,Primary (general),1,1326612334,2021,Ageing,NPPES NPI 1326612334,,,
B,Ur Smile Dental,Herndon,VA,(571) 877-6453,Manpreet Kaur,President,,,,,201 Elden St Ste 102,20170,General Dentistry,Primary (general),1,1043895808,2021,Ageing,NPPES NPI 1043895808,,,
B,S&l Dental Group,King George,VA,(617) 678-2875,"Grace La, DMD",Dentist,,,,,5212 Kings Wood Ln,22485,General Dentistry,Primary (general),1,1538682034,2017,Ageing,NPPES NPI 1538682034,,,
B,"Bmsk, PLLC",Leesburg,VA,(703) 777-3150,"Sameh Kassem, DDS",Owner,,,,,823 S King St Ste E,20175,General Dentistry,Primary (general),1,1558837856,2018,Ageing,NPPES NPI 1558837856,,,
B,"Cary T Birkitt, DDS Ltd",Leesburg,VA,(703) 777-4440,"Cary Birkitt, D.D.S.",Dentist/owner,,,,,18 Loudoun St SE,20175,General Dentistry,Primary (general),1,1679948376,2015,Ageing,NPPES NPI 1679948376,,,
B,Deidra B Kokel,Leesburg,VA,(703) 777-5025,"Deidra Kokel, DDS PC",Owner President,,,,,17 C Fort Evans Road NE,20176,General Dentistry,Primary (general),2,1780719484,2020,Ageing,NPPES NPI 1780719484,,,
B,Family First Sleep Program,Leesburg,VA,(703) 967-2624,"Ronald Buro, DDS",Dentist/owner,,,,,230 Fort Evans Rd NE,20176,General Dentistry,Primary (general),1,1992245724,2017,Ageing,NPPES NPI 1992245724,,,
B,"Fuller & Spencer Fuller, PC",Leesburg,VA,(703) 771-8500,"Llewellyn Welstead, DDS",Dentist/owner,,,,,706 S King St Suite 5,20175,General Dentistry,Primary (general),2,1669846861,2015,Ageing,NPPES NPI 1669846861,,,
B,Jennifer M Pham DMD PC,Leesburg,VA,(703) 777-5600,"Jennifer Pham, DMD",President,,,,,18 Wirt St SW,20175,General Dentistry,Primary (general),1,1376190744,2019,Ageing,NPPES NPI 1376190744,,,
B,Leesburg Dental P C,Leesburg,VA,(703) 777-2442,Dahana Naranjo,Office Manager,,,,,602 S King St Suite 302,20175,General Dentistry,Primary (general),1,1528222171,2019,Ageing,NPPES NPI 1528222171,,,
B,Leesburg Premier Dental,Leesburg,VA,(703) 687-4861,"Mohammad Aman, DMD",President,,,,,161 Fort Evans Rd NE Suite- 300,20176,General Dentistry,Primary (general),1,1346644838,2015,Ageing,NPPES NPI 1346644838,,,
B,"Ryan C Mayo, D.d.s & Gregory C Mayo D.d.s., P.C.",Leesburg,VA,(703) 777-3510,"Gregory Mayo, D.D.S.",Dentist/owner,,,,,22 Davis Ave SW,20175,General Dentistry,Primary (general),2,1871968255,2015,Ageing,NPPES NPI 1871968255,,,
B,"Brady & Crist Dentists, Inc.",Lynchburg,VA,(434) 239-2651,"Jason Crist, D.D.S.",Vice President,,,,,8116 Timberlake Rd,24502,General Dentistry,Primary (general),1,1497853758,2020,Ageing,NPPES NPI 1497853758,,,
B,Dr C Frederick Smith PC,Lynchburg,VA,(434) 237-6328,"C Smith, DDS",President Dentist,,,,,46 Shelor Drive,24502,General Dentistry,Primary (general),1,1356409874,2020,Ageing,NPPES NPI 1356409874,,,
B,Glenn A Kimble D.D.S.,Lynchburg,VA,(434) 847-5847,"Glenn Kimble, D.D.S.",Practice Owner,,,,,2323 Memorial Ave Suite 22,24501,General Dentistry,Primary (general),1,1023156692,2020,Ageing,NPPES NPI 1023156692,,,
B,Gregory J Toone DDS PC,Lynchburg,VA,(434) 239-8222,"Gregory J Toone, DDS",General Dentist,,,,,105 Candlewood Ct,24502,General Dentistry,Primary (general),1,1376095828,2016,Ageing,NPPES NPI 1376095828,,,
B,"John A Barrick D.d.s., Ltd.",Lynchburg,VA,(434) 846-1614,"John Barrick, DDS",Owner And Dentist,,,,,1934 Thomson Dr,24501,General Dentistry,Primary (general),1,1225232861,2020,Ageing,NPPES NPI 1225232861,,,
B,Anderson & Barragan Dental Associates,Manassas,VA,(703) 368-4344,"Joshua Anderson, DDS",Owner,info@renovasmiles.com,NPPES federal registry filing,,,9380 Forestwood Ln Ste E,20110,General Dentistry,Primary (general),1,1417501511,2019,Ageing,NPPES NPI 1417501511,,,
B,"D&d Dental Manassass, PLLC",Manassas,VA,(703) 368-0704,"Angela Diaz, DDS",Owner,,,,,8739 Plantation Ln,20110,General Dentistry,Primary (general),2,1609358266,2018,Ageing,NPPES NPI 1609358266,,,
B,Dental House,Manassas,VA,(703) 369-5544,Yas Saleem,DDS/owner,,,,,8719 Plantation Ln,20110,General Dentistry,Primary (general),2,1811598428,2020,Ageing,NPPES NPI 1811598428,,,
B,"Eunice Song, Dds, PC",Manassas,VA,(703) 659-1111,"Eunice Song, DDS",President/dentist,,,,,9378 Forestwood Ln Ste A,20110,General Dentistry,Primary (general),1,1508401753,2019,Ageing,NPPES NPI 1508401753,,,
B,Freidank & Freidank DDS Ltd,Manassas,VA,(703) 368-4713,"Chris Freidank, DDS",Dentist,,,,,9613 Champion Ct,20110,General Dentistry,Primary (general),1,1144230475,2020,Ageing,NPPES NPI 1144230475,,,
B,Galleria Family Dentistry,Manassas,VA,(703) 368-9777,"Tamer Abdelwahab, DDS,FAGD,FICOI",Dentist,,,,,8711 Digges Rd,20110,General Dentistry,Primary (general),3,1801255658,2016,Ageing,NPPES NPI 1801255658,,,
B,"Good Choi'S Dental Care, P.C.",Manassas,VA,(571) 234-2831,"Sungwon Choi, D.M.D.",General Dentist/clinic Owner,,,,,"10555 Crestwood Dr., Unit B",20109,General Dentistry,Primary (general),1,1265818363,2015,Ageing,NPPES NPI 1265818363,,,
B,"Happy Smile Dental, Inc",Manassas,VA,(703) 260-7788,"Daniel Chavez, D.D.S.",President,,,,,8428 Dorsey Cir Ste 201,20110,General Dentistry,Primary (general),1,1801278726,2015,Ageing,NPPES NPI 1801278726,,,
B,"Jamil Sowan, Dds, Inc.",Manassas,VA,(571) 265-7078,"Jamil Sowan, DDS",Owner/dentist,,,,,10408 Portsmouth Rd,20109,General Dentistry,Primary (general),1,1164960357,2017,Ageing,NPPES NPI 1164960357,,,
B,"Malik Usman Dds, PC",Manassas,VA,(571) 350-9292,"Malik Usman, DDS","Dentist, President",,,,,8559 Sudley Road,20110,General Dentistry,Primary (general),1,1811340599,2016,Ageing,NPPES NPI 1811340599,,,
B,"Manassas Dental Associates, PC",Manassas,VA,(703) 330-5578,"Bruce Taheri, DDS",Owner,,,,,10630 Crestwood Dr Suite B,20109,General Dentistry,Primary (general),1,1538380803,2020,Ageing,NPPES NPI 1538380803,,,
B,Morales & Hangval DDS PLLC,Manassas,VA,(703) 369-5442,Richard McCauley,Practice Manager,,,,,8100 Ashton Ave Ste 212,20109,General Dentistry,Primary (general),1,1417208869,2019,Ageing,NPPES NPI 1417208869,,,
B,Mp Dental Associates DDS PC,Manassas,VA,(703) 368-1166,Marjan Partovi,Owner,,,,,7806 Centreville Road,20111,General Dentistry,Primary (general),1,1205058880,2020,Ageing,NPPES NPI 1205058880,,,
B,Sareen Dentistry DMD PLLC,Manassas,VA,(703) 361-2345,"Teena Sareen, D.M.D",Director,,,,,9940 Sowder Village Sq,20109,General Dentistry,Primary (general),1,1235581703,2016,Ageing,NPPES NPI 1235581703,,,
B,Virginia Dental Partners PLLC,Manassas,VA,(703) 369-9100,"William Ossakow, DDS",Owner/dds,,,,,10482 Sudley Manor Drive,20109,General Dentistry,Primary (general),1,1033508734,2019,Ageing,NPPES NPI 1033508734,,,
B,"John A Schehl, Dds, PC",Mc Lean,VA,(703) 356-2020,Jessica Curtis,Office/office Manager,,,,,6711 Whittier Ave Suite 201,22101,General Dentistry,Primary (general),1,1912382698,2015,Ageing,NPPES NPI 1912382698,,,
B,"Charlton Ho, D.d.s., P.L.L.C.",McLean,VA,(703) 356-4822,"Charlton Ho, D.D.S.",Member,,,,,1826 Westmoreland St,22101,General Dentistry,Primary (general),1,1235356353,2020,Ageing,NPPES NPI 1235356353,,,
B,"Fred F Farahi,dds,pc",McLean,VA,(703) 821-1633,"Fredrick Farahi, DDS",Dentist,,,,,1401 Chain Bridge Rd Ste 301,22101,General Dentistry,Primary (general),1,1659406452,2020,Ageing,NPPES NPI 1659406452,,,
B,"James T Planicka, Dds, PC",McLean,VA,(703) 734-0515,"James Planicka, DDS",President,,,,,8200 Greensboro Dr Suite 1002,22102,General Dentistry,Primary (general),1,1811020167,2020,Ageing,NPPES NPI 1811020167,,,
B,Philip S Ferris DDS PC,McLean,VA,(703) 356-1800,"Philip Ferris, DDS",President,,,,,1515 Chain Bridge Rd Suite 306,22101,General Dentistry,Primary (general),1,1548489297,2020,Ageing,NPPES NPI 1548489297,,,
B,Brandon M Schafer PLLC,Mechanicsville,VA,(850) 832-1582,Brandon Schafer,Dentist,,,,,6366 Mechanicsville Tpke Ste 205,23111,General Dentistry,Primary (general),1,1023574167,2020,Ageing,NPPES NPI 1023574167,,,
B,George A Oley III Plc,Mechanicsville,VA,(804) 789-9118,"George Oley, DDS",Owner/dentist,,,,,7016 Lee Park Rd Suite 200,23111,General Dentistry,Primary (general),1,1568840262,2015,Ageing,NPPES NPI 1568840262,,,
B,"Allgood Family Dentistry, PLLC",Midlothian,VA,(804) 432-5771,"Ashlyn Price, DDS",Owner,,,,,5921 Harbour Ln Ste 100,23112,General Dentistry,Primary (general),1,1538542428,2015,Ageing,NPPES NPI 1538542428,,,
B,"Alsamir Family Dentistry, PLLC",Midlothian,VA,(804) 739-5791,"Zaid Al-Samir, DDS",Owner,,,,,13841 Hull Street Rd Ste 1,23112,General Dentistry,Primary (general),2,1205321239,2018,Ageing,NPPES NPI 1205321239,,,
B,Anderson Family Dentistry,Midlothian,VA,(804) 744-1280,Tyson Anderson,Manager,,,,,13841 Hull Street Rd Ste 5,23112,General Dentistry,Primary (general),1,1982155529,2016,Ageing,NPPES NPI 1982155529,,,
B,"Beltrami, Dixon And Woodard DDS PC",Midlothian,VA,(804) 739-3131,"Margaret Woodard, DDS",Owner/manager,,,,,2373 Colony Crossing Pl,23112,General Dentistry,Primary (general),2,1780160838,2018,Ageing,NPPES NPI 1780160838,,,
B,"Commonwealth Pediatric Dentistry, PLLC",Midlothian,VA,(804) 363-4283,Lauri Henderson,Administrative Assistant,,,,,6661 Lake Harbour Dr,23112,General Dentistry,Primary (general),1,1982140620,2017,Ageing,NPPES NPI 1982140620,,,
B,"Dental Professionals Of Virginia, P.C.",Midlothian,VA,(804) 378-0082,Cassandra Petersen,Credentialing Team Lead,,,,,125 Browns Way Rd,23114,General Dentistry,Primary (general),2,1598247405,2018,Ageing,NPPES NPI 1598247405,,,
B,"Dr Thomas G Elias Dmd,pc",Midlothian,VA,(804) 739-8297,"Thomas Elias, DMD",Dentist/owner,,,,,6043 Harbour Park Dr,23112,General Dentistry,Primary (general),1,1699227496,2016,Ageing,NPPES NPI 1699227496,,,
B,Drs Williams And Neighbors,Midlothian,VA,(804) 794-8745,Susan Gillis,Office Manager,,,,,1009 Crowder Dr,23113,General Dentistry,Primary (general),2,1841322088,2020,Ageing,NPPES NPI 1841322088,,,
B,"Drs. Monacell, Sorenson & Associates, D.D.S. Of Midlothian PLLC",Midlothian,VA,(804) 897-7900,Chad Hendricks,Credentialing Manager,,,,,14420 Sommerville Ct,23113,General Dentistry,Primary (general),2,1346910288,2021,Ageing,NPPES NPI 1346910288,,,
B,"Faith W Trent, DDS",Midlothian,VA,(804) 744-1877,"Faith Trent, DDS",Dentist/owner,,,,,13700 Genito Rd,23112,General Dentistry,Primary (general),1,1174075337,2016,Ageing,NPPES NPI 1174075337,,,
B,Jeryl A Abbott DDS PC,Midlothian,VA,(804) 379-9177,"Jeryl Abb0TT, DDS",Owner,,,,,151 Le Gordon Dr,23114,General Dentistry,Primary (general),3,1518418144,2016,Ageing,NPPES NPI 1518418144,,,
B,"Jose E Gallegos, D.d.s., P.C.",Midlothian,VA,(804) 739-9190,Mary Haynes,Financial Coordinator,,,,,13861 Hull Street Rd Suite 200,23112,General Dentistry,Primary (general),2,1861555740,2020,Ageing,NPPES NPI 1861555740,,,
B,"Luiza Kreuzer Dds,pc",Midlothian,VA,(804) 379-0875,"Luiza Kreuzer, DDS",Manager/ Owner Dentist,,,,,300 Browns Hill Ct,23114,General Dentistry,Primary (general),1,1447857693,2020,Ageing,NPPES NPI 1447857693,,,
B,Robert N Penterson DDS PC,Midlothian,VA,(804) 739-1600,"Stephen Booth, D.D.S.",Dentist/owner,,,,,5954 Harbour Park Dr,23112,General Dentistry,Primary (general),2,1265983506,2016,Ageing,NPPES NPI 1265983506,,,
B,Russell Cleveland DDS,Midlothian,VA,(804) 794-4564,"Russell Cleveland, DDS",Dentist/owner,,,,,1670 Huguenot Rd,23113,General Dentistry,Primary (general),1,1467903179,2016,Ageing,NPPES NPI 1467903179,,,
B,"Russell Mosher, Dds, PC",Midlothian,VA,(804) 379-6971,"Russell Mosher, DDS",Dentist/owner,,,,,1320 Alverser Plz,23113,General Dentistry,Primary (general),2,1306398300,2016,Ageing,NPPES NPI 1306398300,,,
B,Sharon Freeland Harris DMD PC,Midlothian,VA,(804) 744-4335,"Sharon Harris, DMD",Pres Sec,,,,,4906 Millridge Pkwy East,23112,General Dentistry,Primary (general),2,1023154960,2020,Ageing,NPPES NPI 1023154960,,,
B,Sleep Better Virginia PLLC,Midlothian,VA,(804) 745-0624,"Erika Mason, DDS",Owner,,,,,11061 Hull Street Rd,23112,General Dentistry,Primary (general),1,1316572340,2020,Ageing,NPPES NPI 1316572340,,,
B,South River Dentistry,Midlothian,VA,(804) 378-7888,"Jefferson Blackburn, DDS",Owner,,,,,2301 Robious Station Cir,23113,General Dentistry,Primary (general),1,1558812719,2016,Ageing,NPPES NPI 1558812719,,,
B,Thomas A.J. Olivero Jr. DDS,Midlothian,VA,(804) 794-2802,"Thomas Olivero, DDS",Dentist/ Owner,,,,,112 Walton Park Ln,23114,General Dentistry,Primary (general),1,1649712746,2016,Ageing,NPPES NPI 1649712746,,,
B,Virginia Family Dentistry PC,Midlothian,VA,(804) 794-9789,Patricia Macey,Operations Manager,,,,,1612 Huguenot Road,23113,General Dentistry,Primary (general),1,1750435970,2015,Ageing,NPPES NPI 1750435970,,,
B,Woodlake Family Dentistry,Midlothian,VA,(804) 739-4194,"Curt Killar, D.D.S.",Dentist/owner,,,,,6540 Woodlake Village Cir,23112,General Dentistry,Primary (general),1,1740731454,2016,Ageing,NPPES NPI 1740731454,,,
B,Allen R McGill PC,Newport News,VA,(757) 595-9979,"Allen McGill, DDS",Dentist,,,,,11747 Jefferson Ave Suite 5C,23606,General Dentistry,Primary (general),1,1124491428,2015,Ageing,NPPES NPI 1124491428,,,
B,Atlantic Dental Care Plc,Newport News,VA,(757) 874-8612,"Allan Cash, DDS",Owner/dentist,,,,,606 Denbigh Blvd Suite 300,23608,General Dentistry,Primary (general),1,1356833404,2018,Ageing,NPPES NPI 1356833404,,,
B,"Dental Professionals Of Virginia, P.C.",Newport News,VA,(757) 223-9270,Tabatha Lemke,Credentialing Coordinator,,,,,251 Nat Turner Blvd S,23606,General Dentistry,Primary (general),1,1639783251,2020,Ageing,NPPES NPI 1639783251,,,
B,Eric E Smith DDS PC,Newport News,VA,(757) 596-6211,"Eric Smith, DDS",Dr Owner,,,,,11848 Rock Landing Dr Suite 301,23606,General Dentistry,Primary (general),2,1467528380,2020,Ageing,NPPES NPI 1467528380,,,
B,Good Neighbor Dental At Oyster Point,Newport News,VA,(757) 249-8921,Sheryl Brown,Director Of Operations,,,,,401 Oyster Point Rd Suite C,23602,General Dentistry,Primary (general),2,1598147860,2015,Ageing,NPPES NPI 1598147860,,,
B,Hq Us Army Dental Activities,Newport News,VA,(757) 314-7944,Angela Colucci,Credentials Coordinator,,,,,577 Sternburg Avenue,23604,General Dentistry,Primary (general),1,1134504574,2015,Ageing,NPPES NPI 1134504574,,,
B,"J Dewey Willis Iii, D.d.s., P.c., & Assoc.",Newport News,VA,(757) 873-3407,"J Willis, D.D.S.",Dentist,,,,,11828 Fishing Point Dr Suite 100,23606,General Dentistry,Primary (general),1,1336298926,2020,Ageing,NPPES NPI 1336298926,,,
B,"James F Dollar D.d.s., P.L.L.C.",Newport News,VA,(757) 874-6712,Susan Butler,Office Manager,,,,,12725 Patrick Henry Dr,23602,General Dentistry,Primary (general),3,1760516074,2020,Ageing,NPPES NPI 1760516074,,,
B,"Jamiah Dawson, Dds, P.C.",Newport News,VA,(757) 886-5370,"Jamiah Dawson, DDS",Owner,,,,,12731 Jefferson Ave,23602,General Dentistry,Primary (general),1,1760097737,2020,Ageing,NPPES NPI 1760097737,,,
B,"Jefferson Family Dentistry, Inc",Newport News,VA,(757) 872-3100,Yesook Chung,Owner,jeffersonfamilydentistryva@gmail.com,NPPES federal registry filing,,,13176 Jefferson Ave Ste E,23608,General Dentistry,Primary (general),1,1154966729,2019,Ageing,NPPES NPI 1154966729,,,
B,"John J Denison, DDS PC",Newport News,VA,(757) 873-9000,"John Denison, DDS",Dentist,,,,,895 City Center Blvd Ste 106,23606,General Dentistry,Primary (general),2,1639575525,2016,Ageing,NPPES NPI 1639575525,,,
B,"Link, Jacobs & Link, D.d.s., P.C.",Newport News,VA,(757) 596-7000,"Michael Link, D.D.S.",President,,,,,11007 Warwick Blvd,23601,General Dentistry,Primary (general),2,1194745653,2020,Ageing,NPPES NPI 1194745653,,,
B,"Loretta Prosser Graham, Dds, PC",Newport News,VA,(757) 886-9169,"Loretta Graham, DDS",Owner/ceo,,,,,15410 Warwick Blvd,23608,General Dentistry,Primary (general),1,1295822989,2020,Ageing,NPPES NPI 1295822989,,,
B,Martin J Menges Jr DDS,Newport News,VA,(757) 591-8515,"Martin Menges, DDS",Owner,,,,,12528 Warwick Blvd,23606,General Dentistry,Primary (general),1,1508079468,2020,Ageing,NPPES NPI 1508079468,,,
B,"Morrison, Hartley, & Sanchez, P.C.",Newport News,VA,(757) 220-0330,"Robert Morrison, DMD",Owner,,,,,"710 Denbigh Boulevard, Bldg 1, Suite C",23608,General Dentistry,Primary (general),1,1508253949,2015,Ageing,NPPES NPI 1508253949,,,
B,"Thomas Laws, Dds, PC",Newport News,VA,(757) 249-3803,"Thomas Laws, DDS",Dentist,,,,,525 Oyster Point Rd Suite C,23602,General Dentistry,Primary (general),1,1205969862,2020,Ageing,NPPES NPI 1205969862,,,
B,"Murray Spain,jr.,dmd",Norfok,VA,(757) 625-1817,Murray Spain,Dentistry,,,,,"Muarry Spain,JR.,D.M.D1216 Granby St 2",23510,General Dentistry,Primary (general),1,1275748782,2020,Ageing,NPPES NPI 1275748782,,,
B,Benjamin McCarty DMD PLLC,Norfolk,VA,(757) 440-1360,"Benjamin McCarty, DMD",Dentist,,,,,1170 Lexan Ave Ste 187,23508,General Dentistry,Primary (general),1,1699244210,2018,Ageing,NPPES NPI 1699244210,,,
B,Carmen A Cote,Norfolk,VA,(757) 587-4433,"Carmen Cote, DDS",Owner Dentist,,,,,7913 Azalea Garden Rd,23518,General Dentistry,Primary (general),1,1245603869,2015,Ageing,NPPES NPI 1245603869,,,
B,Cd Virginia Dental P.C.,Norfolk,VA,(757) 583-1535,Ty Justice,"Director, Payer Relations",,,,,7400 Granby St Ste D,23505,General Dentistry,Primary (general),2,1548789969,2018,Ageing,NPPES NPI 1548789969,,,
B,East Beach Smiles LLC,Norfolk,VA,(757) 362-0600,"Mostafa Aboulkhair, D.M.D",Owner/dentist,,,,,4520 Pretty Lake Ave #201,23518,General Dentistry,Primary (general),1,1518443837,2018,Ageing,NPPES NPI 1518443837,,,
B,Harry E Ramsey Jr DDS PC,Norfolk,VA,(757) 489-1811,"Harry Ramsey, DDS",President,,,,,110 Kingsley Lane Suite 504,23505,General Dentistry,Primary (general),1,1629191473,2020,Ageing,NPPES NPI 1629191473,,,
B,Howard Kesser DDS PC,Norfolk,VA,(757) 423-1021,"Howard Kesser, DDS",Doctor,,,,,900 W Little Creek Rd,23505,General Dentistry,Primary (general),1,1750496808,2020,Ageing,NPPES NPI 1750496808,,,
B,James H Nottingham Jr DMD,Norfolk,VA,(757) 623-9545,James Nottingham,Owner Dr,,,,,142 W York St Suite 705,23510,General Dentistry,Primary (general),1,1629141973,2020,Ageing,NPPES NPI 1629141973,,,
B,"Lefcoe,weinstein,sachs,schiff",Norfolk,VA,(757) 587-6453,Sarah Lascara,Insurance Manager,,,,,300 E Little Creek Rd,23505,General Dentistry,Primary (general),1,1851455349,2020,Ageing,NPPES NPI 1851455349,,,
B,"Monleudy Keo Bracken, Dds, PLLC",Norfolk,VA,(757) 466-1700,Rebecca Douglass,Office Manager,,,,,5715 Sellger Dr,23502,General Dentistry,Primary (general),2,1528557824,2018,Ageing,NPPES NPI 1528557824,,,
B,"Norman P Moore,dds,ltd.",Norfolk,VA,(757) 461-8760,"Norman Moore, DDS",President,,,,,909 Glenrock Rd Suite -C,23502,General Dentistry,Primary (general),1,1174546550,2020,Ageing,NPPES NPI 1174546550,,,
B,Restore Dental Center Of Hampton Roads,Norfolk,VA,(757) 490-7866,Shane August,President,,,,,223 E City Hall Ave,23510,General Dentistry,Primary (general),1,1851051320,2021,Ageing,NPPES NPI 1851051320,,,
B,"Su McNeill, Dmd, PLLC",Norfolk,VA,(757) 440-7955,Beth Teles,Sr. Credentialing Specialist,,,,,1232 W Little Creek Rd,23505,General Dentistry,Primary (general),1,1053853911,2016,Ageing,NPPES NPI 1053853911,,,
B,The Foleck Center,Norfolk,VA,(757) 623-0283,Tatjana Manojlovic,CEO,,,,,201 College Place #111,23510,General Dentistry,Primary (general),1,1427319300,2016,Ageing,NPPES NPI 1427319300,,,
B,"Vernon E O'Berry, Jr. DDS",Norfolk,VA,(757) 627-1882,"Vernon O'Berry, Jr., DDS",Dentist,,,,,400 Gresham Dr Ste 708,23507,General Dentistry,Primary (general),2,1083126320,2018,Ageing,NPPES NPI 1083126320,,,
B,Danjela Bratic Tart DDS Jared A Hoover DDS & M Scott Gore DDS PC,North Chesterfield,VA,(602) 703-8167,Danijela Bartic,Dentist,,,,,9015 Forest Hill Ave Ste C,23235,General Dentistry,Primary (general),1,1558984013,2020,Ageing,NPPES NPI 1558984013,,,
B,South Fork Dentistry PLLC,Purcellville,VA,(571) 335-7480,"Simren Mahal, DDS",Owner,,,,,723 E Main St,20132,General Dentistry,Primary (general),1,1265190417,2021,Ageing,NPPES NPI 1265190417,,,
B,"Vicki L Tibbs, Dds, PC",Quinton,VA,(804) 932-4537,"Vicki Tibbs, DDS",Dentist/president,,,,,2632 Pocahontas Trail,23141,General Dentistry,Primary (general),1,1538179213,2021,Ageing,NPPES NPI 1538179213,,,
B,Amy Ton DDS PLLC,Reston,VA,(703) 860-6700,"Amy Ton, DDS",Owner,,,,,11868 Sunrise Valley Dr Ste 100,20191,General Dentistry,Primary (general),1,1740793355,2017,Ageing,NPPES NPI 1740793355,,,
B,Fusion Dental,Reston,VA,(703) 860-3200,Jaime Byerly,Director,,,,,11107 Sunset Hills Rd Ste 111,20190,General Dentistry,Primary (general),1,1508445644,2021,Ageing,NPPES NPI 1508445644,,,
B,John Han,Reston,VA,(703) 757-6453,John Han,Doctor,,,,,11515 Sunrise Valley Dr,20191,General Dentistry,Primary (general),1,1578052288,2018,Ageing,NPPES NPI 1578052288,,,
B,Messina Canal Moawad DDS PC,Reston,VA,(703) 318-8200,"Emilio Canal, DDS",Secretary,,,,,1886 Metro Center Drive Suite 600,20190,General Dentistry,Primary (general),1,1437304649,2018,Ageing,NPPES NPI 1437304649,,,
B,Nadder M Hassan DDS,Reston,VA,(804) 912-6733,"Nadder Hassan, DDS",Dentist,,,,,11490 Commerce Park Dr Ste 110,20191,General Dentistry,Primary (general),1,1134782733,2019,Ageing,NPPES NPI 1134782733,,,
B,Nicholas A Muss DDS,Reston,VA,(703) 689-2697,Delmi George,Office Manager,,,,,11339 Sunset Hills Rd,20190,General Dentistry,Primary (general),2,1235585308,2016,Ageing,NPPES NPI 1235585308,,,
B,Reston Family Dentist Group PLLC,Reston,VA,(571) 423-7945,"Ali Miamee, DDS",President,,,,,1801 Robert Fulton Dr Suite 100,20191,General Dentistry,Primary (general),1,1265884423,2016,Ageing,NPPES NPI 1265884423,,,
B,Richard J Morgan D.D.S.P.C.,Reston,VA,(703) 437-7775,"Richard Morgan, D.D.S.",President,,,,,11250 Roger Bacon Dr #13,20190,General Dentistry,Primary (general),1,1144389511,2020,Ageing,NPPES NPI 1144389511,,,
B,Zacko & Shatluch Ltd,Reston,VA,(703) 471-6600,"George Zacko, DDS",Owner Dentist,,,,,1712 Clubhouse Road Suite 106,20190,General Dentistry,Primary (general),1,1356401822,2020,Ageing,NPPES NPI 1356401822,,,
B,"Adams, Adams, And Epperly DDS PC",Richmond,VA,(804) 285-1378,"William Adams, DDS",President,,,,,4315 Grove Avenue,23221,General Dentistry,Primary (general),1,1598851578,2016,Ageing,NPPES NPI 1598851578,,,
B,Allen Davia DDS,Richmond,VA,(804) 282-4429,"Allen Davia, DDS",Dentist/owner,,,,,501 Libbie Ave,23226,General Dentistry,Primary (general),1,1295286599,2016,Ageing,NPPES NPI 1295286599,,,
B,"Benjamin Crowley, DDS PC",Richmond,VA,(804) 266-4989,Benjamin Crowley,Dentist,,,,,6808 Stoneman Rd,23228,General Dentistry,Primary (general),1,1982247953,2019,Ageing,NPPES NPI 1982247953,,,
B,"Brent A Rusnak, D.d.s, P.c",Richmond,VA,(804) 262-1060,Brent Rusnak,Owner Dentist,,,,,7820 Shrader Rd,23294,General Dentistry,Primary (general),5,1255452942,2016,Ageing,NPPES NPI 1255452942,,,
B,"Brockton A Livick,dds., Clare M Stephens, Dds.,ltd.",Richmond,VA,(804) 282-9600,"Brockton Livick, DDS",President,,,,,5318 Patterson Ave Suite A,23226,General Dentistry,Primary (general),1,1821018342,2020,Ageing,NPPES NPI 1821018342,,,
B,Cade Dental Practice,Richmond,VA,(804) 233-2881,"Ronald Cade, DMD",Dentist,,,,,101 Cowardin Ave 206,23224,General Dentistry,Primary (general),1,1518187061,2020,Ageing,NPPES NPI 1518187061,,,
B,Charles J Hackett Jr DDS PC,Richmond,VA,(804) 288-9111,"Charles Hackett, DDS",President,,,,,2928 North Ave Second Floor,23222,General Dentistry,Primary (general),1,1356408777,2020,Ageing,NPPES NPI 1356408777,,,
B,"David C Circeo, DDS PC",Richmond,VA,(804) 262-9824,"David Circeo, DDS",Dentist/owner,,,,,6113 Lakeside Ave,23228,General Dentistry,Primary (general),2,1609318765,2016,Ageing,NPPES NPI 1609318765,,,
B,"Dr George A, Oley And Associates",Richmond,VA,(804) 379-6806,"George Oley, DDS",Owner Dentist,,,,,1907 Huguenot Rd Suite 200,23235,General Dentistry,Primary (general),1,1346395548,2020,Ageing,NPPES NPI 1346395548,,,
B,Dr Steven Evens DDS,Richmond,VA,(804) 282-6665,Steven Evens,Dentist,,,,,5311 Patterson Ave,23226,General Dentistry,Primary (general),2,1699227306,2016,Ageing,NPPES NPI 1699227306,,,
B,Drs Schroeder Stenger & Cole,Richmond,VA,(804) 320-7147,"Aloysius Stenger, DDS",Dentist Owner,,,,,7017 Old Jahnke Road,23225,General Dentistry,Primary (general),1,1316083256,2020,Ageing,NPPES NPI 1316083256,,,
B,"Frank D Bruni,d.d.s., Plc",Richmond,VA,(804) 272-4711,"Frank Bruni, D.D.S.",Owner,,,,,9220 Forest Hill Ave Suite A-6,23235,General Dentistry,Primary (general),1,1588709075,2020,Ageing,NPPES NPI 1588709075,,,
B,"Gloria Ward Dds, Ms, Mis, PC",Richmond,VA,(804) 270-7940,Gloria Ward,Dentist/owner,,,,,3701 Westerre Pkwy Suite D,23233,General Dentistry,Primary (general),1,1568901262,2017,Ageing,NPPES NPI 1568901262,,,
B,"Gregory G Gay, D.D.S.",Richmond,VA,(804) 275-1622,"Gregory Gay, D.D.S.",Owner,,,,,3900 Meadowdale Blvd,23234,General Dentistry,Primary (general),1,1669698999,2020,Ageing,NPPES NPI 1669698999,,,
B,"Gregory K Kontopanos, DDS & Associates, PC",Richmond,VA,(804) 275-7477,"Gregory Kontopanos, DDS",Dentist/owner,,,,,3525 Iron Bridge Rd,23234,General Dentistry,Primary (general),1,1003368119,2016,Ageing,NPPES NPI 1003368119,,,
B,"H Andrew Fratkin, Dds, PC",Richmond,VA,(804) 346-4066,"Howard Fratkin, DDS",Dentist/owner,,,,,2301 N Parham Rd Suite 2,23229,General Dentistry,Primary (general),1,1487105094,2016,Ageing,NPPES NPI 1487105094,,,
B,"Henry I Stewart Iv, DDS",Richmond,VA,(804) 740-9127,"Henry Stewart, DDS",Dentist/owner,,,,,12091 Gayton Rd,23238,General Dentistry,Primary (general),1,1730630815,2016,Ageing,NPPES NPI 1730630815,,,
B,J Scott Duff III DDS & Robert Y Cox DDS Ltd,Richmond,VA,(804) 355-3100,"Robert Cox, DDS",Dentist/owner,,,,,4909 Grove Avenue,23226,General Dentistry,Primary (general),2,1558812677,2016,Ageing,NPPES NPI 1558812677,,,
B,Jacqueline Johnson Curl DDS PC,Richmond,VA,(804) 264-4068,"Jacqueline Johnsoncurl, DDS",President,,,,,5007 Brook Rd,23227,General Dentistry,Primary (general),1,1619000270,2020,Ageing,NPPES NPI 1619000270,,,
B,"James F Londrey, DDS",Richmond,VA,(804) 358-2480,"James Londrey, DDS, FAGD",Dentist/owner,,,,,3605 Grove Ave,23221,General Dentistry,Primary (general),1,1982155677,2016,Ageing,NPPES NPI 1982155677,,,
B,John Kittrell DDS,Richmond,VA,(804) 359-6471,"John Kittrell, DDS",Owner/dentist,,,,,2600 Grove Ave,23220,General Dentistry,Primary (general),1,1093257693,2016,Ageing,NPPES NPI 1093257693,,,
B,"Joseph H Morgan, D.d.s., Ltd.",Richmond,VA,(804) 266-8769,Bronwyn Morgan,Office Administrator,,,,,2301 Hilliard Rd Suite 11,23228,General Dentistry,Primary (general),1,1205962230,2020,Ageing,NPPES NPI 1205962230,,,
B,"Kathryn S Finley-Parker D.d.s., Inc.",Richmond,VA,(804) 266-8547,"Kathryn Finley-Parker, D.D.S.",Owner,,,,,4807 Hermitage Rd Ste 101,23227,General Dentistry,Primary (general),1,1801908512,2020,Ageing,NPPES NPI 1801908512,,,
B,"Khushboo Jain Dds, PLLC",Richmond,VA,(804) 750-1284,"Khushboo Jain, DDS",Dentist/owner,,,,,2010 John Rolfe Pkwy,23238,General Dentistry,Primary (general),1,1982247300,2019,Ageing,NPPES NPI 1982247300,,,
B,Larson And Roelofs Family Dentistry Inc,Richmond,VA,(804) 323-3944,"David Larson, DDS",President,,,,,9327 Midlothian Turnpike Suite 1A,23235,General Dentistry,Primary (general),1,1003934464,2020,Ageing,NPPES NPI 1003934464,,,
B,M.D. Norton Inc.,Richmond,VA,(804) 320-2009,Joni Rogers,Insurance Coordinator,,,,,10047 Midlothian Tpke,23235,General Dentistry,Primary (general),2,1134240237,2020,Ageing,NPPES NPI 1134240237,,,
B,Mark Freeman DDS And Associates,Richmond,VA,(804) 270-3080,"Mark Freeman, DDS",Dentist Owner,,,,,3290 Church Road,23233,General Dentistry,Primary (general),1,1285643007,2020,Ageing,NPPES NPI 1285643007,,,
B,"McComb & Stewart Dentistry, P.C.",Richmond,VA,(804) 643-6665,"Timothy Stewart, D.M.D.",Dentist,,,,,530 E Main St Suite 720,23219,General Dentistry,Primary (general),1,1902967649,2020,Ageing,NPPES NPI 1902967649,,,
B,P Stuart Cox DDS Inc,Richmond,VA,(804) 222-8140,"P Cox, DDS",Prisident,,,,,4788 Finlay St,23231,General Dentistry,Primary (general),2,1346307162,2020,Ageing,NPPES NPI 1346307162,,,
B,"Reynolds Family Dentistry, Plc",Richmond,VA,(804) 282-8712,"John Reynolds, DDS",President/owner,,,,,5700 Old Richmond Ave Suite A-3,23226,General Dentistry,Primary (general),1,1386038610,2015,Ageing,NPPES NPI 1386038610,,,
B,Richmond City Dentistry,Richmond,VA,(804) 658-5665,"Majd Babik, DDS",Owner,,,,,1517 W Broad St,23220,General Dentistry,Primary (general),1,1023509908,2018,Ageing,NPPES NPI 1023509908,,,
B,Richmond Pediatric Dentistry And Orthodontics,Richmond,VA,(804) 740-7281,Elizabeth Parks,Financial Coordinator,,,,,8503 Patterson Ave Ste G,23229,General Dentistry,Primary (general),1,1083188908,2019,Ageing,NPPES NPI 1083188908,,,
B,Rupal Shah DMD PC,Richmond,VA,(804) 261-1970,"Rupal Shah, DDS",Owner,,,,,2314 E Parham Rd,23228,General Dentistry,Primary (general),1,1639483159,2016,Ageing,NPPES NPI 1639483159,,,
B,Sam E English II DDS LLC,Richmond,VA,(804) 358-0001,"Sam English, D.D.S.",Dentist,,,,,3500 Grove Ave Suite 104,23221,General Dentistry,Primary (general),1,1194848200,2020,Ageing,NPPES NPI 1194848200,,,
B,Short Pump Family Dentistry,Richmond,VA,(804) 833-3432,"Yun Tse, DDS",Owner,,,,,201 Towne Center West Blvd Suite 709,23233,General Dentistry,Primary (general),1,1568822872,2016,Ageing,NPPES NPI 1568822872,,,
B,Soothing Dental Care,Richmond,VA,(804) 754-2020,Fiorella Carrillo,Patient Coordinator,,,,,2008 John Rolfe Pkwy,23238,General Dentistry,Primary (general),1,1104209345,2015,Ageing,NPPES NPI 1104209345,,,
B,Sujit K Mohanty DDS PC,Richmond,VA,(804) 527-1008,"Sujit Mohanty, DDS",Owner,,,,,1782 N Parham Rd,23229,General Dentistry,Primary (general),1,1184095358,2015,Ageing,NPPES NPI 1184095358,,,
B,"Travis L Mueller, Dds, PC",Richmond,VA,(804) 360-1800,"Travis Mueller, DDS",President,,,,,3424 Lauderdale Dr,23233,General Dentistry,Primary (general),2,1689032641,2016,Ageing,NPPES NPI 1689032641,,,
B,"Vcu Dental Faculty Practice, LLC",Richmond,VA,(804) 828-3368,Kimberly Jacobs,Director Of Finance,dentalcare@vcu.edu,NPPES federal registry filing,,,521 N 11TH St,23298,General Dentistry,Primary (general),1,1568037471,2021,Ageing,NPPES NPI 1568037471,,,
B,William F Reames DDS PC,Richmond,VA,(804) 288-4941,"William Reames, DDS",Dentist Pres Of William F Reames Dd,,,,,5700 West Grace St Suite #101,23226,General Dentistry,Primary (general),1,1780898270,2020,Ageing,NPPES NPI 1780898270,,,
B,William Way Ltd,Richmond,VA,(804) 288-0948,William Way,Dentist,,,,,118 Libbie Ave,23226,General Dentistry,Primary (general),1,1548771959,2017,Ageing,NPPES NPI 1548771959,,,
B,"Anne Newman, Dds, PC",Roanoke,VA,(540) 344-6535,"Anne Newman, DDS",Owner,,,,,212 Highland Ave SW,24016,General Dentistry,Primary (general),1,1700240868,2016,Ageing,NPPES NPI 1700240868,,,
B,"Drs. Harrison & Ryan - Peters Creek Dentistry, PLLC",Roanoke,VA,(540) 562-4001,Chad Hendricks,Credentialing,,,,,2945 Peters Creek Rd NW,24019,General Dentistry,Primary (general),1,1770249757,2021,Ageing,NPPES NPI 1770249757,,,
B,Grandin Family Dentistry,Roanoke,VA,(540) 344-9361,"Thomas Gallaher, DDS",Owner,,,,,1602 Grandin Rd SW,24015,General Dentistry,Primary (general),1,1073101820,2021,Ageing,NPPES NPI 1073101820,,,
B,James D Reynolds DDS Ltd,Roanoke,VA,(540) 769-6370,"James Reynolds, DDS",Owner,,,,,5000 Brambleton Avenue,24018,General Dentistry,Primary (general),1,1760682603,2020,Ageing,NPPES NPI 1760682603,,,
B,"Lynch, Dickey, And Singleton,dentists Inc.",Roanoke,VA,(540) 343-5521,"Richard Lynch, DDS",President,,,,,1315 2ND St SW Suite 100,24016,General Dentistry,Primary (general),1,1760466205,2020,Ageing,NPPES NPI 1760466205,,,
B,"Mary Disa Allen, Dds, PC",Roanoke,VA,(540) 362-3846,"Mary Disa Allen, DDS",President,,,,,6232 Peters Creek Rd,24019,General Dentistry,Primary (general),2,1144769837,2017,Ageing,NPPES NPI 1144769837,,,
B,McDonald Family Dentistry LLC,Roanoke,VA,(540) 342-7221,"Benjamin McDonald, DDS",Dentist/practice Owner,,,,,3310 Franklin Rd SW,24014,General Dentistry,Primary (general),1,1750825378,2017,Ageing,NPPES NPI 1750825378,,,
B,Okeef & Hinrichs DDS PC,Roanoke,VA,(540) 772-9515,"Edward Okeefe, DDS",President,,,,,4102 Electric Rd SW,24018,General Dentistry,Primary (general),1,1790764595,2020,Ageing,NPPES NPI 1790764595,,,
B,"Steven N Anama, Dds, PC",Roanoke,VA,(540) 776-6555,"Steven Anama, D.D.S.",President,,,,,4119 Brandon Ave SW,24018,General Dentistry,Primary (general),1,1538215421,2020,Ageing,NPPES NPI 1538215421,,,
B,"Williamson Road Dental, LLC",Roanoke,VA,(540) 339-9338,"Henry Nardea, D.D.S.",Member,,,,,1502 Williamson Rd NE Suite C,24012,General Dentistry,Primary (general),1,1306290937,2016,Ageing,NPPES NPI 1306290937,,,
B,Dr Barry Van Orman DDS PC,Smithfield,VA,(757) 357-9640,"Barry Van Orman, DDS",Owner,,,,,225 Battery Park Rd,23430,General Dentistry,Primary (general),1,1467527945,2020,Ageing,NPPES NPI 1467527945,,,
B,Ahmed Elghobashi,Springfield,VA,(703) 451-1656,"Ahmed Elghobashi, D.D.S",President,,,,,6120 Brandon Ave Ste 214,22150,General Dentistry,Primary (general),1,1265802912,2015,Ageing,NPPES NPI 1265802912,,,
B,Bogacki & Bogacki DDS PC,Springfield,VA,(703) 451-2867,"Russell Bogacki, DDS",President,,,,,8344 Traford Ln,22152,General Dentistry,Primary (general),1,1730391475,2020,Ageing,NPPES NPI 1730391475,,,
B,"Deena Hadithi Dmd, PC",Springfield,VA,(703) 644-7300,"Deena Hadithi, DMD",President,,,,,7210 Old Keene Mill Rd Ste 3,22150,General Dentistry,Primary (general),2,1720624307,2019,Ageing,NPPES NPI 1720624307,,,
B,"Dental Associates Of Northern Virginia Fairfax, PLLC",Springfield,VA,(703) 750-9404,Mike Cole,Vp Insurance Plan Management,,,,,5417 Backlick Rd Suite D,22151,General Dentistry,Primary (general),1,1316309412,2016,Ageing,NPPES NPI 1316309412,,,
B,"Dental Professionals Of Virginia, P.C.",Springfield,VA,(703) 879-6939,Tabatha Lemke,Credentialing Coordinator,,,,,7015 Old Keene Mill Rd Ste 101,22150,General Dentistry,Primary (general),2,1356969034,2020,Ageing,NPPES NPI 1356969034,,,
B,"Dental Professionals Of Virginia, P.c",Springfield,VA,(703) 354-8811,Carmen Woods,Insurance/credentialing,,,,,5312 Carolina Place,22151,General Dentistry,Primary (general),1,1922244813,2016,Ageing,NPPES NPI 1922244813,,,
B,"Ethel Lea Watson, D.m.d., M.a.,p.c",Springfield,VA,(703) 752-2500,"Ethel Watson, DMD",Dentist,,,,,6828 Commerce St Suite 104,22150,General Dentistry,Primary (general),1,1083715387,2020,Ageing,NPPES NPI 1083715387,,,
B,Graceful Smiles LLC,Springfield,VA,(703) 451-3303,Andrew Kim,Manager,,,,,6120 Brandon Ave Ste 317,22150,General Dentistry,Primary (general),1,1740886860,2020,Ageing,NPPES NPI 1740886860,,,
B,Gregory M Ivy DDS And Cecilia Ykeda DDS Plc,Springfield,VA,(703) 644-5955,"Cecilia Ykeda, DDS",Dentist,,,,,8342 Traford Lane,22152,General Dentistry,Primary (general),1,1891867503,2020,Ageing,NPPES NPI 1891867503,,,
B,"Jason W Dulac, Dds, PLLC",Springfield,VA,(703) 451-4500,"Jason Dulac, DDS",Owner,,,,,6124 Brandon Ave,22150,General Dentistry,Primary (general),1,1528501988,2016,Ageing,NPPES NPI 1528501988,,,
B,Pearly Whites Family Dental,Springfield,VA,(703) 992-7778,Agustina Mustafa,Office Manager,,,,,7227 Commerce St,22150,General Dentistry,Primary (general),1,1114357498,2016,Ageing,NPPES NPI 1114357498,,,
B,"Peter K Cocolis, DMD And Associates, PLLC",Springfield,VA,(703) 912-3800,"Peter Cocolis, DMD",Dentist/owner,,,,,5803 Rolling Rd Suite 211,22152,General Dentistry,Primary (general),1,1568836526,2015,Ageing,NPPES NPI 1568836526,,,
B,Kkmp Inc,Sterling,VA,(703) 421-8988,"Kourosh Kiapour, DDS",Owner,,,,,46396 Benedict Drive #230,20164,General Dentistry,Primary (general),1,1356445423,2020,Ageing,NPPES NPI 1356445423,,,
B,"Anthony A Elgohary, Dmd, PLLC",Suffolk,VA,(757) 484-4197,Karen Ricks,Office Manager,,,,,5131 River Club Dr Suite 220,23435,General Dentistry,Primary (general),1,1801335989,2017,Ageing,NPPES NPI 1801335989,,,
B,"Dental Professionals Of Virginia, P.C.",Suffolk,VA,(757) 663-5716,Carmen Woods,Insurance,,,,,6255 College Dr Suite E,23435,General Dentistry,Primary (general),1,1073901161,2015,Ageing,NPPES NPI 1073901161,,,
B,"Harbour View Dental Center, Plc",Suffolk,VA,(757) 686-3636,"Ralph Howell, DDS",Dentist Owner,,,,,5837 Harbour View Blvd,23435,General Dentistry,Primary (general),1,1063621845,2020,Ageing,NPPES NPI 1063621845,,,
B,"Heriford And Heriford, Dds, PC",Suffolk,VA,(757) 539-1492,"Susan Heriford, DDS",Owner,,,,,2003 Meade Pkwy,23434,General Dentistry,Primary (general),1,1649289414,2020,Ageing,NPPES NPI 1649289414,,,
B,James Alan Taylor,Suffolk,VA,(757) 539-2998,Pamela Sadler,Receptionist,,,,,1622 Holland Rd,23434,General Dentistry,Primary (general),1,1730380189,2020,Ageing,NPPES NPI 1730380189,,,
B,"Steve A Gwaltney, DDS PC",Suffolk,VA,(757) 539-3021,"Steve Gwaltney, DDS",Dentist,,,,,2486 Pruden Blvd,23434,General Dentistry,Primary (general),1,1750833182,2016,Ageing,NPPES NPI 1750833182,,,
B,"Alexander Osinovsky, DDS PC",Vienna,VA,(703) 848-8906,"Alexander Osinovsky, DDS",Director/ Practice Owner,,,,,8230 Boone Blvd Suite 410,22182,General Dentistry,Primary (general),1,1609953728,2020,Ageing,NPPES NPI 1609953728,,,
B,Bradley & Sevilla DMD PC,Vienna,VA,(703) 242-8416,"Maria Sevilla, D.M.D.",Owner,,,,,307 Maple Ave W Ste G,22180,General Dentistry,Primary (general),1,1699889782,2020,Ageing,NPPES NPI 1699889782,,,
B,Capital Esthetics And Family Dentistry Plc,Vienna,VA,(704) 255-0040,"Diane Pham, DDS",Dentist,,,,,133 Maple Ave E #204,22180,General Dentistry,Primary (general),1,1598153058,2015,Ageing,NPPES NPI 1598153058,,,
B,"Covel,stack And Henon, Dds,pc",Vienna,VA,(703) 938-2000,"Jerome Covel, DDS",President,,,,,120 Beulah Rd NE,22180,General Dentistry,Primary (general),2,1649290560,2020,Ageing,NPPES NPI 1649290560,,,
B,Dmv Smile LLC,Vienna,VA,(917) 705-2310,Aman Sachdev,Dentist,,,,,8314 Stonewall Dr,22180,General Dentistry,Primary (general),1,1891151874,2016,Ageing,NPPES NPI 1891151874,,,
B,"Eyad Albarq Dds., PC",Vienna,VA,(571) 282-3939,"Eyad Albarq, DDS",President,,,,,8603 Westwood Center Dr Suite 310,22182,General Dentistry,Primary (general),1,1396125001,2015,Ageing,NPPES NPI 1396125001,,,
B,F Iravani DMD PLLC,Vienna,VA,(703) 848-8448,"Faridem Iravani, DMD",Dentist/provider/owner,,,,,1964 Gallows Rd Ste 220,22182,General Dentistry,Primary (general),1,1770591695,2020,Ageing,NPPES NPI 1770591695,,,
B,Gd VA PLLC,Vienna,VA,(703) 938-0212,David Rowe,Integration Specialist,,,,,2553 Chain Bridge Rd,22181,General Dentistry,Primary (general),2,1871139519,2019,Ageing,NPPES NPI 1871139519,,,
B,Iris Dental Care,Vienna,VA,(703) 865-8455,Sawsan Abousy,Owner,,,,,305 Maple Ave W Suite E,22180,General Dentistry,Primary (general),2,1942654199,2016,Ageing,NPPES NPI 1942654199,,,
B,"Kanaka Sriram, D.d.s., P.C.",Vienna,VA,(703) 255-2326,"Kanaka Sriram, D.D.S.",Dentist,,,,,410 Maple Ave W Suite 2,22180,General Dentistry,Primary (general),1,1104038546,2020,Ageing,NPPES NPI 1104038546,,,
B,Kanbaragha DDS PLLC,Vienna,VA,(703) 714-7374,Jeff Lim,Office Manager,,,,,8300 Boone Blvd Suite 140,22182,General Dentistry,Primary (general),1,1396212254,2018,Ageing,NPPES NPI 1396212254,,,
B,"Pham, Biga & Maloney, PLLC",Vienna,VA,(703) 281-1090,"Tuan Pham, D.M.D.",Member,,,,,307 Maple Ave W Suite M,22180,General Dentistry,Primary (general),2,1437684263,2017,Ageing,NPPES NPI 1437684263,,,
B,"Adrian M Laxa, Dds, PC",Virginia Beach,VA,(757) 497-0450,"Adrian Laxa, DDS",Dentist,,,,,4540 Princess Anne Rd Ste 101,23462,General Dentistry,Primary (general),1,1306314885,2018,Ageing,NPPES NPI 1306314885,,,
B,Althouse Family Dentistry PLLC,Virginia Beach,VA,(757) 497-4746,Elliott Althouse,Dentist,,,,,337 Edwin Dr Ste 101,23462,General Dentistry,Primary (general),2,1649747080,2021,Ageing,NPPES NPI 1649747080,,,
B,Amrish Patel,Virginia Beach,VA,(757) 490-3111,"Amrish Patel, DMD",Dentist,,,,,1209 Independence Blvd Ste 110,23455,General Dentistry,Primary (general),3,1790299139,2017,Ageing,NPPES NPI 1790299139,,,
B,Asra R Javeed DMD PC,Virginia Beach,VA,(757) 498-6420,"Asra Javeed, DMD",Dentist,,,,,4312 Holland Rd Ste 108,23452,General Dentistry,Primary (general),2,1346884400,2019,Ageing,NPPES NPI 1346884400,,,
B,Atlantic Dental Care Plc,Virginia Beach,VA,(757) 467-8181,"Estelito Santos, DDS",Owner,,,,,1300 Kempsville Rd Ste 1,23464,General Dentistry,Primary (general),4,1679238240,2021,Ageing,NPPES NPI 1679238240,,,
B,Atlantic Family Dentistry PLLC,Virginia Beach,VA,(919) 623-6692,"Muhanad Salem, DMD",Dentist,,,,,4867 Baxter Rd Suite #101,23462,General Dentistry,Primary (general),1,1063880771,2015,Ageing,NPPES NPI 1063880771,,,
B,Bredologos Family Dentistry,Virginia Beach,VA,(757) 425-1828,"Maria Mendrinos, D.D.S.",President,,,,,1917 Laskin Rd Ste 106,23454,General Dentistry,Primary (general),1,1649305467,2020,Ageing,NPPES NPI 1649305467,,,
B,"Bright Smiles, DDS PC",Virginia Beach,VA,(757) 497-8611,"Lida Sadr, DDS",Owner,,,,,1444 Kempsville Rd Suite 101,23464,General Dentistry,Primary (general),3,1194180760,2015,Ageing,NPPES NPI 1194180760,,,
B,Cappy Sinclair DDS PLLC,Virginia Beach,VA,(757) 222-3731,"John Sinclair, DDS",President,,,,,4667 Haygood Rd #501,23455,General Dentistry,Primary (general),2,1619328515,2016,Ageing,NPPES NPI 1619328515,,,
B,Charles S Llewellyn III DDS PC,Virginia Beach,VA,(757) 428-2571,"Charles Llewellyn, DDS",President,,,,,1729 Wildwood Dr #104,23454,General Dentistry,Primary (general),2,1962610873,2016,Ageing,NPPES NPI 1962610873,,,
B,"David R Groy, Dmd, PLLC",Virginia Beach,VA,(757) 491-8075,"David Groy, DMD",Owner/dentist,,,,,933 First Colonial Rd Ste 104,23454,General Dentistry,Primary (general),3,1952068686,2021,Ageing,NPPES NPI 1952068686,,,
B,Debra A Davis DDS,Virginia Beach,VA,(757) 464-0723,"Debra Davis, DDS",Dentist,,,,,1020 Independence Blvd Suite 113,23455,General Dentistry,Primary (general),1,1487635991,2020,Ageing,NPPES NPI 1487635991,,,
B,"Dennis F Howard, Dds, Allen H White, Iii, Dds, PC",Virginia Beach,VA,(757) 428-6656,Jane Haley,Office Manager,,,,,501 21ST St,23451,General Dentistry,Primary (general),1,1972554749,2020,Ageing,NPPES NPI 1972554749,,,
B,"Dental Professionals Of Virginia, P.C.",Virginia Beach,VA,(757) 416-5977,Hillary Thull,Credentialing Coordinator,,,,,904 Kempsville Rd Ste 103,23464,General Dentistry,Primary (general),8,1386300630,2021,Ageing,NPPES NPI 1386300630,,,
B,"Dental Professionals Of Virginia, P.C.",Virginia Beach,VA,(757) 644-4857,Carmen Woods,Credentialing Coordinator,,,,,2105 Princess Anne Rd 108,23456,General Dentistry,Primary (general),1,1205217817,2015,Ageing,NPPES NPI 1205217817,,,
B,"Downs Dental Care, PLLC",Virginia Beach,VA,(757) 428-8404,"Rebecca Downs, DMD",Dentist,,,,,1825 Colonial Medical Ct,23454,General Dentistry,Primary (general),1,1053821983,2017,Ageing,NPPES NPI 1053821983,,,
B,"Dr Elizabeth J Resnick, D.d.s., P.C.",Virginia Beach,VA,(757) 428-5543,"Elizabeth Resnick, D.D.S.",President,,,,,1092 Laskin Rd Suite 110,23451,General Dentistry,Primary (general),1,1841376654,2020,Ageing,NPPES NPI 1841376654,,,
B,Dr Jeffrey R Leidy PC,Virginia Beach,VA,(757) 463-1500,"Jeffrey Leidy, DMD",Owner President,,,,,1301 First Colonial Blvd,23454,General Dentistry,Primary (general),4,1538255492,2020,Ageing,NPPES NPI 1538255492,,,
B,Dr Kevin Finnerty,Virginia Beach,VA,(757) 424-6644,"Kevin Finnerty, DDS",Owner,,,,,5505 Indian River Rd,23464,General Dentistry,Primary (general),1,1649303611,2020,Ageing,NPPES NPI 1649303611,,,
B,Dr Paul M Brickman Ltd.,Virginia Beach,VA,(757) 499-9839,"Paul Brickman, D.D.S.",President,,,,,351 Edwin Dr Suite 103,23462,General Dentistry,Primary (general),1,1396876223,2020,Ageing,NPPES NPI 1396876223,,,
B,Dr Robert Iervolino DDS PC,Virginia Beach,VA,(757) 495-2100,"Robert Iervolino, DDS",President,,,,,987 Providence Square,23464,General Dentistry,Primary (general),1,1982730347,2020,Ageing,NPPES NPI 1982730347,,,
B,"Drs. Shiflet, Cox And Morgan, Plc",Virginia Beach,VA,(757) 340-7602,"Harvey Shiflet, D.D.S.",Partner,,,,,3145 Virginia Beach Blvd Suite 104,23452,General Dentistry,Primary (general),2,1982687562,2020,Ageing,NPPES NPI 1982687562,,,
B,"E James Reitano, DDS",Virginia Beach,VA,(757) 424-0184,Lyn Reitano,Office Manager,,,,,6062 Indian River Rd Suite 103,23464,General Dentistry,Primary (general),1,1215463963,2017,Ageing,NPPES NPI 1215463963,,,
B,East Coast Centre For Cosmetic Dentistry And Facial Aesthetics,Virginia Beach,VA,(757) 481-3305,"Stanley Chickey, DDS",President,,,,,3304 Arctic Ave,23451,General Dentistry,Primary (general),1,1558850776,2018,Ageing,NPPES NPI 1558850776,,,
B,"Gary Newell, D.d.s., Inc.",Virginia Beach,VA,(757) 420-1507,"Gary Newell, D.D.S.",President,,,,,5333 Indian River Rd,23464,General Dentistry,Primary (general),2,1326267881,2020,Ageing,NPPES NPI 1326267881,,,
B,"Gladstone & Salerno, Dds,pc",Virginia Beach,VA,(757) 424-3657,"Myron Gladstone, DDS",Dentist,,,,,5318 Providence Rd,23464,General Dentistry,Primary (general),1,1962431643,2020,Ageing,NPPES NPI 1962431643,,,
B,Good Neighbor Dental At Great Neck,Virginia Beach,VA,(757) 481-3000,Sheryl Brown,Director Of Operatios,,,,,2865 Lynnhaven Dr Suite C-4,23451,General Dentistry,Primary (general),1,1245612514,2015,Ageing,NPPES NPI 1245612514,,,
B,Good Neighbor Dental At Red Mill,Virginia Beach,VA,(757) 563-9111,Sheryl Brown,Director Of Operations,,,,,2133 Upton Dr Suite 120,23454,General Dentistry,Primary (general),1,1790174654,2015,Ageing,NPPES NPI 1790174654,,,
B,"Hoek Esthetic Family Dentistry, Inc",Virginia Beach,VA,(757) 689-3355,"Meredith Hoek, DDS",Dentist,,,,,1169 Nimmo Pkwy Ste 242,23456,General Dentistry,Primary (general),1,1396259552,2017,Ageing,NPPES NPI 1396259552,,,
B,"J Matthew Hogendobler, D.M.D.",Virginia Beach,VA,(757) 481-5454,"J Hogendobler, B.S., D.M.D.",Owner,,,,,1729 Wildwood Dr Ste 104 Linkhorn Point Professional Center,23454,General Dentistry,Primary (general),1,1972641561,2020,Ageing,NPPES NPI 1972641561,,,
B,James J Bukovac DDS PC,Virginia Beach,VA,(757) 631-9700,"James Bukovac, DDS",President,,,,,3933 Bonney Rd,23452,General Dentistry,Primary (general),3,1427104603,2020,Ageing,NPPES NPI 1427104603,,,
B,"Julie Ball, DMD",Virginia Beach,VA,(757) 427-1600,Amanda McLaughlin,Manager,,,,,1515 Lynnhaven Pkwy,23453,General Dentistry,Primary (general),1,1043698145,2015,Ageing,NPPES NPI 1043698145,,,
B,"Lefcoe,weinstein,sachs,schiff",Virginia Beach,VA,(757) 962-6769,Sarah Lascara,Insurance Manager,,,,,904 Kempsville Rd,23464,General Dentistry,Primary (general),2,1265592794,2020,Ageing,NPPES NPI 1265592794,,,
B,"Lefcoe,weinstein,sachs,schiff",Virginia Beach,VA,(757) 412-1114,Sarah Lascara,Insurance Manager,,,,,1157 First Colonial Rd,23454,General Dentistry,Primary (general),1,1508928102,2020,Ageing,NPPES NPI 1508928102,,,
B,"Patricia A Lott, Dds, P.C.",Virginia Beach,VA,(757) 499-4707,"Patricia Lott, DDS",Dentist,,,,,762 Independence Blvd Ste 794,23455,General Dentistry,Primary (general),1,1205974557,2020,Ageing,NPPES NPI 1205974557,,,
B,"Randall I Furman, Dds, Plc",Virginia Beach,VA,(757) 468-4684,"Randall Furman, DDS",Owner/dentist,,,,,879 Lynnhaven Pkwy Suite 109,23452,General Dentistry,Primary (general),1,1689129215,2016,Ageing,NPPES NPI 1689129215,,,
B,Rashmi Bhatt DDS PC,Virginia Beach,VA,(757) 523-0898,"Rashmi Bhatt, D.D.S.",Dentist,,,,,5660 Indian River Rd Ste 114,23464,General Dentistry,Primary (general),2,1558831040,2018,Ageing,NPPES NPI 1558831040,,,
B,Robert D Wernick DDS PC,Virginia Beach,VA,(757) 427-2212,"Robert Wernick, DDS",President Owner,,,,,2004 Sandbridge Rd Suite 100,23456,General Dentistry,Primary (general),2,1487787404,2020,Ageing,NPPES NPI 1487787404,,,
B,Ronald C Fuhrmann,Virginia Beach,VA,(757) 499-8465,"Ronald Fuhrmann, D.D.S.",Dentist,,,,,216 Business Park Dr Suite A,23462,General Dentistry,Primary (general),1,1497091722,2017,Ageing,NPPES NPI 1497091722,,,
B,Ronald I Lefton DDS PC,Virginia Beach,VA,(757) 467-6000,"Ronald Lefton, DDS",President Dentist,,,,,4732 Larkspur,23462,General Dentistry,Primary (general),2,1225176589,2020,Ageing,NPPES NPI 1225176589,,,
B,The Doctors Berger Family Dentistry,Virginia Beach,VA,(757) 498-7878,Misty Hoggard,Practice Manager,,,,,2404 Virginia Beach Blvd Suite 106,23454,General Dentistry,Primary (general),1,1376928739,2015,Ageing,NPPES NPI 1376928739,,,
B,"The Foleck Center, Ltd.",Virginia Beach,VA,(757) 965-7696,Elizabeth Merkel,Insurance Manager,,,,,1436 S Independence Blvd 100,23462,General Dentistry,Primary (general),3,1477098960,2017,Ageing,NPPES NPI 1477098960,,,
B,Thomas A McKee DDS PC,Virginia Beach,VA,(757) 499-2444,Linda Entrekin,Office Manager,,,,,5261 Challedon Drive,23462,General Dentistry,Primary (general),2,1295893949,2020,Ageing,NPPES NPI 1295893949,,,
B,Adam Dental Care,Woodbridge,VA,(703) 221-9759,Ibrahim Elgarawany,Owner,,,,,16689 River Ridge Blvd,22191,General Dentistry,Primary (general),1,1588120224,2019,Ageing,NPPES NPI 1588120224,,,
B,Admire Dental Care PLLC,Woodbridge,VA,(571) 316-5512,Judith Eugene,DDS,,,,,14086 Jefferson Davis Highway,22191,General Dentistry,Primary (general),1,1174972590,2016,Ageing,NPPES NPI 1174972590,,,
B,Aline Dental Associates PC,Woodbridge,VA,(703) 910-4805,"Sindhura Uppalapati, DDS",Director/owner,,,,,14904 Jefferson Davis Hwy Suite 304,22191,General Dentistry,Primary (general),1,1508252313,2016,Ageing,NPPES NPI 1508252313,,,
B,Anderson Dental Associates II PLLC,Woodbridge,VA,(703) 670-5414,"Joshua Anderson, DDS",Owner,,,,,14007 Minnieville Rd,22193,General Dentistry,Primary (general),1,1013368398,2016,Ageing,NPPES NPI 1013368398,,,
B,Christine Mai DDS Of Woodbridge Inc,Woodbridge,VA,(571) 285-5023,"Christine Mai, DDS",President,,,,,13885 Hedgewood Dr Suite 209,22193,General Dentistry,Primary (general),1,1720446099,2016,Ageing,NPPES NPI 1720446099,,,
B,Daniel Dafo DDS PLLC,Woodbridge,VA,(703) 382-6545,"Daniel Dafo, DDS",Owner,,,,,4391 Ridgewood Center Dr Unit 1C,22192,General Dentistry,Primary (general),2,1104332295,2017,Ageing,NPPES NPI 1104332295,,,
B,"Dr Marilyn Coleman, DDS PC",Woodbridge,VA,(703) 492-0080,Tahmika Harris,Office Manager,,,,,2200 Opitz Blvd Suite 220,22191,General Dentistry,Primary (general),1,1134276819,2020,Ageing,NPPES NPI 1134276819,,,
B,"Hanna Hanania Dds,pc",Woodbridge,VA,(703) 897-8554,Christal Allen-Roark,Practice Administrator,,,,,4319 Dale Blvd,22193,General Dentistry,Primary (general),1,1699153619,2015,Ageing,NPPES NPI 1699153619,,,
B,"Impact Dental Care Woodbridge, PLLC",Woodbridge,VA,(703) 576-8700,Harpreet Kaur,Manager,,,,,"2701 Neabsco Common Place, Unit 126",22191,General Dentistry,Primary (general),1,1568030161,2021,Ageing,NPPES NPI 1568030161,,,
B,"Kambiz And Kamran Tavakkoli Dmd, PC",Woodbridge,VA,(703) 494-3176,"Kambiz Tavakkoli, DMD",Doctor,,,,,12500 Lake Ridge Dr,22192,General Dentistry,Primary (general),1,1497871057,2020,Ageing,NPPES NPI 1497871057,,,
B,"Kevin James Salinas, Dds, PC",Woodbridge,VA,(703) 494-2226,"Kevin Salinas, DDS",Owner/ President,kevin.j.salinas.dds@gmail.com,NPPES federal registry filing,,,4893 Prince William Pkwy Ste 101,22192,General Dentistry,Primary (general),1,1295343739,2020,Ageing,NPPES NPI 1295343739,,,
B,Khattab Uthman Dental Associates,Woodbridge,VA,(703) 372-5665,Samer Khattab,Consultant,,,,,"14338 Gideon Dr,",22192,General Dentistry,Primary (general),1,1114378544,2017,Ageing,NPPES NPI 1114378544,,,
B,M Minnieville Dental Care PLLC,Woodbridge,VA,(703) 878-8000,Gelly Rivas Osorio,Operations Manager,guestservices@momentumdentalcare.com,NPPES federal registry filing,,,14389 Hereford Rd,22193,General Dentistry,Primary (general),2,1952907842,2021,Ageing,NPPES NPI 1952907842,,,
B,"Mapledale Family Dentistry, P.C.",Woodbridge,VA,(703) 580-9900,Reena Chaudhary,Office Manager,,,,,5812 Mapledale Plz,22193,General Dentistry,Primary (general),1,1831855881,2021,Ageing,NPPES NPI 1831855881,,,
B,Rita D Wright D.m.d PLLC,Woodbridge,VA,(703) 878-7883,"Rita Wright, DMD",Provider,,,,,3985 Prince William Pkwy Ste 103,22192,General Dentistry,Primary (general),1,1558759217,2019,Ageing,NPPES NPI 1558759217,,,
B,"Robert E Schell, D.d.s., P.C.",Woodbridge,VA,(703) 494-4490,"Robert Schell, D.D.S.",President,,,,,12739 Directors Loop,22192,General Dentistry,Primary (general),2,1841405685,2020,Ageing,NPPES NPI 1841405685,,,
B,Said & Sultanzada DDS PC,Woodbridge,VA,(703) 499-9902,Yama Sultanzada,DDS President,,,,,2070 Old Bridge Rd #201,22192,General Dentistry,Primary (general),1,1457419905,2020,Ageing,NPPES NPI 1457419905,,,
B,Sebastian Bouroncle Dds-1 PLLC,Woodbridge,VA,(703) 494-0820,Virginia De Castro,Office Manager,,,,,1900 Opitz Blvd Ste C,22191,General Dentistry,Primary (general),1,1740667799,2015,Ageing,NPPES NPI 1740667799,,,
B,Ykim Dental,Woodbridge,VA,(703) 801-6991,"Yonghyun Kim, D.M.D.",President/director,,,,,2680 Optiz Blvd Suite 120,22192,General Dentistry,Primary (general),1,1104391614,2018,Ageing,NPPES NPI 1104391614,,,
B,Hampton Roads Dental Group,Yorktown,VA,(757) 877-9281,Aleksandra Soldo,Administrator,,,,,3120 Kiln Creek Pkwy Ste I,23693,General Dentistry,Primary (general),1,1871030502,2017,Ageing,NPPES NPI 1871030502,,,
B,"Ackerman & Associates Of Alexandria, Dds, LLC",Alexandria,VA,(703) 931-0200,Jeffery Ackerman,Owner/ Dentist,,,,,5055 Seminary Rd Suite 105,22311,General Dentistry,Primary (general),1,1639405558,2011,Stale,NPPES NPI 1639405558,,,
B,Advanced Dental Care PLLC,Alexandria,VA,(703) 578-1700,Cynthia Nunez,Billing Manager,,,,,1707 Osage St Ste 402,22302,General Dentistry,Primary (general),2,1548691231,2013,Stale,NPPES NPI 1548691231,,,
B,Alexandria Advanced Dentistry,Alexandria,VA,(703) 751-7300,"Yodit Beyene, D.D.S.",Owner,,,,,4660 Kenmore Ave Suite #318,22304,General Dentistry,Primary (general),3,1356617773,2012,Stale,NPPES NPI 1356617773,,,
B,"Alexandria Dental Center, PLLC",Alexandria,VA,(571) 970-3783,"Shiva Kermanshi, DMD",Orthodontist,,,,,715 Pendleton St,22314,General Dentistry,Primary (general),1,1093048654,2009,Stale,NPPES NPI 1093048654,,,
B,"Alexandria Pediatric Dentistry, Plc",Alexandria,VA,(571) 257-5744,"Joseph Lopez, D.M.D, M.P.H.",Owner,,,,,3223 Duke St Suite A,22314,General Dentistry,Primary (general),1,1740604693,2014,Stale,NPPES NPI 1740604693,,,
B,"Alexandria Smile Dentistry, PC",Alexandria,VA,(703) 671-0626,"Bruce Taheri, DDS",Owner,,,,,5234 Dawes Ave,22311,General Dentistry,Primary (general),1,1487916656,2012,Stale,NPPES NPI 1487916656,,,
B,Charles H Brown III DDS PC,Alexandria,VA,(703) 971-2220,"Charles Brown, DDS",Owner,,,,,7574 Telegraph Rd,22315,General Dentistry,Primary (general),2,1912000415,2007,Stale,NPPES NPI 1912000415,,,
B,"Christine L Mai, D.d.s., P.C.",Alexandria,VA,(703) 971-9737,"Christine Mai, D.D.S.",President,,,,,6422 Grovedale Dr Suite 101A,22310,General Dentistry,Primary (general),1,1528232428,2008,Stale,NPPES NPI 1528232428,,,
B,"Cosmetic & Family Dentistry, PLLC",Alexandria,VA,(703) 671-8431,"Tuan Vu, DDS",Owner,,,,,3608 Forest Dr,22302,General Dentistry,Primary (general),3,1922390335,2011,Stale,NPPES NPI 1922390335,,,
B,"Dental Professionals Of Virginia, P.c",Alexandria,VA,(703) 256-3313,Carmen Woods,Ins Cood,,,,,6546 Little River Tpke,22312,General Dentistry,Primary (general),1,1922211929,2014,Stale,NPPES NPI 1922211929,,,
B,"Dickson Dental, PC",Alexandria,VA,(571) 481-4410,"Stephanie Dickson, D.M.D.",Owner/dentist,,,,,5962 Richmond Hwy,22303,General Dentistry,Primary (general),1,1649440736,2008,Stale,NPPES NPI 1649440736,,,
B,Dr Catherine P Nguyen P.C.,Alexandria,VA,(703) 998-5559,Catherine Nguyen,President,,,,,5142 Leesburg Pike,22302,General Dentistry,Primary (general),1,1386892800,2008,Stale,NPPES NPI 1386892800,,,
B,"Dr Kim Ierna Kitchen, P.C.",Alexandria,VA,(703) 836-7000,"Kim Kitchen, DDS",Officer,,,,,500 Montgomery St Suite 250,22314,General Dentistry,Primary (general),2,1134339328,2008,Stale,NPPES NPI 1134339328,,,
B,Exquisite Dental Care,Alexandria,VA,(202) 659-3500,Donna Reid,President,,,,,300 N Washington St Ste 210,22314,General Dentistry,Primary (general),1,1568797413,2009,Stale,NPPES NPI 1568797413,,,
B,"Goran Dosen , Dds, PC",Alexandria,VA,(703) 933-8500,"Goran Dosen, DDS",Owner,,,,,5252 Dawes Ave,22311,General Dentistry,Primary (general),3,1023207271,2007,Stale,NPPES NPI 1023207271,,,
B,"Heartland Dental Care Of Virginia, P.c",Alexandria,VA,(703) 212-7500,Amy Kroeger,Ins Cood,,,,,5249 Duke St Suite 410,22304,General Dentistry,Primary (general),1,1083827893,2008,Stale,NPPES NPI 1083827893,,,
B,"Impression Dental, PC",Alexandria,VA,(703) 822-0670,"Steve Nguyen, DDS",Dentist,,,,,6167 Fuller Ct,22310,General Dentistry,Primary (general),1,1972838027,2009,Stale,NPPES NPI 1972838027,,,
B,"J Helen Lee, Dds, PC",Alexandria,VA,(703) 922-0031,Jinhyo Lee,President,,,,,6180 Grovedale Ct Suite 100,22310,General Dentistry,Primary (general),2,1740569680,2011,Stale,NPPES NPI 1740569680,,,
B,"Julie D Tran, Dds, LLC",Alexandria,VA,(703) 836-2213,"Julie Tran, D.D.S.",Owner Doctor,,,,,4 Herbert St,22305,General Dentistry,Primary (general),1,1043618929,2014,Stale,NPPES NPI 1043618929,,,
B,Kambiz & Kamran Tavakkoli DMD PC,Alexandria,VA,(703) 360-1070,Genet Osman,Office Administrator,,,,,8403 Richmond Hwy Suite I,22309,General Dentistry,Primary (general),1,1568733566,2012,Stale,NPPES NPI 1568733566,,,
B,Katie Lopez DDS PLLC,Alexandria,VA,(571) 224-2914,"Katie Lopez, DDS",Owner,,,,,7686 Richmond Hwy Suite 201A,22306,General Dentistry,Primary (general),1,1457768590,2014,Stale,NPPES NPI 1457768590,,,
B,Kevin M Noall LLC,Alexandria,VA,(703) 919-2733,"Kevin Noall, DDS",Dentist,,,,,7410 Heatherfield Ln,22315,General Dentistry,Primary (general),1,1952710501,2014,Stale,NPPES NPI 1952710501,,,
B,Kingstowne Dental Care PC,Alexandria,VA,(703) 719-0033,"Charles Brown III, DDS",Owner,,,,,7015 A Macnhester Blvd,22310,General Dentistry,Primary (general),1,1629250311,2007,Stale,NPPES NPI 1629250311,,,
B,Landmark Dental Care,Alexandria,VA,(703) 751-7000,Sherry Mash,Office Manager,,,,,101 S Whiting St Suite 100,22304,General Dentistry,Primary (general),1,1700223500,2014,Stale,NPPES NPI 1700223500,,,
B,Landmark Family Dental Plc,Alexandria,VA,(703) 658-3000,"Keri Tran, DDS",Member,,,,,6204 Little River Tpke,22312,General Dentistry,Primary (general),2,1346557980,2010,Stale,NPPES NPI 1346557980,,,
B,"Neibauer Dental Care, PC",Alexandria,VA,(703) 554-3500,Kam Shick,Insurance Coordinator,,,,,8626 Richmond Hwy,22309,General Dentistry,Primary (general),1,1265709802,2011,Stale,NPPES NPI 1265709802,,,
B,Premium Family Dental PC,Alexandria,VA,(703) 606-8458,"Vu Nguyen, D.D.S",President,,,,,6328 Richmond Hwy Ste F,22306,General Dentistry,Primary (general),1,1063718104,2011,Stale,NPPES NPI 1063718104,,,
B,Rolin S Henry DDS PC,Alexandria,VA,(703) 780-4422,"Rolin Henry, DDS",President Owner,,,,,7900 Andrus Road Suite #2,22306,General Dentistry,Primary (general),1,1235231408,2013,Stale,NPPES NPI 1235231408,,,
B,"Said M Khalefa Dds, PC",Alexandria,VA,(703) 914-0020,"Said Khalefa, DDS",Doctor,,,,,4600B Pinecrest Office Park Dr,22312,General Dentistry,Primary (general),1,1760678569,2007,Stale,NPPES NPI 1760678569,,,
B,Sbk DDS PC,Alexandria,VA,(703) 750-1099,"Shawn Kumra, D.D.S",Owner,,,,,4810 Beauregard St Suite 300,22312,General Dentistry,Primary (general),1,1275806226,2012,Stale,NPPES NPI 1275806226,,,
B,The Dentist Office PC,Alexandria,VA,(703) 499-9006,"Victor Falaiye, DMD",President,,,,,8808F Pear Tree Village Ct,22309,General Dentistry,Primary (general),1,1083029557,2014,Stale,NPPES NPI 1083029557,,,
B,"Thuan Nguyen Dds, PC",Alexandria,VA,(703) 823-2848,"Thuan Nguyen, DDS",President,,,,,5130 Duke St Ste 8,22304,General Dentistry,Primary (general),1,1639358815,2007,Stale,NPPES NPI 1639358815,,,
B,"Tina Truong D.m.d., PC",Alexandria,VA,(703) 333-5105,"Tina Truong, DMD",Dentist,,,,,4810 Beauregard St 200,22312,General Dentistry,Primary (general),1,1255592978,2008,Stale,NPPES NPI 1255592978,,,
B,"Woodlawn Family Dentistry, Inc",Alexandria,VA,(703) 780-3482,"Monique Nguyen, DDS",President/owner,,,,,8492 Richmond Hwy,22309,General Dentistry,Primary (general),1,1497151823,2014,Stale,NPPES NPI 1497151823,,,
B,Acdg LLC,Arlington,VA,(703) 812-8800,"Mariah Shojaei, DMD",Owner,,,,,1731 Clarendon Blvd,22209,General Dentistry,Primary (general),2,1760804389,2014,Stale,NPPES NPI 1760804389,,,
B,Apex Dental Care,Arlington,VA,(571) 447-5577,"Elizabeth Klein, D.D.S",Dentist,,,,,3565 Lee Hwy Suite S3/B,22207,General Dentistry,Primary (general),2,1275936460,2014,Stale,NPPES NPI 1275936460,,,
B,Arlington Advanced Dental Care,Arlington,VA,(703) 436-8689,"Hossein Ahmadian, DDS",Dentist,,,,,1010 N Glebe Rd 120,22201,General Dentistry,Primary (general),1,1770858235,2012,Stale,NPPES NPI 1770858235,,,
B,"Baik, Duong, Ma, Nguyen & Associates",Arlington,VA,(703) 527-3888,"Andy MA, DDS",DDS/ Vice President,,,,,1050 N Highland St Suite 300 (third Floor),22201,General Dentistry,Primary (general),1,1205073087,2009,Stale,NPPES NPI 1205073087,,,
B,Ballston Metro Dental,Arlington,VA,(703) 294-6144,"Shahrokh Soltani, D.M.D",President,,,,,671 N Glebe Rd Suite 1260,22203,General Dentistry,Primary (general),1,1881910107,2010,Stale,NPPES NPI 1881910107,,,
B,"Columbia Heights Dental Center, Plc",Arlington,VA,(703) 212-0000,"Maher Sangid, DDS",Manager,,,,,3219 Columbia Pike Ste 201,22204,General Dentistry,Primary (general),2,1619380268,2014,Stale,NPPES NPI 1619380268,,,
B,Columbia Pike Family Dentistry,Arlington,VA,(571) 312-4111,"Sanjeev Goel, DDS",Owner,,,,,2407 Columbia Pike Suite 208,22204,General Dentistry,Primary (general),1,1497029631,2012,Stale,NPPES NPI 1497029631,,,
B,Crystal City Dental Arts Center,Arlington,VA,(202) 599-9100,"Jason Favagehi, DDS",President,,,,,1615-E Crystal Square Arcade,22202,General Dentistry,Primary (general),1,1932467180,2012,Stale,NPPES NPI 1932467180,,,
B,Drs Chong Lee & Joseph Oh DDS LLC,Arlington,VA,(703) 527-1020,"Chong Lee, DDS",Owner,,,,,4141 N Henderson Rd Suite 16,22203,General Dentistry,Primary (general),2,1225447147,2014,Stale,NPPES NPI 1225447147,,,
B,"Richard D Gruntz, Dds, P.C.",Arlington,VA,(703) 412-1122,"Richard Gruntz, DDS",Owner,,,,,1600 Crystal Square Arc Ste L,22202,General Dentistry,Primary (general),1,1578807541,2012,Stale,NPPES NPI 1578807541,,,
B,"Ann N Hebda, DDS PC",Ashburn,VA,(703) 723-9788,"Ann Hebda, DDS",President,,,,,20600 Gordon Park Square Suite 190,20147,General Dentistry,Primary (general),1,1861630550,2009,Stale,NPPES NPI 1861630550,,,
B,Ashburn Divine Dental,Ashburn,VA,(626) 377-0550,Lulu Lin,President,,,,,20915 Ashburn Rd Ste 205,20147,General Dentistry,Primary (general),1,1750633301,2012,Stale,NPPES NPI 1750633301,,,
B,"Donti Dental, PLLC",Ashburn,VA,(703) 723-0400,"Ruth Duchatellier-Cange, DDS",Owner/dentist,,,,,22621 Amendola Ter Suite 110,20148,General Dentistry,Primary (general),1,1962827782,2014,Stale,NPPES NPI 1962827782,,,
B,Dr Shane Costa/little Smiles,Ashburn,VA,(703) 757-0833,"Shane Costa, D.D.S.",Doctor/owner,,,,,42395 Ryan Rd Suite 104,20148,General Dentistry,Primary (general),1,1649618711,2013,Stale,NPPES NPI 1649618711,,,
B,"Drs Bachour & Church, PLLC",Ashburn,VA,(703) 464-0868,Maya Bachour,Partner,,,,,20405 Exchange St Suite 201,20147,General Dentistry,Primary (general),1,1710314661,2013,Stale,NPPES NPI 1710314661,,,
B,Friends & Family Dentistry PLLC,Ashburn,VA,(804) 400-3907,"Tuan Vu, DDS",Owner,,,,,44121 Harry Byrd Hwy Suite 155,20147,General Dentistry,Primary (general),1,1346538162,2011,Stale,NPPES NPI 1346538162,,,
B,Greenway Smiles Family Dentistry,Ashburn,VA,(571) 222-4243,"Sreepreethi Gnanasundaram, D.D.S.",Dentist,,,,,43490 Yukon Dr Ste 114,20147,General Dentistry,Primary (general),1,1265840938,2014,Stale,NPPES NPI 1265840938,,,
B,"Jorge R Rios, Inc.",Ashburn,VA,(703) 858-4222,Jorge Rios,President,,,,,44340 Premier Plz Suite 200,20147,General Dentistry,Primary (general),1,1760643910,2008,Stale,NPPES NPI 1760643910,,,
B,Matt Nikpourfard DDS PC,Ashburn,VA,(703) 723-1200,Matt Nikpourfard,DDS,,,,,44121 Harry Byrd Hwy Suite 280,20147,General Dentistry,Primary (general),1,1366864316,2014,Stale,NPPES NPI 1366864316,,,
B,Naderplc,Ashburn,VA,(703) 459-5231,"Jason Nikkhah, D.M.D.",Dentist,,,,,44014 Cheltenham Cir,20147,General Dentistry,Primary (general),1,1164820122,2014,Stale,NPPES NPI 1164820122,,,
B,"Nikkhah, Plc",Ashburn,VA,(703) 726-4444,"Pouran Nikkhah, DOCTOR",CEO,,,,,44365 Premier Plz Suite #230,20147,General Dentistry,Primary (general),1,1568635225,2008,Stale,NPPES NPI 1568635225,,,
B,Bawa Dentistry PLLC,Centreville,VA,(703) 266-0111,"Anoop Bawa, DMD",Dentist,,,,,14631 Lee Hwy Suite 201,20121,General Dentistry,Primary (general),1,1255541934,2010,Stale,NPPES NPI 1255541934,,,
B,"Benjamin Lee, D.M.D. & Associates, P.C.",Centreville,VA,(703) 830-9990,"Benjamin Lee, D.M.D.",President,,,,,13880 Braddock Rd Suite 109,20121,General Dentistry,Primary (general),1,1427236702,2008,Stale,NPPES NPI 1427236702,,,
B,"Centreville Dental Wellness Center,pc.",Centreville,VA,(703) 815-0775,"Rena Vakay, DDS",President,,,,,14245F Centreville Sq,20121,General Dentistry,Primary (general),2,1285914796,2011,Stale,NPPES NPI 1285914796,,,
B,Charles & Katherine Fischer DDS PC,Centreville,VA,(703) 818-1500,"Katherine Fischer, DDS",President Co Owner,,,,,5895 Trinity Parkway Suite 200,20120,General Dentistry,Primary (general),1,1033122981,2013,Stale,NPPES NPI 1033122981,,,
B,"Ghanbari & Koshki, DDS PC",Centreville,VA,(703) 803-9200,Kelly Spicer,Office Manager,,,,,5727 Centre Square Dr,20120,General Dentistry,Primary (general),1,1184644494,2007,Stale,NPPES NPI 1184644494,,,
B,Hutchison & Gorman LLC,Centreville,VA,(703) 830-9110,"Bruce Hutchison, DDS",Owner,,,,,14245P Centreville Sq,20121,General Dentistry,Primary (general),3,1497820724,2011,Stale,NPPES NPI 1497820724,,,
B,Jeffery S Ackerman D.D.S. Ltd.,Centreville,VA,(703) 968-7022,"Jeffery Ackerman, D.D.S.M.A.G.D",Owner,,,,,5701 Centre Square Dr,20120,General Dentistry,Primary (general),3,1821287269,2007,Stale,NPPES NPI 1821287269,,,
B,"Neibauer Dental Care, PC",Centreville,VA,(703) 688-2056,Kelli Walker,Insurance/credentialing,,,,,5742 Pickwick Rd Ste 15,20121,General Dentistry,Primary (general),1,1730448010,2012,Stale,NPPES NPI 1730448010,,,
B,Shue Jen Chuang D.D.S. & David W Lucht D.D.S. Plc,Centreville,VA,(703) 803-9223,Shue Jen Chuang,Dr,,,,,13880 Braddock Rd Ste 311,20121,General Dentistry,Primary (general),1,1174715262,2007,Stale,NPPES NPI 1174715262,,,
B,Skinner Ossakow & Associates,Centreville,VA,(703) 830-3092,Tara Golden,Office Manager,,,,,5651 Stone Rd,20120,General Dentistry,Primary (general),1,1497988588,2009,Stale,NPPES NPI 1497988588,,,
B,"Timothy Kim &thomas Kim, Dds, PC",Centreville,VA,(703) 378-5777,"Thomas Kim, DDS",Vice President,,,,,5900 Fort Dr Ste 209,20121,General Dentistry,Primary (general),1,1497066229,2010,Stale,NPPES NPI 1497066229,,,
B,V Care Dental,Centreville,VA,(703) 815-0007,"Man Shu, DDS",Dentist,,,,,14631 Lee Hwy 117,20121,General Dentistry,Primary (general),1,1366735235,2011,Stale,NPPES NPI 1366735235,,,
B,Claudio Urquiaga DDS PLLC,Chantilly,VA,(703) 378-5010,Chris Barbosa,Office Manager,,,,,13948 Lee Jackson Memorial Hwy,20151,General Dentistry,Primary (general),1,1023411212,2014,Stale,NPPES NPI 1023411212,,,
B,Diamond Dental Care,Chantilly,VA,(703) 773-1212,"Amal Ali, DDS",General Dentist,,,,,13948 Lee Jackson Memorial Hwy,20151,General Dentistry,Primary (general),1,1144586298,2012,Stale,NPPES NPI 1144586298,,,
B,"Diem H Nguyen, D.d.s, P.c",Chantilly,VA,(703) 467-0214,"Diem Nguyen, D.D.S",President,,,,,3901 Centerview Dr Suite #t,20151,General Dentistry,Primary (general),1,1073785382,2008,Stale,NPPES NPI 1073785382,,,
B,"Grace Dental Of Virginia, LLC",Chantilly,VA,(703) 870-7784,Samer Jarwa,Dentist,,,,,4530 Walney Rd Suite 102,20151,General Dentistry,Primary (general),1,1700212511,2013,Stale,NPPES NPI 1700212511,,,
B,"Han S Soh, Dds, PC",Chantilly,VA,(703) 961-1101,"Han Soh, DDS",President,,,,,4300 Chantilly Shopping Ctr Suite 1C,20151,General Dentistry,Primary (general),1,1912178815,2008,Stale,NPPES NPI 1912178815,,,
B,"Koneru DDS &associates,inc",Chantilly,VA,(703) 953-3343,"Jyothi Koneru, DDS",Presient&ceo,,,,,14165 Robert Paris Ct Ste A,20151,General Dentistry,Primary (general),1,1649555673,2011,Stale,NPPES NPI 1649555673,,,
B,"Lafayette Family Dentistry, PLLC",Chantilly,VA,(703) 378-1177,"Truc Phan, D.D.S",Owner,,,,,4229 Lafayette Center Dr #1225,20151,General Dentistry,Primary (general),1,1578704797,2009,Stale,NPPES NPI 1578704797,,,
B,Mark A Grimes DDS PC,Chantilly,VA,(703) 222-5400,"Mark Grimes, DDS",President,,,,,4437 Brookfield Corporate Drive #107,20151,General Dentistry,Primary (general),1,1033383047,2008,Stale,NPPES NPI 1033383047,,,
B,"Neibauer Dental Care, PC",Chantilly,VA,(703) 542-3171,Kam Shick,Insurance Coordinator,,,,,25401 Eastern Marketplace Plz Ste 165,20152,General Dentistry,Primary (general),1,1417224056,2011,Stale,NPPES NPI 1417224056,,,
B,"Trusmiles Dental, Plc",Chantilly,VA,(703) 980-8460,"Danny Truvan, DDS",President,,,,,4501 Daly Dr Ste 105,20151,General Dentistry,Primary (general),1,1235436908,2011,Stale,NPPES NPI 1235436908,,,
B,"Veronica M Enriquez, Dds, Inc.",Chantilly,VA,(703) 378-4004,"Veronica Enriquez, D.D.S.",Owner,,,,,14102 Sullyfield Cir Suite 500,20151,General Dentistry,Primary (general),1,1720230865,2009,Stale,NPPES NPI 1720230865,,,
B,Bearley Dental PC,Charlottesville,VA,(434) 296-8034,"Daniel Bearley, DDS",President,,,,,"901 Preston Ave, Suite 200",22903,General Dentistry,Primary (general),2,1831592039,2014,Stale,NPPES NPI 1831592039,,,
B,"D J Bickers, Dds, Plc",Charlottesville,VA,(434) 984-6400,"Duane Bickers, D.D.S.",Doctor,,,,,1101 E Jefferson St Suite 5,22902,General Dentistry,Primary (general),1,1982896205,2007,Stale,NPPES NPI 1982896205,,,
B,"Downtown Dental, Plc",Charlottesville,VA,(434) 971-7400,"Christopher Whynott, DDS",Owner,,,,,1101 E Jefferson St Suite 7,22902,General Dentistry,Primary (general),2,1568860096,2014,Stale,NPPES NPI 1568860096,,,
B,Drs Viglione Naines & Associates Inc,Charlottesville,VA,(434) 973-4355,Teresa Anderson,Office Manager,,,,,3025 Berkmar Drive Suite 4,22901,General Dentistry,Primary (general),1,1669665899,2007,Stale,NPPES NPI 1669665899,,,
B,Drs. David & Rebecca Swett,Charlottesville,VA,(434) 979-3940,"David Swett, DDS",President,,,,,900 Rio East Ct # B,22901,General Dentistry,Primary (general),1,1043370935,2008,Stale,NPPES NPI 1043370935,,,
B,Frank D Barberio DMD P.C.,Charlottesville,VA,(434) 296-3941,"Frank Barberio, DMD",Business Owner,,,,,300 Hickman Rd Suite 102,22911,General Dentistry,Primary (general),1,1871748467,2008,Stale,NPPES NPI 1871748467,,,
B,"Hollymead Dental Arts,plc",Charlottesville,VA,(434) 243-7861,"Christopher Whynott, DDS",Sole Mbr,,,,,1538 Insurance Ln,22911,General Dentistry,Primary (general),1,1477841328,2011,Stale,NPPES NPI 1477841328,,,
B,Jeffery E Hodges DDS PC,Charlottesville,VA,(434) 964-0088,"Jeffery Hodges, DDS",President,,,,,1769 Worth Park,22911,General Dentistry,Primary (general),2,1417149618,2007,Stale,NPPES NPI 1417149618,,,
B,Joseph J Waff III DDS PC,Charlottesville,VA,(434) 293-9916,"Joseph Waff, DDS",President,,,,,2202 North Berkshire Rd #103,22901,General Dentistry,Primary (general),1,1548420045,2008,Stale,NPPES NPI 1548420045,,,
B,R Scott Knierim DDS,Charlottesville,VA,(434) 973-1222,"R Knierim, DDS",Dentist Owner,,,,,259 Hydraulic Ridge Rd,22901,General Dentistry,Primary (general),2,1043499809,2008,Stale,NPPES NPI 1043499809,,,
B,"Benjamin W Foster, Jr. D.D.S. Inc.",Chesapeake,VA,(757) 484-8564,"Benjamin Foster, D.D.S.",President/dentist,,,,,3800 Poplar Hill Rd Ste F,23321,General Dentistry,Primary (general),1,1023122264,2011,Stale,NPPES NPI 1023122264,,,
B,"Center For Restorative, Cosmetic, And Implant Dentistry, PC",Chesapeake,VA,(757) 482-2876,"David Lewis, DMD",Dentist,,,,,825 Battlefield Blvd S,23322,General Dentistry,Primary (general),1,1235475286,2012,Stale,NPPES NPI 1235475286,,,
B,Chesapeake Family Dental,Chesapeake,VA,(757) 548-5619,"Osama Modjadidi, DMD",Owner,,,,,113 Gainsborough Sq Suite 101,23320,General Dentistry,Primary (general),2,1629322615,2012,Stale,NPPES NPI 1629322615,,,
B,Dr Darrell L Boyce DDS PC,Chesapeake,VA,(757) 424-6580,"Darrell Boyce, DDS",President,,,,,1711 Parkview Drive,23320,General Dentistry,Primary (general),1,1013081827,2011,Stale,NPPES NPI 1013081827,,,
B,Dr F Charles Stange Jr. D.d.s P.C.,Chesapeake,VA,(757) 436-7700,"F Stange, D.D.S",Owner,,,,,711 Greenbrier Pkwy Ste 101,23320,General Dentistry,Primary (general),2,1649425620,2008,Stale,NPPES NPI 1649425620,,,
B,Dr George E Berryman DDS,Chesapeake,VA,(757) 558-9008,Joann Reynolds,Office Manager,,,,,838 Old George Washington Hwy Suite C,23323,General Dentistry,Primary (general),2,1528040474,2008,Stale,NPPES NPI 1528040474,,,
B,"Dr Leon A Cerniway, Dmd, PC",Chesapeake,VA,(757) 547-9339,"Leon Cerniway, D.M.D.",President,,,,,680 Kingsborough Square Suite A,23320,General Dentistry,Primary (general),1,1932296167,2009,Stale,NPPES NPI 1932296167,,,
B,Eastern Virginia Family & Cosmetic Dentistry,Chesapeake,VA,(757) 483-6297,"A Weisberg, DMD",Dentist,,,,,3221 Western Branch Blvd,23321,General Dentistry,Primary (general),1,1396081592,2012,Stale,NPPES NPI 1396081592,,,
B,"Estrada & Estrada, PC",Chesapeake,VA,(757) 548-1611,"Craig Estrada, DDS",Dentist,,,,,1354 Kempsville Rd St 101,23320,General Dentistry,Primary (general),2,1093074189,2012,Stale,NPPES NPI 1093074189,,,
B,Kenneth E Grindlay DDS PC,Chesapeake,VA,(757) 482-0026,"Kenneth Grindlay, DDS",President,,,,,228 Mt Pleasant Rd,23322,General Dentistry,Primary (general),1,1629236872,2008,Stale,NPPES NPI 1629236872,,,
B,Kevin C Cooper DDS PC,Chesapeake,VA,(757) 483-5152,"Kevin Cooper, DDS",President,,,,,3105 Western Branch Blvd Suite 5,23321,General Dentistry,Primary (general),1,1437324688,2008,Stale,NPPES NPI 1437324688,,,
B,"Laymon A Salyer, D.d.s., PC",Chesapeake,VA,(757) 488-8853,"Laymon Salyer, D.D.S.",President,,,,,3933 Portsmouth Blvd #200,23321,General Dentistry,Primary (general),1,1306169552,2010,Stale,NPPES NPI 1306169552,,,
B,"Nabeel Rahman D.d.s., P.C.",Chesapeake,VA,(757) 547-2323,Rhonda Rollins,Office Manager,,,,,109 Gainsborough Sq Ste N,23320,General Dentistry,Primary (general),1,1841592987,2010,Stale,NPPES NPI 1841592987,,,
B,Pedro L Casingal Jr DDS PC,Chesapeake,VA,(757) 482-7977,"Pedro Casingal, DDS",Dentist,,,,,810 Battlefield Blvd S,23322,General Dentistry,Primary (general),1,1689910044,2012,Stale,NPPES NPI 1689910044,,,
B,"Peter Adams Dds, Inc",Chesapeake,VA,(757) 547-0222,"Peter Adams, DDS",President,,,,,449-2 Dominion Blvd,23322,General Dentistry,Primary (general),1,1437334224,2007,Stale,NPPES NPI 1437334224,,,
B,"Robert J Mealy,iii.p.c.",Chesapeake,VA,(757) 543-7973,"Robert Mealy, DDS",President,,,,,2737 Campostella Rd,23324,General Dentistry,Primary (general),1,1649443706,2008,Stale,NPPES NPI 1649443706,,,
B,"Stephen A Asam, D.d.s., P.C.",Chesapeake,VA,(757) 436-3595,"Stephen Asam, D.D.S.",Dentist,,,,,632 Cedar Rd Suite A,23322,General Dentistry,Primary (general),1,1790021061,2012,Stale,NPPES NPI 1790021061,,,
B,"Tanya A Brown, D.m.d., LLC",Chesapeake,VA,(757) 546-5262,"Tanya Brown, D.M.D.",Owner/dentist,,,,,129 Hanbury Rd W Ste 101,23322,General Dentistry,Primary (general),1,1558695106,2009,Stale,NPPES NPI 1558695106,,,
B,"Vacendak Dentistry, PLLC",Chesapeake,VA,(757) 609-3510,Sheila Vacendak,President,,,,,701 Quince Place,23320,General Dentistry,Primary (general),1,1750718177,2013,Stale,NPPES NPI 1750718177,,,
B,"William B Pruden, D.m.d., P.L.C.",Chesapeake,VA,(757) 549-8077,"William Pruden, D.M.D.",Owner/dentist,,,,,1421 Kempsville Rd Suite C,23320,General Dentistry,Primary (general),1,1780853259,2008,Stale,NPPES NPI 1780853259,,,
B,Advanced Cosmetic Dentistry Of Nova,Fairfax,VA,(703) 865-6880,"Jennifer Kim, DMD",Owner,,,,,3903 Fair Ridge Dr Suite # 212,22033,General Dentistry,Primary (general),1,1669772901,2010,Stale,NPPES NPI 1669772901,,,
B,"Anh T Pham, Dds, PC",Fairfax,VA,(703) 378-2466,"Anh Pham, D.D.S.",President,,,,,13035 Lee Jackson Memorial Hwy Ste D,22033,General Dentistry,Primary (general),1,1457542144,2007,Stale,NPPES NPI 1457542144,,,
B,"Arnold S Fariello, DDS PC",Fairfax,VA,(703) 591-4010,"Arnold Fariello, DDS",President,,,,,10875 Main St Suite 103,22030,General Dentistry,Primary (general),2,1063606093,2007,Stale,NPPES NPI 1063606093,,,
B,Bbf Dental PLLC,Fairfax,VA,(703) 269-3107,"Bernard Fink, D.D.S.",Member,,,,,12701 Fair Lakes Cir Suite 500,22033,General Dentistry,Primary (general),2,1306131727,2011,Stale,NPPES NPI 1306131727,,,
B,"Chad Kasperowski, Dmd, Plc",Fairfax,VA,(703) 591-5637,"Chad Kasperowski, D.M.D.",Dentist,,,,,11200 Lee Hwy,22030,General Dentistry,Primary (general),2,1255634788,2010,Stale,NPPES NPI 1255634788,,,
B,Chi Whan Chung DDS PC,Fairfax,VA,(703) 273-8450,"Chi Whan Chung, DDS",Dentist,,,,,3611 Chain Bridge Rd Ste B,22030,General Dentistry,Primary (general),1,1568868693,2014,Stale,NPPES NPI 1568868693,,,
B,Dental One Associates (old Dominion) PLLC,Fairfax,VA,(703) 273-6622,Michael Cole,Vp Insurance Plan Management,,,,,9942 Main St,22031,General Dentistry,Primary (general),1,1710390042,2014,Stale,NPPES NPI 1710390042,,,
B,Edward R Hindman Jr DDS PC,Fairfax,VA,(703) 207-0700,"Edward Hindman, DDS",Dentist,,,,,8303 Arlington Blvd Suite 104,22031,General Dentistry,Primary (general),1,1396844098,2010,Stale,NPPES NPI 1396844098,,,
B,Fair Lakes Dental,Fairfax,VA,(703) 222-1230,"Joseph Dehyar, D.M.D.",Owner,,,,,12989 Fair Lakes Pkwy,22033,General Dentistry,Primary (general),1,1548493885,2009,Stale,NPPES NPI 1548493885,,,
B,Fair Lakes Family And Cosmetic Dentistry,Fairfax,VA,(703) 273-4505,"Annah Tran, DDS","Dentist, President",,,,,12110 Monument Dr Ste A,22033,General Dentistry,Primary (general),1,1427322734,2012,Stale,NPPES NPI 1427322734,,,
B,Family And Cosmetic Dentistry,Fairfax,VA,(703) 698-5155,"Quang Tran, DDS",Doctor,,,,,8626 Lee Hwy #203,22031,General Dentistry,Primary (general),1,1184866857,2009,Stale,NPPES NPI 1184866857,,,
B,"Family Dentistry Of Fairfax, P C",Fairfax,VA,(703) 273-7999,"Tehreem Butt, DDS",Dentist,,,,,10391 Democracy Ln Ste A,22030,General Dentistry,Primary (general),1,1679727275,2008,Stale,NPPES NPI 1679727275,,,
B,Frank A Delatour DDS PC,Fairfax,VA,(703) 273-8224,"Frank Delatour, DO",President,,,,,10090 Main Street,22031,General Dentistry,Primary (general),1,1205021748,2013,Stale,NPPES NPI 1205021748,,,
B,J Kim DDS And R Kim DDS PC,Fairfax,VA,(703) 876-4600,"Jerry Kim, DDS",Dentist/practice Owner,,,,,8622 A Lee Hwy,22031,General Dentistry,Primary (general),2,1578721601,2008,Stale,NPPES NPI 1578721601,,,
B,John S K Hsu DDS And Virginia G Chin DDS PC,Fairfax,VA,(703) 352-2500,"Virginia Chin, DDS",Vice President Dentist,,,,,10801 Main St Ste 500 And 600,22030,General Dentistry,Primary (general),1,1467510917,2008,Stale,NPPES NPI 1467510917,,,
B,"Johnny K Nam, D.d.s., P.C.",Fairfax,VA,(703) 323-6500,"Johnny Nam, D.D.S",President,,,,,9561 Braddock Rd,22032,General Dentistry,Primary (general),1,1033384839,2008,Stale,NPPES NPI 1033384839,,,
B,Kim Quy Do DDS LLC,Fairfax,VA,(703) 876-2606,Kim Do,DDS,,,,,8303 Arlington Blvd Ste 101,22031,General Dentistry,Primary (general),1,1003226655,2014,Stale,NPPES NPI 1003226655,,,
B,"Koh & Associates, Dds, P.C.",Fairfax,VA,(703) 865-8829,"Philip Koh, DDS, MSD, PC",President/primary Dentist,,,,,10721 Main St Ste 100,22030,General Dentistry,Primary (general),1,1518268861,2010,Stale,NPPES NPI 1518268861,,,
B,Medical Management Of VA,Fairfax,VA,(703) 246-9355,Peter Ewens,President/ CEO,,,,,11230 Waples Mill Rd Suite 125,22030,General Dentistry,Primary (general),1,1497186068,2013,Stale,NPPES NPI 1497186068,,,
B,"Michael W Chang, Dds, PLLC",Fairfax,VA,(703) 385-2772,Jasmine Choi,Executive Director,,,,,3903 Fair Ridge Dr Suite 207,22033,General Dentistry,Primary (general),1,1609105600,2009,Stale,NPPES NPI 1609105600,,,
B,"Neibauer Dental Care, PC",Fairfax,VA,(703) 359-2879,Kam Shick,Insurance Coordinator,,,,,9547A Fairfax Blvd,22031,General Dentistry,Primary (general),1,1093082620,2011,Stale,NPPES NPI 1093082620,,,
B,Nova Family Dentistry,Fairfax,VA,(703) 267-6103,"Namrata Kaur, DMD",Owner,,,,,9401 Lee Hwy Ste 204,22031,General Dentistry,Primary (general),1,1982841185,2009,Stale,NPPES NPI 1982841185,,,
B,Optimal Health Corporation,Fairfax,VA,(703) 573-1313,"Quyen Dang, DDS",President,,,,,8303 Arlington Blvd 107,22031,General Dentistry,Primary (general),1,1063687879,2008,Stale,NPPES NPI 1063687879,,,
B,Rk Dental Care,Fairfax,VA,(703) 268-5622,"Komal Karmacharya, D.D.S.",Owner,,,,,12011 Lee Jackson Memorial Hwy Suite 502,22033,General Dentistry,Primary (general),1,1962836072,2013,Stale,NPPES NPI 1962836072,,,
B,Saman Madani DMD & Shadi Shareghi DDS PC,Fairfax,VA,(703) 865-5779,"Saman Madani, D.M.D.",Dentist/owner,,,,,3930 Pender Dr Suite #250,22030,General Dentistry,Primary (general),1,1073887741,2012,Stale,NPPES NPI 1073887741,,,
B,"Saxena Dental Fairfax, Plc",Fairfax,VA,(703) 877-0775,"Sunil Saxena, M.D.",President,,,,,3903 Fair Ridge Dr Suite 214,22033,General Dentistry,Primary (general),1,1417279589,2010,Stale,NPPES NPI 1417279589,,,
B,"Tuan Nguyen, Dds, PC",Fairfax,VA,(703) 280-1100,"Tuan Nguyen, D.D.S.",President,,,,,3077 Nutley St,22031,General Dentistry,Primary (general),1,1316172737,2009,Stale,NPPES NPI 1316172737,,,
B,Westfields Dental,Fairfax,VA,(703) 263-9388,"Richard Papp, DDS",Owner,,,,,3903 Fair Ridge Dr Suite 214,22033,General Dentistry,Primary (general),2,1649687609,2014,Stale,NPPES NPI 1649687609,,,
B,Woodson Square Dental Care,Fairfax,VA,(703) 323-0700,Nastaran Ejtemai,Dentist/owner,,,,,9671 Main St Suite A,22031,General Dentistry,Primary (general),1,1063754935,2013,Stale,NPPES NPI 1063754935,,,
B,Arlington Dental Care,Falls Church,VA,(703) 587-3455,"Homan Solemaninejad, DMD",Doctor,,,,,6060 Arlington Blvd,22044,General Dentistry,Primary (general),1,1033279575,2009,Stale,NPPES NPI 1033279575,,,
B,"Dental Professionals Of Virginia, P.C.",Glen Allen,VA,(804) 527-2982,Kim Wilson,Cred Supervisor,,,,,11549 Nuckols Rd Ste A,23059,General Dentistry,Primary (general),1,1962813402,2014,Stale,NPPES NPI 1962813402,,,
B,Dr George P Varkey DMD PC,Glen Allen,VA,(804) 504-0012,"George Varkey, DMD",Dentist,,,,,723 South Park Blvd Suite F,23834,General Dentistry,Primary (general),2,1740593433,2010,Stale,NPPES NPI 1740593433,,,
B,"Happy Smiles, Vcc, LLC",Glen Allen,VA,(804) 266-2400,Kenneth Stoner,President,,,,,10101 Brook Rd Suite 804A,23059,General Dentistry,Primary (general),1,1972900512,2014,Stale,NPPES NPI 1972900512,,,
B,"Hendrick B Tafo-Tabue, Dds, PC",Glen Allen,VA,(832) 713-2497,"Hendrick Tafo-Tabue, DDS",Owner,,,,,12201 Tiverton Ln,23059,General Dentistry,Primary (general),1,1922408194,2014,Stale,NPPES NPI 1922408194,,,
B,Maryam Zarei DDS PC,Glen Allen,VA,(804) 747-4200,"Maryam Zarei, D.D.S",President,,,,,5201 Hickory Park Dr Suite B,23059,General Dentistry,Primary (general),1,1497927222,2008,Stale,NPPES NPI 1497927222,,,
B,"Shahreyar Sean Sayyar,dds,pc",Glen Allen,VA,(804) 290-8001,"Shahreyar Sayyar, DDS",Dentist /owner,,,,,5231 Hickory Park Dr Suite E,23059,General Dentistry,Primary (general),1,1417258955,2010,Stale,NPPES NPI 1417258955,,,
B,"A R Hendricksen, D.d.s., Inc.",Goode,VA,(540) 587-5707,"Alf Hendricksen, D.D.S.",President,,,,,8642 Forest Rd,24556,General Dentistry,Primary (general),2,1033384052,2008,Stale,NPPES NPI 1033384052,,,
B,"Dental Professionals Of Virginia, P.c",Hampton,VA,(757) 755-2929,Carmen Woods,Credentialing Manager,,,,,70 W Mercury Blvd Ste 102,23669,General Dentistry,Primary (general),1,1649524752,2014,Stale,NPPES NPI 1649524752,,,
B,Good Neighbor Dental At Willow Oaks PLLC,Hampton,VA,(757) 850-2100,Sheryl Brown,Director Of Operations,,,,,208 Fox Hill Rd,23669,General Dentistry,Primary (general),3,1447670120,2014,Stale,NPPES NPI 1447670120,,,
B,"Jasper N Watts,dds,llc",Hampton,VA,(757) 838-5999,"Jasper Watts, DDS",Owner,,,,,907 Big Bethel Rd,23666,General Dentistry,Primary (general),1,1851729685,2013,Stale,NPPES NPI 1851729685,,,
B,"Joseph Siragusa, Dds,pc",Hampton,VA,(757) 826-3636,"Joseph Siragusa, DDS",Dentist,,,,,2114 Hartford Rd Suite B,23666,General Dentistry,Primary (general),1,1275938581,2014,Stale,NPPES NPI 1275938581,,,
B,"Michael P McCormick Jr., D.d.s., P.C.",Hampton,VA,(757) 896-4900,Michelle Bunch,Office Manager,,,,,901 Enterprise Pkwy Ste 500 Suite 500,23666,General Dentistry,Primary (general),1,1003900234,2014,Stale,NPPES NPI 1003900234,,,
B,Robert J Feild DDS And Associates PC,Hampton,VA,(757) 851-4400,"Robert Feild, DDS",Dentist,,,,,171 Fox Hill Rd,23669,General Dentistry,Primary (general),2,1811393853,2014,Stale,NPPES NPI 1811393853,,,
B,"Vista Dental, PLLC",Henrico,VA,(804) 672-7070,"Mitsu Joshi, DDS",Owner/sole Member,,,,,9195 Staples Mill Rd,23228,General Dentistry,Primary (general),1,1114211919,2011,Stale,NPPES NPI 1114211919,,,
B,Acclaim Dental Group,Herndon,VA,(703) 709-0102,"Farima Behnami, DDS",Dentist,,,,,209 Elden St Ste 210,20170,General Dentistry,Primary (general),2,1275968976,2013,Stale,NPPES NPI 1275968976,,,
B,"Al-Karagholi Dentistry Of Herndon, PC",Herndon,VA,(703) 787-2273,Dara Aziz,Office Manager,,,,,1094 Elden St,20170,General Dentistry,Primary (general),2,1154588903,2008,Stale,NPPES NPI 1154588903,,,
B,"Allure Dental, LLC",Herndon,VA,(516) 306-1282,"Iman Ayoubi, DDS",Owner,,,,,171 Elden St Suite 2C3,20170,General Dentistry,Primary (general),1,1780921742,2013,Stale,NPPES NPI 1780921742,,,
B,"Anthony J Black, D.d.s,,p.c",Herndon,VA,(703) 787-9670,Anthony Black,Owner Dentist,,,,,12950 Highland Crossing Dr Suite F,20171,General Dentistry,Primary (general),2,1568628857,2008,Stale,NPPES NPI 1568628857,,,
B,Dental Center Of Herndon,Herndon,VA,(703) 318-7200,Kenneth Qiu,Dentist/president,,,,,1110 Elden St Suite E108,20170,General Dentistry,Primary (general),1,1457608986,2012,Stale,NPPES NPI 1457608986,,,
B,"Dental Professionals Of Virginia, P.C.",Herndon,VA,(703) 955-4221,Kim Wilson,Cred. Supervisor,,,,,1020 Elden St Suite 106,20170,General Dentistry,Primary (general),1,1992103543,2014,Stale,NPPES NPI 1992103543,,,
B,"Dulles Dental Center, P.C.",Herndon,VA,(703) 471-8080,Firouzeh Abbassi,Office Manager,,,,,1035 Sterling Rd Suite 204,20170,General Dentistry,Primary (general),1,1730391723,2009,Stale,NPPES NPI 1730391723,,,
B,"Elham Safari D.d.s., P.C.",Herndon,VA,(703) 787-7778,"Elham Safari, D.D.S.",Owner,,,,,555 Grove St Suite 108,20170,General Dentistry,Primary (general),1,1972799922,2008,Stale,NPPES NPI 1972799922,,,
B,Herndon Walking Smiles,Herndon,VA,(703) 437-6366,"Malik Usman, DDS",Dentist,,,,,201 Elden St Ste 102,20170,General Dentistry,Primary (general),2,1992110811,2014,Stale,NPPES NPI 1992110811,,,
B,"Hyuksoo Kwon, Dds, PC",Herndon,VA,(703) 956-6995,"Hyuksoo Kwon, D.D.S.",President,,,,,346 Elden St,20170,General Dentistry,Primary (general),1,1174965867,2013,Stale,NPPES NPI 1174965867,,,
B,"J Brian Queen, Dds, PC",Herndon,VA,(703) 689-2480,"J Queen, DDS",Owner/dentist,,,,,102 Elden St Suite 20,20170,General Dentistry,Primary (general),1,1174508196,2014,Stale,NPPES NPI 1174508196,,,
B,"Lana Soules D.d.s., Inc.",Herndon,VA,(703) 787-3585,"Lana Soules, DDS",President,,,,,112 Elden St Suite S,20170,General Dentistry,Primary (general),1,1821213984,2011,Stale,NPPES NPI 1821213984,,,
B,"M.f.hakimelahi,dds,inc.",Herndon,VA,(703) 435-7700,"Farhad Hakim, D.D.S",Owner,,,,,625 Elden St Suite#201,20170,General Dentistry,Primary (general),1,1275836025,2010,Stale,NPPES NPI 1275836025,,,
B,Marcos Grande DDS PLLC,Herndon,VA,(703) 471-7164,"Marcos Grande, DDS",Dentist,,,,,108 Elden St 10,20170,General Dentistry,Primary (general),1,1326462367,2014,Stale,NPPES NPI 1326462367,,,
B,"Mark S Jefferies, Dmd, Plc",Herndon,VA,(703) 793-1771,"Mark Jefferies, DMD",President,,,,,2465 Centreville Rd J-15,20171,General Dentistry,Primary (general),1,1922260637,2008,Stale,NPPES NPI 1922260637,,,
B,"Michael G Cattafesta, Dds, PC",Herndon,VA,(703) 620-4050,"Michael Cattafesta, DDS",Owner,,,,,2579 John Milton Dr Ste 350,20171,General Dentistry,Primary (general),1,1851505622,2008,Stale,NPPES NPI 1851505622,,,
B,"Neibauer Dental Care, PC",Herndon,VA,(703) 435-9178,Kelli Walker,Insurance/credentialing,,,,,12973 Highland Crossing Dr Ste E,20171,General Dentistry,Primary (general),1,1326315037,2011,Stale,NPPES NPI 1326315037,,,
B,Skinner Ossakow & Associates,Herndon,VA,(703) 437-0333,Tara Golden,Office Manager,,,,,3065 Centreville Rd Unit A,20171,General Dentistry,Primary (general),1,1669605754,2009,Stale,NPPES NPI 1669605754,,,
B,The Tooth Doc Family Dentistry,Herndon,VA,(703) 793-0291,"Imaney Ahmad, DMD",Dentist,,,,,2465 Centreville Rd Ste J-15,20171,General Dentistry,Primary (general),1,1295157501,2014,Stale,NPPES NPI 1295157501,,,
B,Addax Dental PLLC,Leesburg,VA,(703) 777-5939,"Michael Doe, DMD",Managing Clinical Director,,,,,546 E Market St,20176,General Dentistry,Primary (general),1,1154692408,2012,Stale,NPPES NPI 1154692408,,,
B,Amanda Brown DDS & Walter Collazo DDS,Leesburg,VA,(703) 777-8777,"Amanda Brown, DDS",Owner,,,,,2 Cardinal Park Dr SE Suite 201A,20175,General Dentistry,Primary (general),2,1023261773,2008,Stale,NPPES NPI 1023261773,,,
B,"Drs. Varney & Leipzig, Plc",Leesburg,VA,(703) 779-7779,"Sandra Varney, DMD",Dentist,,,,,540 Fort Evans Rd Suite 100,20176,General Dentistry,Primary (general),2,1679704035,2014,Stale,NPPES NPI 1679704035,,,
B,Elite Smiles Dental,Leesburg,VA,(703) 771-9494,Blaire Ring,Office Manager,,,,,552 Fort Evans Rd Suite 100,20176,General Dentistry,Primary (general),1,1902049372,2009,Stale,NPPES NPI 1902049372,,,
B,Family And Cosmetic Dentistry,Leesburg,VA,(703) 724-0015,Narjes Abtahi,Dentist,,,,,19420 Golf Vista Plz Ste 210,20176,General Dentistry,Primary (general),2,1154597573,2008,Stale,NPPES NPI 1154597573,,,
B,Gary S Nelson DMD Inc,Leesburg,VA,(703) 777-7307,"Gary Nelson, DMD",President,,,,,21 Fort Evans Rd NE Ste E,20176,General Dentistry,Primary (general),1,1609983931,2011,Stale,NPPES NPI 1609983931,,,
B,Loudoun Family And Cosmetic Dentistry,Leesburg,VA,(703) 858-9067,John Ullrich,Doctor,,,,,44125 Woodridge Pkwy Suite 160,20176,General Dentistry,Primary (general),2,1962821496,2014,Stale,NPPES NPI 1962821496,,,
B,"Mikhail Dental Services, PLLC",Leesburg,VA,(571) 455-0466,"Raymond Mikhail, DDS",Managing Member,,,,,1602 Village Market Blvd SE Suite #130,20175,General Dentistry,Primary (general),1,1265716252,2011,Stale,NPPES NPI 1265716252,,,
B,Ronald V Buro DDS PLLC,Leesburg,VA,(703) 777-1515,"Ronald Buro, DDS",Dentist,,,,,230 Fort Evans Rd,20176,General Dentistry,Primary (general),1,1952731796,2013,Stale,NPPES NPI 1952731796,,,
B,"Shahla Ranjbar, Dmd, Plc",Leesburg,VA,(703) 669-8688,"Shahla Ranjbar, D.M.D.",CEO,,,,,545 E Market St Ste G,20176,General Dentistry,Primary (general),1,1225238017,2007,Stale,NPPES NPI 1225238017,,,
B,Sue K Moon DDS PC,Leesburg,VA,(703) 771-3389,"Sue Moon, D.D.S.",Doctor,,,,,2 Cardinal Park Dr SE Ste 206A,20175,General Dentistry,Primary (general),1,1922345016,2013,Stale,NPPES NPI 1922345016,,,
B,"Vandana Sood, D.m.d., LLC",Leesburg,VA,(703) 723-9332,"Vandana Sood, D.M.D.",President,,,,,19420 Golf Vista Plz Suite 360,20176,General Dentistry,Primary (general),1,1437340163,2010,Stale,NPPES NPI 1437340163,,,
B,Central Virginia Family Dentistry,Lynchburg,VA,(434) 237-0004,"Shane Clairborne, DDS",Doctor,,,,,20936 Timberlake Rd Suite A,24502,General Dentistry,Primary (general),1,1104831635,2008,Stale,NPPES NPI 1104831635,,,
B,"Forest Dental Partners, PLLC",Lynchburg,VA,(434) 385-7307,"Joshua Binder, DDS.",Owner/partner,,,,,1604 Graves Mill Rd,24502,General Dentistry,Primary (general),2,1689919169,2012,Stale,NPPES NPI 1689919169,,,
B,James M Peery Jr DDS PC,Lynchburg,VA,(434) 847-5331,"James Peery, DDS",Owner,,,,,2104 Langhorne Rd,24501,General Dentistry,Primary (general),1,1104018803,2008,Stale,NPPES NPI 1104018803,,,
B,"W.lee Phillips D.d.s.,p.c.",Lynchburg,VA,(434) 239-7411,"Walter Phillips, D.D.S.",President,,,,,4700 Fort Ave,24502,General Dentistry,Primary (general),1,1245663863,2013,Stale,NPPES NPI 1245663863,,,
B,Ark Dental,Manassas,VA,(703) 368-5595,"Sunitha Palle, DDS",Dentist,,,,,8725 Digges Rd,20110,General Dentistry,Primary (general),2,1376985531,2013,Stale,NPPES NPI 1376985531,,,
B,Bawa PLLC,Manassas,VA,(571) 344-3397,"Anoop Bawa, DMD",Dentist,,,,,8567 Sudley Rd Ste A,20110,General Dentistry,Primary (general),1,1063621886,2010,Stale,NPPES NPI 1063621886,,,
B,"Borarath Yann, D.d.s., PC",Manassas,VA,(703) 330-0430,"Borarath Yann, DDS",Owner/president,,,,,10068 Dumfries Rd,20110,General Dentistry,Primary (general),1,1083887194,2008,Stale,NPPES NPI 1083887194,,,
B,Dental One Associates (manassas) P.C.,Manassas,VA,(703) 367-0599,Mike Cole,Insurance Director,,,,,7800 Sudley Rd # 7810,20109,General Dentistry,Primary (general),1,1396869632,2012,Stale,NPPES NPI 1396869632,,,
B,"Dental Professionals Of Virginia, P.c",Manassas,VA,(703) 369-2323,Carmen Woods,Ins Cood,,,,,9675 Liberia Ave Suite 101,20110,General Dentistry,Primary (general),1,1942413042,2014,Stale,NPPES NPI 1942413042,,,
B,"Dental Professionals Of Virginia, P.c",Manassas,VA,(571) 359-6424,Carmen Woods,Insurance/credentialing,,,,,11670 Sudley Manor Dr,20109,General Dentistry,Primary (general),1,1992127989,2014,Stale,NPPES NPI 1992127989,,,
B,Innovation Dental PLLC,Manassas,VA,(703) 330-3933,"Borarath Yann, D.D.S.",Owner,,,,,9940 Sowder Village Square,20109,General Dentistry,Primary (general),1,1225264302,2009,Stale,NPPES NPI 1225264302,,,
B,Kay Dental Care Associates PC,Manassas,VA,(703) 686-4343,"Jatinder Kaler, DMD",Director/president,,,,,8393 Centreville Rd,20111,General Dentistry,Primary (general),1,1811333685,2013,Stale,NPPES NPI 1811333685,,,
B,"Kevin Mendes, D.D.S. & Associates, P.L.L.C.",Manassas,VA,(703) 368-4725,"Kevin Mendes, D.D.S.",Owner,,,,,8404 Dorsey Cir,20110,General Dentistry,Primary (general),1,1316210792,2012,Stale,NPPES NPI 1316210792,,,
B,Nadder Hassan DDS PLLC,Manassas,VA,(703) 335-1020,"Nadder Hassan, DDS",Owner,,,,,9954 Liberia Ave,20110,General Dentistry,Primary (general),1,1548666357,2014,Stale,NPPES NPI 1548666357,,,
B,"Neibauer Dental Care, PC",Manassas,VA,(571) 921-9103,Kim Wilson,Credentialing Coord.,,,,,10051 Market Cir,20110,General Dentistry,Primary (general),1,1295002814,2011,Stale,NPPES NPI 1295002814,,,
B,"Sonu Kakar, D.d.s., Inc.",Manassas,VA,(703) 368-1169,"Deepak Kakar, D.D.S.",Owner,,,,,9001 Digges Rd Ste 202,20110,General Dentistry,Primary (general),1,1518138320,2008,Stale,NPPES NPI 1518138320,,,
B,Dr G Varkey DMD & Associates PC,Midlothian,VA,(804) 897-8550,"George Varkey, DMD",President,,,,,11627 Midlothian Tpke,23113,General Dentistry,Primary (general),1,1861662843,2008,Stale,NPPES NPI 1861662843,,,
B,Dr George P Varkey Dmd- Brandermill PC,Midlothian,VA,(804) 639-8338,"George Varkey, DMD",President,,,,,2330 Colony Crossing Pl,23112,General Dentistry,Primary (general),1,1649537390,2012,Stale,NPPES NPI 1649537390,,,
B,Dr Hood E Biggers DDS PC,Midlothian,VA,(804) 744-4000,"Hood Biggers, DDS",Owner Dentist,,,,,13542 Waterford Place,23112,General Dentistry,Primary (general),2,1568516227,2007,Stale,NPPES NPI 1568516227,,,
B,Dr Richard Vacca DDS,Midlothian,VA,(804) 739-9191,Sherrie Burton,Office Manager,,,,,5921 Harbour Ln,23112,General Dentistry,Primary (general),2,1538350434,2007,Stale,NPPES NPI 1538350434,,,
B,"Estes & Koelmel Dds, PC",Midlothian,VA,(804) 739-7391,"Matthew Estes, DDS",President,,,,,6025 Harbour Park Dr,23112,General Dentistry,Primary (general),2,1548696032,2013,Stale,NPPES NPI 1548696032,,,
B,Harbour Dental Inc,Midlothian,VA,(804) 739-6818,"Michael Krone, D.D.S.",Owner / President,,,,,13628 Hull Street Rd Suite14,23112,General Dentistry,Primary (general),1,1124168901,2008,Stale,NPPES NPI 1124168901,,,
B,Jame T Rickman IV DDS PC,Midlothian,VA,(804) 744-9622,"James Rickman, DDS",Owner Dentist,,,,,4904 Millridge Parkway East,23112,General Dentistry,Primary (general),2,1851584601,2007,Stale,NPPES NPI 1851584601,,,
B,Katherine H Helfrich,Midlothian,VA,(804) 739-6500,"Katherine Helfrich, D.D.S",Dentist,,,,,6510 Harbour View Ct,23112,General Dentistry,Primary (general),1,1831505239,2014,Stale,NPPES NPI 1831505239,,,
B,M Scott Gore DDS PC,Midlothian,VA,(804) 794-4588,"Michael Gore, DDS",President Of Corporation,,,,,14431 Sommerville Ct Suite A,23113,General Dentistry,Primary (general),2,1609925908,2011,Stale,NPPES NPI 1609925908,,,
B,Rebecca Angus DDS And F Lee Angus Jr DDS PLLC,Midlothian,VA,(804) 794-6893,"Rebecca Angus, DDS",Member,,,,,2400 Pagehurst Dr,23113,General Dentistry,Primary (general),1,1093081143,2012,Stale,NPPES NPI 1093081143,,,
B,"Terence Webber,d.d.s.",Midlothian,VA,(804) 639-7500,"Terence Webber, D.D.S.",Dentist,,,,,5921 Harbour Ln 500,23112,General Dentistry,Primary (general),1,1255508552,2008,Stale,NPPES NPI 1255508552,,,
B,"Benjamin T Watson, Iii, Dds, Plc",Newport News,VA,(757) 873-3322,"Benjamin Watson, D.D.S.",Owner,,,,,729 Thimble Shoals Blvd Suite 7E,23606,General Dentistry,Primary (general),2,1598802977,2008,Stale,NPPES NPI 1598802977,,,
B,"Clifford T Goodwin, DDS",Newport News,VA,(757) 930-3744,"Clifford Goodwin, D.D.S.",Dentist,,,,,12610 Patrick Henry Dr Suite G,23602,General Dentistry,Primary (general),1,1073918165,2014,Stale,NPPES NPI 1073918165,,,
B,"Dental Professionals Of Virginia, P.c",Newport News,VA,(757) 873-2777,Carmen Woods,Insurance Coordinator,,,,,635 Pilot House Dr,23606,General Dentistry,Primary (general),1,1275853095,2014,Stale,NPPES NPI 1275853095,,,
B,Dr Matthew Slattery DDS,Newport News,VA,(757) 595-2510,"Matthew Slattery, DDS PLLC",Owner,,,,,802 Old Oyster Point Road,23602,General Dentistry,Primary (general),1,1831363480,2008,Stale,NPPES NPI 1831363480,,,
B,"Gerald Q Freeman Jr., DDS LLC",Newport News,VA,(757) 599-3182,"Gerald Freeman, DDS",Dentist,,,,,12482 Warwick Blvd Ste G,23606,General Dentistry,Primary (general),1,1124424338,2014,Stale,NPPES NPI 1124424338,,,
B,"J F Foretich, Jr., D.D.S.",Newport News,VA,(757) 877-0775,"Jerome Foretich, DDS",Dentist,,,,,716 Denbigh Blvd Ste B-4,23608,General Dentistry,Primary (general),1,1770988644,2014,Stale,NPPES NPI 1770988644,,,
B,"John L Matney Orthodontist, Inc",Newport News,VA,(757) 596-8210,"John Matney, D.D.S.","Owner, President",,,,,12528 Warwick Blvd,23606,General Dentistry,Primary (general),1,1447515069,2012,Stale,NPPES NPI 1447515069,,,
B,Macgregor Enterprises LLC,Newport News,VA,(757) 594-9005,Brenda Tillage,Office Manager,,,,,703 Thimble Shoals Blvd Suite C-3,23606,General Dentistry,Primary (general),1,1407021934,2008,Stale,NPPES NPI 1407021934,,,
B,Michael E Sagman DDS Ltd,Newport News,VA,(757) 873-3600,"Michael Sagman, D.D.S.",President,,,,,732 Thimble Shoals Blvd Suite 903,23606,General Dentistry,Primary (general),1,1821289570,2007,Stale,NPPES NPI 1821289570,,,
B,Montague L Martin DDS,Newport News,VA,(757) 930-4800,"Montague Martin, DDS",Owner,,,,,12650 Warwick Blvd,23606,General Dentistry,Primary (general),1,1376722991,2007,Stale,NPPES NPI 1376722991,,,
B,Shannon M Martin,Newport News,VA,(757) 930-9100,"Shannon Martin, DDS",Dentist,,,,,12650 Warwick Blvd,23606,General Dentistry,Primary (general),1,1386839918,2007,Stale,NPPES NPI 1386839918,,,
B,Smiles Ahead Dental,Newport News,VA,(757) 872-9907,"Gerald Banks, DDS",Partner Dentist,,,,,478 Denbigh Blvd,23608,General Dentistry,Primary (general),1,1851684310,2011,Stale,NPPES NPI 1851684310,,,
B,Thimble Shoals Dental Center,Newport News,VA,(757) 310-6904,Amy Ford,Vice President Of Operations,,,,,748 McGuire Pl B,23601,General Dentistry,Primary (general),1,1730336033,2008,Stale,NPPES NPI 1730336033,,,
B,"Warwick Dental Center, PLLC",Newport News,VA,(757) 595-6224,Amy Ford,Vice President Of Operations,,,,,12420 Warwick Blvd 1A,23606,General Dentistry,Primary (general),1,1194972497,2008,Stale,NPPES NPI 1194972497,,,
B,"Bonnie & Horowitz, LLC",Norfolk,VA,(757) 587-7400,"Marshall Bonnie, D.D.S.",Owner,,,,,7400 Granby St,23505,General Dentistry,Primary (general),1,1699011239,2013,Stale,NPPES NPI 1699011239,,,
B,"David T Marshall, Dds, PC",Norfolk,VA,(757) 489-4221,"David Marshall, DDS",Dentist,,,,,110 Kingsley Ln Suite 203,23505,General Dentistry,Primary (general),1,1184961690,2013,Stale,NPPES NPI 1184961690,,,
B,"Dental Professionals Of Virginia, P.c",Norfolk,VA,(757) 622-3776,Carmen Woods,Insurance Coordinator,,,,,5621 Tidewater Dr,23509,General Dentistry,Primary (general),1,1679893804,2014,Stale,NPPES NPI 1679893804,,,
B,Douglas John Hughes DDS PC,Norfolk,VA,(757) 583-1212,"Douglas Hughes, DDS",President,,,,,1542 E Bayview Blvd,23503,General Dentistry,Primary (general),1,1316175383,2009,Stale,NPPES NPI 1316175383,,,
B,"Edward J Weisberg, D.D.S. & Associates PC",Norfolk,VA,(757) 440-0044,"Edward Weisberg, D.S.S.",President,,,,,801 W Little Creek Rd Suite 103,23505,General Dentistry,Primary (general),2,1861550634,2007,Stale,NPPES NPI 1861550634,,,
B,James H Boyd Jr DDS Ltd,Norfolk,VA,(757) 623-4820,James Boyd,Dentist,,,,,549 E Brambleton Avenue Ste 9,23510,General Dentistry,Primary (general),1,1053583336,2008,Stale,NPPES NPI 1053583336,,,
B,John B Lapetina Jr D.D.S. P.C.,Norfolk,VA,(757) 588-0276,"John Lapetina, D.D.S.",President,,,,,9601 Granby St,23503,General Dentistry,Primary (general),1,1356516363,2008,Stale,NPPES NPI 1356516363,,,
B,"Kevin F Honore D.d.s.,p.c.",Norfolk,VA,(757) 588-8162,"Kevin Honore, D.D.S.",President,,,,,2370 E Little Creek Rd,23518,General Dentistry,Primary (general),1,1831386010,2007,Stale,NPPES NPI 1831386010,,,
B,Partners In Dental Health II,Norfolk,VA,(757) 588-1563,"Keenan Davis, DDS",Partner,,,,,738 E Bayview Blvd Ste 3,23503,General Dentistry,Primary (general),1,1720237811,2008,Stale,NPPES NPI 1720237811,,,
B,"Tidewater Dental Center, PLLC",Norfolk,VA,(757) 622-4245,Amy Ford,Vice President Of Operations,,,,,425 W 20TH St 3,23517,General Dentistry,Primary (general),1,1275789950,2008,Stale,NPPES NPI 1275789950,,,
B,William E Brown DDS Ltd,Norfolk,VA,(757) 622-8884,William Brown,Dentist,,,,,549 E Brambleton Ave Ste 11,23510,General Dentistry,Primary (general),1,1396917126,2008,Stale,NPPES NPI 1396917126,,,
B,Dental First Plc,Petersburg,VA,(804) 732-0056,Fouad Farooqi,CEO,,,,,104 Morton Ave,23805,General Dentistry,Primary (general),1,1154755445,2013,Stale,NPPES NPI 1154755445,,,
B,Aramesh Darvishian DDS,Reston,VA,(703) 955-4440,"Aramesh Darvishian, DDS",Dentist/owner,,,,,12040 S Lakes Dr Suite 200,20191,General Dentistry,Primary (general),2,1831423144,2009,Stale,NPPES NPI 1831423144,,,
B,"Drs. Novick, Hartz & Hall, PC",Reston,VA,(703) 437-8811,"Arthur Novick, D.D.S.",Owner,,,,,11325 Sunset Hills Rd,20190,General Dentistry,Primary (general),2,1730205824,2008,Stale,NPPES NPI 1730205824,,,
B,Ea Dental,Reston,VA,(703) 689-0110,"Jenny Cheung, D.D.S.",CEO,,,,,11345 Sunset Hills Rd,20190,General Dentistry,Primary (general),2,1700217221,2013,Stale,NPPES NPI 1700217221,,,
B,Nova Dental,Reston,VA,(571) 313-1535,"Richard Sun, DDS",President,,,,,11872 Sunrise Valley Dr Suite 101,20191,General Dentistry,Primary (general),1,1366794026,2012,Stale,NPPES NPI 1366794026,,,
B,Reston Family & Cosmetic Dentistry,Reston,VA,(703) 437-5555,"Monica Neshat, D.D.S.",Owner/doctor,,,,,1984 Isaac Newton Sq W Ste 100,20190,General Dentistry,Primary (general),1,1194911040,2007,Stale,NPPES NPI 1194911040,,,
B,"Reston Sunrise Dentistry, PC",Reston,VA,(703) 860-4149,"Hanah Pham, D.D.S.",President,,,,,12359 Sunrise Valley Dr Ste 330,20191,General Dentistry,Primary (general),1,1972790376,2007,Stale,NPPES NPI 1972790376,,,
B,Watt And Clark L.C.,Reston,VA,(703) 391-2600,"Brian Clark, D.D.S.",President,,,,,1950 Roland Clarke Pl Suite # 420,20191,General Dentistry,Primary (general),1,1467647727,2007,Stale,NPPES NPI 1467647727,,,
B,"Ailin Shan,dmd,pllc",Richmond,VA,(804) 756-6658,"Ailin Shan, DMD",President,,,,,5412 Glenside Dr Suite C,23228,General Dentistry,Primary (general),1,1962672535,2008,Stale,NPPES NPI 1962672535,,,
B,"Alan M Padgett, DDS",Richmond,VA,(804) 320-6997,"Alan Padgett, DDS",Dentist,,,,,9015 Forest Hill Ave,23235,General Dentistry,Primary (general),1,1164616538,2007,Stale,NPPES NPI 1164616538,,,
B,"Andrew S Norman And Kurt M Obeck, D.D.S.",Richmond,VA,(804) 288-0102,Cheryl Araujo,Office Manager,,,,,7229 Forest Ave Suite 105,23226,General Dentistry,Primary (general),2,1700078573,2007,Stale,NPPES NPI 1700078573,,,
B,Chad M Van Scyoc DDS PC,Richmond,VA,(804) 270-7425,"Chad Van Scyoc, DDS PC",General Dentist,,,,,2821 N Parham Rd Suite 202,23294,General Dentistry,Primary (general),1,1114036191,2013,Stale,NPPES NPI 1114036191,,,
B,Chesterfield Dental Center PLLC,Richmond,VA,(804) 379-7855,"Michael McQuade, D.D.S",Owner,,,,,4909 Nine Mile Rd Suite A-40,23223,General Dentistry,Primary (general),2,1841542255,2012,Stale,NPPES NPI 1841542255,,,
B,Counts & King DDS Ltd,Richmond,VA,(804) 285-8609,"Edward King, DDS",Pres,,,,,5700 Old Richmond Ave Suite E-22,23226,General Dentistry,Primary (general),2,1891952446,2008,Stale,NPPES NPI 1891952446,,,
B,"Craig Blackham, DDS PC",Richmond,VA,(804) 222-3310,"Craig Blackham, DDS",Dentist,,,,,7063 Messer Rd,23231,General Dentistry,Primary (general),2,1104222736,2014,Stale,NPPES NPI 1104222736,,,
B,Damirchi D.d.s,Richmond,VA,(804) 741-5700,"Nasser Damirchi, D.D.S.",President/owner,,,,,8600 Quioccasin Rd Ste 205,23229,General Dentistry,Primary (general),1,1942492129,2007,Stale,NPPES NPI 1942492129,,,
B,David B Pemberton DDS PC,Richmond,VA,(804) 233-6811,"David Pemberton, DDS",Doctor Of Dental Surgery,,,,,101 Cowardin Avenue Suite 303,23224,General Dentistry,Primary (general),1,1629098199,2010,Stale,NPPES NPI 1629098199,,,
B,Dental Solutions,Richmond,VA,(804) 320-3683,Dale Chandler,Office Manager,,,,,9732 Midlothian Tpke,23235,General Dentistry,Primary (general),1,1841463379,2008,Stale,NPPES NPI 1841463379,,,
B,Dhakar Family Dentistry,Richmond,VA,(804) 447-4801,"Surya Dhakar, DDS","Dentist, President",,,,,1633 Williamsburg Rd,23231,General Dentistry,Primary (general),1,1689918252,2012,Stale,NPPES NPI 1689918252,,,
B,Dr Sandra J Smith,Richmond,VA,(804) 743-9235,"Sandra Smith, DDS",Dentist,,,,,3805 Jefferson Davis Hwy,23234,General Dentistry,Primary (general),1,1528238086,2008,Stale,NPPES NPI 1528238086,,,
B,"Dr Walter D Felton, D.D.S.",Richmond,VA,(804) 271-9321,"Walter Felton, D.D.S.",Dentist,,,,,4121 Meadowdale Blvd Ste 101,23234,General Dentistry,Primary (general),1,1639360274,2007,Stale,NPPES NPI 1639360274,,,
B,"Elizabeth A Lee, D.d.s., P.C.",Richmond,VA,(804) 288-4526,"Elizabeth Lee, D.D.S.",Owner/dentist,,,,,5700 Old Richmond Ave Sutie D-17,23226,General Dentistry,Primary (general),1,1184854648,2009,Stale,NPPES NPI 1184854648,,,
B,Feisal Osman DDS,Richmond,VA,(804) 364-1696,"Feisal Osman, DENTIST",Owner Doctor,,,,,3033 Lauderdale Dr,23233,General Dentistry,Primary (general),1,1710173950,2008,Stale,NPPES NPI 1710173950,,,
B,Fred F Kennett DDS PC,Richmond,VA,(804) 330-4324,Fred Kennett,President,,,,,11453 Robious Road,23235,General Dentistry,Primary (general),1,1396932604,2007,Stale,NPPES NPI 1396932604,,,
B,Hudson & Hudson,Richmond,VA,(804) 740-8320,"Paul Hudson, DDS",Dentist/owner,,,,,1801 Raintree Dr Suite A,23238,General Dentistry,Primary (general),1,1306986120,2012,Stale,NPPES NPI 1306986120,,,
B,J A Mera Ddspc & Associates,Richmond,VA,(804) 379-9375,Debra Hockett,Office Administrator,,,,,11507 Allecingie Pkwy,23235,General Dentistry,Primary (general),1,1861653974,2008,Stale,NPPES NPI 1861653974,,,
B,"James L Muncy, Dds, PC",Richmond,VA,(804) 290-0490,"James Muncy, DDS",Owner/dentist,,,,,2817 N Parham Rd,23294,General Dentistry,Primary (general),1,1285056648,2014,Stale,NPPES NPI 1285056648,,,
B,"James River Family Dentistry, P.C.",Richmond,VA,(804) 323-4200,"Marci Guthrie, DDS",President,,,,,2805 McRae Rd,23235,General Dentistry,Primary (general),1,1285898841,2014,Stale,NPPES NPI 1285898841,,,
B,Jason R Paige DDS PC,Richmond,VA,(804) 321-4065,"Jason Paige, DDS",President,,,,,2928 North Ave,23222,General Dentistry,Primary (general),1,1487842456,2007,Stale,NPPES NPI 1487842456,,,
B,"Millan Dental Care Ii, PC",Richmond,VA,(804) 269-3951,"Alirio Millan, DDS",President,,,,,505 W Leigh St Suite 204,23220,General Dentistry,Primary (general),1,1063727501,2010,Stale,NPPES NPI 1063727501,,,
B,"Paul Y, Da Cunha, Dmd, PC",Richmond,VA,(804) 262-9563,Paul Da Cunha,General Dentist,,,,,8503 Patterson Ave Suite C,23229,General Dentistry,Primary (general),1,1770731861,2009,Stale,NPPES NPI 1770731861,,,
B,"Richmond Smiles Youth Dentistry, LLC",Richmond,VA,(804) 266-5040,Jenell Stump,"Manager, Licensing & Credentialing",,,,,5322 Chamberlayne Ave,23227,General Dentistry,Primary (general),1,1073582235,2014,Stale,NPPES NPI 1073582235,,,
B,Stacy Z Lukanuski DDS Plc,Richmond,VA,(804) 264-9460,"Stacy Lukanuski, D.D.S.",DDS,,,,,2105 E Parham Rd Suite 107,23228,General Dentistry,Primary (general),1,1659560886,2008,Stale,NPPES NPI 1659560886,,,
B,"Stephen S Young, D.d.s., P.C.",Richmond,VA,(804) 741-2812,"Stephen Young, D.D.S.",President/dentist/owner,,,,,1107 Westbriar Dr,23238,General Dentistry,Primary (general),1,1053372151,2011,Stale,NPPES NPI 1053372151,,,
B,"Virginia Dental Sleep Solutions, LLC",Richmond,VA,(804) 972-0468,"Michael McMunn, DDS",Owner/dentist,,,,,8804 Patterson Ave Suite 100,23229,General Dentistry,Primary (general),1,1548534332,2012,Stale,NPPES NPI 1548534332,,,
B,"William T Boland, DMD",Richmond,VA,(804) 288-4103,Janice Lukomski,Office Manager,,,,,5700 Old Richmond Ave Suite D-15,23226,General Dentistry,Primary (general),1,1144408170,2008,Stale,NPPES NPI 1144408170,,,
B,"Dr Mark G Turner, Dds., P.C.",Roanoke,VA,(540) 992-3420,"Tia Turner, PH.D.",Manager,,,,,192 Summerfield Ct Ste.201,24019,General Dentistry,Primary (general),1,1437320371,2008,Stale,NPPES NPI 1437320371,,,
B,"Gary A Roach, Dds, Ltd",Roanoke,VA,(540) 774-1019,"Gary Roach, DDS",Owner/president,,,,,5004 Brambleton Ave,24018,General Dentistry,Primary (general),1,1093044406,2009,Stale,NPPES NPI 1093044406,,,
B,"Gregory S Hughes, D.m.d.,pc",Roanoke,VA,(540) 366-8325,Joanne Stultz,Financial Coordinator,,,,,2840 Hershberger Rd NW Ste C,24017,General Dentistry,Primary (general),1,1578739868,2008,Stale,NPPES NPI 1578739868,,,
B,H Patrick Russell II DMD PC,Roanoke,VA,(540) 772-7135,"H Russell, DMD",Owner Dentist,,,,,4736 Starkey Rd Ste B,24018,General Dentistry,Primary (general),1,1497941058,2007,Stale,NPPES NPI 1497941058,,,
B,Huffman & Kreger Family Dentistry PLLC,Roanoke,VA,(540) 989-3321,"Richard Huffman, DDS",Dentist,,,,,4346 Starkey Rd Suite 3,24018,General Dentistry,Primary (general),2,1912316423,2014,Stale,NPPES NPI 1912316423,,,
B,Love Family Dentistry,Roanoke,VA,(540) 904-2300,Peggy Lovecchio,Dentist,,,,,2766 Electric Rd Suite A,24018,General Dentistry,Primary (general),1,1639577281,2014,Stale,NPPES NPI 1639577281,,,
B,"Randy J Norbo, Dds, PC",Roanoke,VA,(540) 344-4798,"Randy Norbo, DDS",Owner,,,,,1414 Franklin Rd SW Suite 3,24016,General Dentistry,Primary (general),1,1194917054,2007,Stale,NPPES NPI 1194917054,,,
B,Richard D Smith II DDS PC,Roanoke,VA,(540) 769-5020,Sarah Jones,Office Manager,,,,,4572 Franklin Rd SW,24014,General Dentistry,Primary (general),1,1285955260,2010,Stale,NPPES NPI 1285955260,,,
B,"Roanoke Smiles Youth Dentistry, LLC",Roanoke,VA,(540) 362-5437,Jenell Stump,Manager,,,,,5002 Airport Rd NW Unit 130,24012,General Dentistry,Primary (general),1,1851489116,2014,Stale,NPPES NPI 1851489116,,,
B,Roanoke Valley Dental,Roanoke,VA,(540) 345-4894,"Alice Bower, D.D.S.",Sole Proprietor,,,,,1618 Grandin Rd SW,24015,General Dentistry,Primary (general),1,1700283082,2014,Stale,NPPES NPI 1700283082,,,
B,"Semtner & Semtner, Dds, Inc.",Roanoke,VA,(540) 989-0112,"Robert Semtner, DDS",Owner,,,,,4370 Starkey Rd Ste 1B,24018,General Dentistry,Primary (general),1,1417007295,2010,Stale,NPPES NPI 1417007295,,,
B,"Starkey Road Dental, Inc.",Roanoke,VA,(540) 774-0042,"Robert Semtner, DDS",Owner,,,,,4370 Starkey Rd Ste 2,24018,General Dentistry,Primary (general),1,1518143585,2008,Stale,NPPES NPI 1518143585,,,
B,Apple Family Dentistry PLLC,Springfield,VA,(703) 569-6770,"Miljenka Barlow, DMD",Dentist,,,,,6220 Rolling Rd,22152,General Dentistry,Primary (general),1,1093008740,2011,Stale,NPPES NPI 1093008740,,,
B,"Audrey Maiurano,dds,pc",Springfield,VA,(703) 455-5555,"Audrey Maiurano, DDS",Doctor,,,,,7841 Rolling Rd Suite C,22153,General Dentistry,Primary (general),1,1972933000,2013,Stale,NPPES NPI 1972933000,,,
B,Brookfield Dental Associates,Springfield,VA,(703) 913-1377,Pariana Tung,Member,,,,,7010 Brookfield Plz,22150,General Dentistry,Primary (general),1,1003088030,2008,Stale,NPPES NPI 1003088030,,,
B,Burke Family And Cosmetic Dentistry,Springfield,VA,(703) 764-1112,"Nhien Lu, D.D.S.",Dentist,,,,,6116 Rolling Rd Ste 108,22152,General Dentistry,Primary (general),1,1275551129,2007,Stale,NPPES NPI 1275551129,,,
B,David Asgari DMD,Springfield,VA,(703) 313-7000,"Navid Asgari, D.M.D.",Proctice Owner/dentist,,,,,6525C Frontier Dr,22150,General Dentistry,Primary (general),1,1063828127,2014,Stale,NPPES NPI 1063828127,,,
B,"Dental Professionals Of Virginia, P.c",Springfield,VA,(703) 992-7050,Carmen Woods,Insurance/credentialing,,,,,6671B Backlick Rd Suite 15-17,22150,General Dentistry,Primary (general),1,1912251034,2014,Stale,NPPES NPI 1912251034,,,
B,Rolling Valley Dental Plc,Springfield,VA,(954) 667-8136,"Faisal Elhussein, DMD",Dentist,,,,,6373 Trips Way,22150,General Dentistry,Primary (general),1,1326476300,2013,Stale,NPPES NPI 1326476300,,,
B,True Smile,Springfield,VA,(703) 980-8227,"Hai Trieu, D.D.S.",Dentist,,,,,5312 Atlee Pl,22151,General Dentistry,Primary (general),1,1841500337,2010,Stale,NPPES NPI 1841500337,,,
B,Bowman R Browne DDS PC,Suffolk,VA,(757) 484-0600,Bowman Browne,President,,,,,5705 Lee Farm Lane Suite B,23435,General Dentistry,Primary (general),1,1962678839,2008,Stale,NPPES NPI 1962678839,,,
B,"Lefcoe, Weinstein, Sachs, Schiff & Associates",Suffolk,VA,(757) 410-0180,Robin Greene,Practice Administrator,,,,,210 Meadow View Boulevard,23435,General Dentistry,Primary (general),1,1770899247,2010,Stale,NPPES NPI 1770899247,,,
B,"Lynne C Faxio, Dds, P.C.",Suffolk,VA,(757) 934-6040,"Lynne Faxio, DDS",Owner,,,,,2999 Corporate Ln Suite B11,23434,General Dentistry,Primary (general),1,1992006449,2012,Stale,NPPES NPI 1992006449,,,
B,R L Howell DDS And Associates PC,Suffolk,VA,(757) 539-7695,"Ralph Howell, DDS",Dentist Owner,,,,,102 Western Ave,23434,General Dentistry,Primary (general),1,1528276847,2012,Stale,NPPES NPI 1528276847,,,
B,Dina Edelbi DMD PLLC,Vienna,VA,(703) 356-0250,"Dina Edelbi, D.M.D",Dr,,,,,8310 Old Courthouse Rd Ste A,22182,General Dentistry,Primary (general),4,1053750216,2013,Stale,NPPES NPI 1053750216,,,
B,Dr Rami Tahhan DDS PLLC,Vienna,VA,(703) 229-9991,"Rami Tahhan, D.D.S.",President,,,,,8310 Old Courthouse Rd,22182,General Dentistry,Primary (general),1,1346689593,2013,Stale,NPPES NPI 1346689593,,,
B,Forough Parvizian-Yazdani D.D.S.,Vienna,VA,(703) 938-0774,"Forough Yazdani, D.D.S.",Owner,,,,,212 Park St SE,22180,General Dentistry,Primary (general),1,1194950634,2009,Stale,NPPES NPI 1194950634,,,
B,"Mitra Hooshangi Dds, LLC",Vienna,VA,(703) 893-7900,Mitra Hooshangi,Dentist,,,,,2112 Gallows Rd # D,22182,General Dentistry,Primary (general),1,1497163638,2014,Stale,NPPES NPI 1497163638,,,
B,Monarch Dentistry,Vienna,VA,(571) 295-5354,"Neil Flenniken, DDS",President,,,,,8300 Boone Blvd Suite 140,22182,General Dentistry,Primary (general),1,1588965214,2010,Stale,NPPES NPI 1588965214,,,
B,N R Emad DDS PC,Vienna,VA,(703) 938-7615,Maria Fulton,Front Desk,,,,,307 F Maple Ave W #100,22180,General Dentistry,Primary (general),1,1326454562,2014,Stale,NPPES NPI 1326454562,,,
B,"Robert E Kuga, D.d.s., P.C.",Vienna,VA,(703) 281-1300,"Robert Kuga, D.D.S.",Dentist,,,,,115 Park St SE Suite 201,22180,General Dentistry,Primary (general),1,1598959173,2007,Stale,NPPES NPI 1598959173,,,
B,Ronald M Rosenberg DDS MS Ltd,Vienna,VA,(703) 893-1640,"Ronald Rosenberg, DDS",President Practitioner,,,,,8308 Old Courthouse Rd Suite D,22182,General Dentistry,Primary (general),1,1194830380,2014,Stale,NPPES NPI 1194830380,,,
B,"Shahram Sabet Dds, PC",Vienna,VA,(703) 281-1311,"Shahram Sabet, DDS",President,,,,,360 Maple Ave W Ste C,22180,General Dentistry,Primary (general),1,1760675797,2007,Stale,NPPES NPI 1760675797,,,
B,Sherry Anoushfar D D S P C,Vienna,VA,(703) 319-9880,"Mohsen Izadi, D.D.S.",Doctor,,,,,133 Maple Ave E 206,22180,General Dentistry,Primary (general),1,1629492871,2014,Stale,NPPES NPI 1629492871,,,
B,Tysons Corner Advanced Dental Center PC,Vienna,VA,(703) 288-4700,"Hasan Osseivan, DDS MS MAGD",Owner President,,,,,8150 Leesburg Pike Suite 900,22182,General Dentistry,Primary (general),1,1356528327,2008,Stale,NPPES NPI 1356528327,,,
B,"Alan R Kessler, DDS",Virginia Beach,VA,(757) 340-8805,"Alan Kessler, DDS",Dentist,,,,,2404 Potters Rd Suite 400,23454,General Dentistry,Primary (general),4,1689910978,2012,Stale,NPPES NPI 1689910978,,,
B,Allen C Karp Family Dentistry,Virginia Beach,VA,(757) 495-5010,"Allen Karp, DDS",Dentist Owner,,,,,4676 Princess Anne Road Suite 100,23462,General Dentistry,Primary (general),2,1932392925,2007,Stale,NPPES NPI 1932392925,,,
B,"Atlantic Dental Care, Plc",Virginia Beach,VA,(757) 486-4469,"Clayborn Hendricks, D.D.S.",Chairman,,,,,737 Little Neck Rd,23452,General Dentistry,Primary (general),2,1831434711,2012,Stale,NPPES NPI 1831434711,,,
B,"Blaine Travis Bohrer, DDS",Virginia Beach,VA,(757) 428-8282,"Blaine Bohrer, DDS",Dentist,,,,,1577 General Booth Blvd #107,23454,General Dentistry,Primary (general),1,1861674699,2007,Stale,NPPES NPI 1861674699,,,
B,"Blanchard Dentistry, LLC",Virginia Beach,VA,(757) 321-1300,"Deborah Blanchard, DDS",Dentist-Owner,,,,,506 Pinewood Sq,23451,General Dentistry,Primary (general),2,1780828855,2011,Stale,NPPES NPI 1780828855,,,
B,Brady Christenson Family Dentistry,Virginia Beach,VA,(757) 473-5706,"Timothy Brady, D.D.S.",President,,,,,4701 Columbus St Suite 105,23462,General Dentistry,Primary (general),1,1689893158,2008,Stale,NPPES NPI 1689893158,,,
B,"Bruce H Utterback, DMD And Pia Aragon Sweeney, Dds, PC",Virginia Beach,VA,(757) 490-0419,"Bruce Utterback, DMD",President,,,,,814 Newtown Rd,23462,General Dentistry,Primary (general),1,1548376361,2008,Stale,NPPES NPI 1548376361,,,
B,Cary L Savage Jr DDS PC,Virginia Beach,VA,(757) 499-3522,"Cary Savage, DDS",Owner,,,,,4400 Corporation Lane Suite 101,23462,General Dentistry,Primary (general),1,1609056688,2007,Stale,NPPES NPI 1609056688,,,
B,Centre For Dental Excellence,Virginia Beach,VA,(757) 427-7130,"Thomas Dunham, DDS",Dentist,,,,,2008 General Booth Blvd Suite A,23454,General Dentistry,Primary (general),1,1891126702,2013,Stale,NPPES NPI 1891126702,,,
B,"Dag Zapatero,dds",Virginia Beach,VA,(757) 481-3893,"Dagoberto Zapatero, DDS",Sole Proprietor,,,,,3020 Shore Dr Suite A,23451,General Dentistry,Primary (general),1,1740472729,2007,Stale,NPPES NPI 1740472729,,,
B,"David L Jones, DDS & Assoc., PC",Virginia Beach,VA,(757) 427-9300,"David Jones, DDS",Dentist,,,,,2236 General Booth Blvd Ste 100,23456,General Dentistry,Primary (general),3,1861738031,2012,Stale,NPPES NPI 1861738031,,,
B,David Throckmorton Jr.,Virginia Beach,VA,(757) 498-1663,"David Throckmorton, DDS",Dentist,,,,,3720 Holland Rd Ste 102,23452,General Dentistry,Primary (general),1,1649601444,2013,Stale,NPPES NPI 1649601444,,,
B,"Dental Professionals Of Virginia, P.C.",Virginia Beach,VA,(757) 301-4119,Carmen Woods,Credentialing Coordinator,,,,,1909 Landstown Centre Way Suite 100,23456,General Dentistry,Primary (general),1,1871981993,2014,Stale,NPPES NPI 1871981993,,,
B,"Dental Professionals Of Virginia, P.c",Virginia Beach,VA,(757) 499-0567,Carmen Woods,Insurance Coordinator,,,,,"4530 Professional Cir Morrison Road, Suite A",23455,General Dentistry,Primary (general),2,1992025134,2014,Stale,NPPES NPI 1992025134,,,
B,"Dentistry First, PC",Virginia Beach,VA,(757) 366-5084,"Adam Hogan, DDS",President,,,,,5564 Indian River Rd,23464,General Dentistry,Primary (general),1,1003124108,2010,Stale,NPPES NPI 1003124108,,,
B,"Derrick M Broadaway, D.d.s., PC",Virginia Beach,VA,(757) 471-6672,"Joyce Davis, CDPMA",Office Manager,,,,,3809 Princess Anne Rd Suite 111,23456,General Dentistry,Primary (general),1,1316156102,2008,Stale,NPPES NPI 1316156102,,,
B,"Dr Adam M Hogan D.d.s.,pc",Virginia Beach,VA,(757) 464-3514,Lynn Baker,Office Manager,,,,,2021 Pleasure House Rd,23455,General Dentistry,Primary (general),2,1982895348,2007,Stale,NPPES NPI 1982895348,,,
B,Dr Michael J Sims D.M.D. PC,Virginia Beach,VA,(757) 427-0695,"Michael Sims, D.M.D.",Dentist,,,,,2109 McComas Way St 101,23456,General Dentistry,Primary (general),2,1861671638,2007,Stale,NPPES NPI 1861671638,,,
B,Dr Thomas J O'Hara,Virginia Beach,VA,(757) 340-1153,"Thomas O'Hara, DDS",Dentist,,,,,242 Mustang Trl Suite #9,23452,General Dentistry,Primary (general),1,1912113119,2008,Stale,NPPES NPI 1912113119,,,
B,"Eric A Hosek D.d.s.,p.c.",Virginia Beach,VA,(757) 481-5900,"Eric Hosek, D.D.S.",Dentist,,,,,1357 N Great Neck Rd Suite 101,23454,General Dentistry,Primary (general),1,1275878647,2012,Stale,NPPES NPI 1275878647,,,
B,Evelyn Luma DDS PLLC,Virginia Beach,VA,(757) 430-2600,"Evelyn Luma, DDS",Dentist,,,,,1244 Perimeter Pkwy Suite 444,23454,General Dentistry,Primary (general),1,1700122850,2012,Stale,NPPES NPI 1700122850,,,
B,"Family Dentistry Town Center, Inc.",Virginia Beach,VA,(757) 497-3279,"Gwendolyn Holley, D.D.S.",President,,,,,310 Horace Ave,23462,General Dentistry,Primary (general),1,1417128240,2008,Stale,NPPES NPI 1417128240,,,
B,Francisco A Aviles DDS PC,Virginia Beach,VA,(757) 301-6999,"Francisco Aviles, DDS",President,,,,,2125 McComas Way Ste 105,23456,General Dentistry,Primary (general),1,1285917864,2011,Stale,NPPES NPI 1285917864,,,
B,Gentle Dental Center,Virginia Beach,VA,(757) 431-1300,Connie Miller,Practice Manager,,,,,3497 Holland Rd Suite 112/113,23452,General Dentistry,Primary (general),1,1942543293,2013,Stale,NPPES NPI 1942543293,,,
B,"Gigliotti, Arnaudin & Barton, D.d.s.,p.c.",Virginia Beach,VA,(757) 496-0993,"Frank Gigliotti, D.D.S.",President,,,,,1000 First Colonial Rd Suite 104,23454,General Dentistry,Primary (general),1,1245576693,2013,Stale,NPPES NPI 1245576693,,,
B,Harmony Dental Group,Virginia Beach,VA,(757) 495-8775,Kaiping Xu,Owner,,,,,401 Green Meadows Dr Suite B,23462,General Dentistry,Primary (general),1,1891119277,2014,Stale,NPPES NPI 1891119277,,,
B,"Hoek Esthetic Family Dentistry, Inc",Virginia Beach,VA,(239) 470-4181,"Meredith Hoek, DDS",President/dentist,,,,,1169 Nimmo Pkwy 242,23456,General Dentistry,Primary (general),1,1316384621,2013,Stale,NPPES NPI 1316384621,,,
B,Holley Family Dentistry Of Virginia Beach,Virginia Beach,VA,(757) 425-1155,Wanda McNair,Office Mgr,,,,,940 General Booth Blvd Suite C,23451,General Dentistry,Primary (general),1,1417385931,2013,Stale,NPPES NPI 1417385931,,,
B,Ideal Smiles Family & Cosmetic Dentistry,Virginia Beach,VA,(757) 962-7000,"Shabana Zahir, DMD",President,,,,,367 Independence Blvd,23462,General Dentistry,Primary (general),1,1366865248,2014,Stale,NPPES NPI 1366865248,,,
B,"Jack Mavromatis Dds, Ltd.",Virginia Beach,VA,(757) 496-9123,"Jack Mavromatis, DDS",Owner Dentist,,,,,2248 Sunstates Ct Ste 103,23451,General Dentistry,Primary (general),2,1134273683,2012,Stale,NPPES NPI 1134273683,,,
B,"Jacob L Saxton, Dds, PC",Virginia Beach,VA,(757) 321-1870,"Jacob Saxton, DDS",Dentist/owner,,,,,1805 Laskin Rd #100,23454,General Dentistry,Primary (general),1,1285997478,2012,Stale,NPPES NPI 1285997478,,,
B,Jacqueline B Smith DDS PLLC,Virginia Beach,VA,(757) 424-0095,"Jacqueline Smith, D.D.S",General Dentist,,,,,1385 Fordham Dr Ste 106,23464,General Dentistry,Primary (general),1,1285870188,2008,Stale,NPPES NPI 1285870188,,,
B,"Jayme Tomchik, D.m.d., P.C.",Virginia Beach,VA,(757) 460-2250,"Jayme Tomchik, D.M.D.",President,,,,,4624 Pembroke Blvd Suite #103,23455,General Dentistry,Primary (general),1,1477745776,2009,Stale,NPPES NPI 1477745776,,,
B,"Jerry G Caravas, Dds, PC",Virginia Beach,VA,(757) 471-6020,"Jerry Caravas, DDS PRESIDENT",Dentist Owner,,,,,1539 Amberley Forest Rd,23453,General Dentistry,Primary (general),1,1386778900,2011,Stale,NPPES NPI 1386778900,,,
B,Lawrence Leibowitz DDS PC,Virginia Beach,VA,(757) 424-3555,"Lawrence Leibowitz, DDS",President,,,,,1385 Fordham Dr Suite 106,23464,General Dentistry,Primary (general),1,1326171661,2008,Stale,NPPES NPI 1326171661,,,
B,Leslie I Richmond,Virginia Beach,VA,(757) 460-1939,"Leslie Richmond, DDS",Dentist,,,,,4417A Shore Dr,23455,General Dentistry,Primary (general),1,1225373632,2012,Stale,NPPES NPI 1225373632,,,
B,Lon Bryan Meader,Virginia Beach,VA,(757) 424-1300,"Lon Meader, DMD",Dentist,,,,,5505 Indian River Rd Suite 200,23464,General Dentistry,Primary (general),1,1740611797,2013,Stale,NPPES NPI 1740611797,,,
B,"Michael L Kahan, Dds, PC",Virginia Beach,VA,(757) 563-8000,"Michael Kahan, DDS",Dentist,,,,,2129 General Booth Blvd Suite 117,23454,General Dentistry,Primary (general),2,1508101916,2012,Stale,NPPES NPI 1508101916,,,
B,"Plumeria, Incorporated",Virginia Beach,VA,(757) 227-3401,"Patricia James, D.D.S.",Director,,,,,506 S Independence Blvd Ste 100,23452,General Dentistry,Primary (general),1,1598944472,2007,Stale,NPPES NPI 1598944472,,,
B,Schonbrun Dental Care,Virginia Beach,VA,(757) 460-1234,"David Schonbrun, DDS",Dentist,,,,,4529 E Honeygrove Rd Suite 301,23455,General Dentistry,Primary (general),1,1245660885,2013,Stale,NPPES NPI 1245660885,,,
B,Seaboard Dental Services,Virginia Beach,VA,(757) 425-1335,"Randall Bittner, DMD",Doctor Manager,,,,,1112 Laskin Road Suite B,23451,General Dentistry,Primary (general),1,1114216843,2011,Stale,NPPES NPI 1114216843,,,
B,"Stephanie L Santos, Dds, PC",Virginia Beach,VA,(757) 499-9639,"Stephanie Santos, DDS",Dentist,,,,,281 Independence Blvd Suite 210,23462,General Dentistry,Primary (general),2,1891126777,2014,Stale,NPPES NPI 1891126777,,,
B,Tracy S Oliver DDS PC,Virginia Beach,VA,(757) 471-5480,"Tracy Oliver, DDS",Dentist,,,,,2484 N Landing Rd,23456,General Dentistry,Primary (general),2,1730425919,2012,Stale,NPPES NPI 1730425919,,,
B,Virginia Beach Mercy Dental Clinic,Virginia Beach,VA,(757) 490-1110,"Ruth Abraham, DDS",Doctor/owner,,,,,404 Parliament Dr Unit 102A,23462,General Dentistry,Primary (general),1,1962707463,2011,Stale,NPPES NPI 1962707463,,,
B,Waterman Family Dentistry,Virginia Beach,VA,(757) 340-8155,"Jennier Waterman, DDS",Dentist,,,,,525 N Great Neck Rd,23454,General Dentistry,Primary (general),1,1255762092,2013,Stale,NPPES NPI 1255762092,,,
B,Young Family Dentistry,Virginia Beach,VA,(757) 554-0962,"Lynnette Young, DMD",Owner,,,,,2005 Lynnhaven Pkwy,23456,General Dentistry,Primary (general),1,1609835560,2012,Stale,NPPES NPI 1609835560,,,
B,"Andy Anh The MA Dds, PLLC",Woodbridge,VA,(703) 680-9296,"Andy MA, DDS",President,,,,,4585 Daisy Reid Ave Ste 101,22192,General Dentistry,Primary (general),1,1194097584,2012,Stale,NPPES NPI 1194097584,,,
B,Angel Hands Dentistry PLLC,Woodbridge,VA,(571) 285-2980,"Thoaivan Phan, D.D.S",Dentist,,,,,13824 Smoketown Rd,22192,General Dentistry,Primary (general),1,1336574219,2013,Stale,NPPES NPI 1336574219,,,
B,"Bruce Taheri, Dds, PC",Woodbridge,VA,(703) 583-2800,"Bruce Taheri, DDS",Dentist/owner,,,,,3114 Golansky Blvd Suite 102,22192,General Dentistry,Primary (general),2,1538351234,2007,Stale,NPPES NPI 1538351234,,,
B,Comfort H Dental LLC,Woodbridge,VA,(703) 986-0434,Hassanoor Abdirahman,President,,,,,13601 Office Pl Suite 202,22192,General Dentistry,Primary (general),1,1114296944,2011,Stale,NPPES NPI 1114296944,,,
B,County Center Dental PLLC,Woodbridge,VA,(703) 670-4888,Lindsay Schiattareggia,Office Manager,,,,,4008 Genesee Pl Suite 205,22192,General Dentistry,Primary (general),1,1831337252,2009,Stale,NPPES NPI 1831337252,,,
B,Dental One Associates Woodbridge PC,Woodbridge,VA,(703) 491-4489,Mike Cole,Insurance Director,,,,,14520 Smoketown Rd,22192,General Dentistry,Primary (general),3,1578687828,2012,Stale,NPPES NPI 1578687828,,,
B,"Dr Mesfin Zelleke, P.C.",Woodbridge,VA,(703) 491-0570,"Mesfin Zelleke, DDS",Owner,,,,,14228 Smoketown Rd,22192,General Dentistry,Primary (general),1,1215238860,2012,Stale,NPPES NPI 1215238860,,,
B,"Kidz Dental, P.C.",Woodbridge,VA,(571) 921-1111,Jeremy Hodge,Owner,,,,,13648 Jefferson Davis Hwy,22191,General Dentistry,Primary (general),3,1336561315,2014,Stale,NPPES NPI 1336561315,,,
B,Lake Ridge Dental Care,Woodbridge,VA,(703) 670-7071,"Kiumars Karbasi, DDS",Owner,,,,,13625 Office Pl Ste 102,22192,General Dentistry,Primary (general),1,1295151579,2014,Stale,NPPES NPI 1295151579,,,
B,Michael Morch D.D.S. P.C.,Woodbridge,VA,(703) 878-7969,"Michael Morch, D.D.S.",President,,,,,3138 Golansky Blvd Suite 101,22192,General Dentistry,Primary (general),2,1003082496,2008,Stale,NPPES NPI 1003082496,,,
B,"Neibauer Dental Care, PC",Woodbridge,VA,(703) 580-5515,Kim Wilson,Credentialing Coord.,,,,,14901 Potomac Town Pl Suite 175,22191,General Dentistry,Primary (general),1,1023385648,2011,Stale,NPPES NPI 1023385648,,,
B,"Neibauer Dental Care, PC",Woodbridge,VA,(703) 910-3285,Kam Shick,Insurance Coordinator,,,,,13334 Minnieville Rd,22192,General Dentistry,Primary (general),1,1548537186,2011,Stale,NPPES NPI 1548537186,,,
B,Occoquan Family & Cosmetic Dentistry,Woodbridge,VA,(703) 490-9094,Lindsay Schiattareggia,Front Desk,,,,,1392 Old Bridge Rd,22192,General Dentistry,Primary (general),1,1700172749,2011,Stale,NPPES NPI 1700172749,,,
B,"Peter Hd Kim, DDS",Woodbridge,VA,(703) 583-4466,Jina Kim,Office Manager,,,,,14136 Minnieville Rd,22193,General Dentistry,Primary (general),1,1437426509,2011,Stale,NPPES NPI 1437426509,,,
B,Potomac Dental Care PC,Woodbridge,VA,(703) 490-4666,Rasha Alathari,Office Manager,,,,,1912 Opitz Blvd,22191,General Dentistry,Primary (general),1,1578841961,2011,Stale,NPPES NPI 1578841961,,,
B,Potomac Mills Family Dental,Woodbridge,VA,(703) 348-8070,"Keri Tran, DDS",Dentist,,,,,14338 Gideon Dr,22192,General Dentistry,Primary (general),1,1821434127,2013,Stale,NPPES NPI 1821434127,,,
B,Smile Dental Care PC,Woodbridge,VA,(703) 763-3371,"Cindy Nguyen, DDS",President,,,,,13885 Hedgewood Dr Unit #101,22193,General Dentistry,Primary (general),1,1144656422,2013,Stale,NPPES NPI 1144656422,,,
B,"Su-En C Thlick, DMD",Woodbridge,VA,(703) 670-2114,"Su-En Thlick, DMD",Dentist/ Owner,,,,,12701 Marblestone Dr Suite #260,22192,General Dentistry,Primary (general),1,1023207792,2007,Stale,NPPES NPI 1023207792,,,
C,Care For Smiles LLC,Alexandria,VA,(517) 413-0833,"Laura St Bernard, DMD",Owner/orthodontist,,,,,440 S Pickett St,22304,Orthodontics,Secondary (specialty),1,1528796620,2022,Recent,NPPES NPI 1528796620,,,
C,Dr Braces,Alexandria,VA,(202) 743-4518,"Afsaneh Rangiani, DDS",Dentist/owner,,,,,1203 Prince St,22314,Orthodontics,Secondary (specialty),1,1447973961,2022,Recent,NPPES NPI 1447973961,,,
C,Gd VA Cda PLLC,Alexandria,VA,(703) 379-6400,Chad Hendricks,Credentialing,,,,,5284 Dawes Ave,22311,Oral Surgery,Secondary (specialty),2,1699495580,2022,Recent,NPPES NPI 1699495580,,,
C,Kingstowne Dental Specialists Ortho LLC,Alexandria,VA,(703) 493-0622,"Robert Marzban, DDS MDS",Orthodontist,,,,,5911 Kingstowne Village Pkwy Ste 150,22315,Orthodontics,Secondary (specialty),1,1326759853,2022,Recent,NPPES NPI 1326759853,,,
C,Northern Virginia Sleep Solutions PLLC,Alexandria,VA,(703) 549-1725,Hye Park,Owner,,,,,1725 Duke St Ste GR03,22314,Durable Medical Equipment & Medical Supplies,Secondary (specialty),1,1518672153,2023,Recent,NPPES NPI 1518672153,,,
C,Perioworks Alexandria LLC,Alexandria,VA,(216) 334-5813,"Hazem Saqqal, DDS, MSD",Periodontist/owner,,,,,50 S Pickett St Ste 30,22304,Periodontics,Secondary (specialty),1,1477355865,2025,Recent,NPPES NPI 1477355865,,,
C,Susana Lopez DDS PLLC,Alexandria,VA,(703) 646-0362,"Susana Lopez, DDS",Orthodontist,,,,,3223 Duke St Ste H,22314,Orthodontics,Secondary (specialty),1,1659189850,2024,Recent,NPPES NPI 1659189850,,,
C,Children'S Dentistry Of Arlington,Arlington,VA,(703) 634-9450,"Ifeanyi Okoye, DMD",Owner/dentist,,,,,2301 Columbia Pike Apt 123,22204,Pediatric,Secondary (specialty),1,1942017058,2024,Recent,NPPES NPI 1942017058,,,
C,"Drs. Linda Wu & Rosario Palabrica, Dds, PC",Arlington,VA,(703) 524-0288,Rosario Palabrica,DDS,,,,,1600 Wilson Blvd Ste 640,22209,Periodontics,Secondary (specialty),2,1720762990,2023,Recent,NPPES NPI 1720762990,,,
C,Legacy Dental Implant,Arlington,VA,(646) 824-3829,Ahmed Matri,Owner,,,,,3000 10TH St N,22201,Periodontics,Secondary (specialty),2,1356186654,2024,Recent,NPPES NPI 1356186654,,,
C,"Myorthos Virginia Orthodontics, PC",Arlington,VA,(703) 536-7846,Casey Lonabocker,Vp Operations & Strategy,,,,,5401B Langston Blvd,22207,Orthodontics,Secondary (specialty),1,1841929106,2024,Recent,NPPES NPI 1841929106,,,
C,Neighborhood Health,Arlington,VA,(703) 717-7545,Basim Khan,CEO,,,,,2301 Columbia Pike Ste G,22204,"Clinic/Center, Federally Qualified Health Center (FQHC)",Secondary (specialty),1,1225899719,2025,Recent,NPPES NPI 1225899719,,,
C,Riddhi Desai DMD PLLC,Arlington,VA,(703) 202-1171,"Riddhi Desai, DMD, MS, MBA",Orthodontist,,,,,3130 Potomac Ave,22202,Orthodontics,Secondary (specialty),1,1700711322,2026,Recent,NPPES NPI 1700711322,,,
C,Stephen Beecroft Specialty Partners Of Virginia PLLC,Arlington,VA,(703) 522-2225,Krystal Richardson,Director Of Rcm,,,,,200 N Glebe Rd Ste 128,22203,Orthodontics,Secondary (specialty),1,1962389007,2025,Recent,NPPES NPI 1962389007,,,
C,Ylg Endodontics LLC,Arlington,VA,(703) 828-8188,"Nicholas Leon-Guerrero, DDS",Owner,,,,,2700 S Quincy St Ste 325,22206,Endodontics,Secondary (specialty),1,1790599405,2026,Recent,NPPES NPI 1790599405,,,
C,Smile Doctors Orthodontics Of Virginia PC,Brambleton,VA,(703) 574-2174,Scott Law,Chief Clinical Officer,,,,,22855 Brambleton Plz Ste 200,20148,Orthodontics,Secondary (specialty),1,1982293064,2025,Recent,NPPES NPI 1982293064,,,
C,Centreville Pediatric Dentistry PLLC,Centreville,VA,(757) 869-9916,Chris Cannon,Rcm,,,,,14701 Lee Hwy Ste 107-108,20121,Pediatric,Secondary (specialty),2,1720948052,2025,Recent,NPPES NPI 1720948052,,,
C,Dream Mobile Sedation PLLC,Centreville,VA,(703) 830-3938,"Wissam Ali, DMD",Dentist Anesthesiologist,,,,,6508 Fawn Hollow Pl,20120,"Dentist, Dentist Anesthesiologist Speciality",Secondary (specialty),1,1518841519,2026,Recent,NPPES NPI 1518841519,,,
C,"Jim J Soltani, DDS & Associates",Centreville,VA,(703) 266-2000,"Jim Soltani, DDS",President,,,,,6019 Centreville Crest Ln,20121,Orthodontics,Secondary (specialty),1,1245399799,2025,Recent,NPPES NPI 1245399799,,,
C,"Aum Perio, PLLC",Charlottesville,VA,(434) 977-4592,"Mitulkumar Patel, DDS, MS",Periodontist,,,,,905 Rio East Ct Ste B,22901,Periodontics,Secondary (specialty),1,1699615450,2026,Recent,NPPES NPI 1699615450,,,
C,Bryan L Saunders DDS II PLLC,Charlottesville,VA,(434) 202-2873,"Bryan Saunders, DDS, MS",Owner,,,,,2202 N Berkshire Rd Ste 204,22901,Periodontics,Secondary (specialty),1,1386597714,2026,Recent,NPPES NPI 1386597714,,,
C,Charlottesville Area Dental Access Inc,Charlottesville,VA,(434) 293-9300,Rebecca Weybright,Executive Director,,,,,2778 Hydraulic Road Suite 3,22901,Pediatric,Secondary (specialty),1,1861576332,2025,Recent,NPPES NPI 1861576332,,,
C,"Drs. Soderquist & Weis, P C",Charlottesville,VA,(434) 971-9601,Judy Burruss,Office Manager,,,,,1101 E Jefferson St,22902,Orthodontics,Secondary (specialty),1,1720093693,2022,Recent,NPPES NPI 1720093693,,,
C,"Dylan J Keener, D.m.d., M.s., P.C.",Charlottesville,VA,(434) 973-6542,"Dylan Keener, DMD",Orthodontist/owner,,,,,240 Hydraulic Ridge Rd Ste 202,22901,Orthodontics,Secondary (specialty),2,1962292649,2025,Recent,NPPES NPI 1962292649,,,
C,Stephen Beecroft Specialty Partners Of Virginia PLLC,Charlottesville,VA,(434) 975-7435,Krystal Richardson,Director Of Rcm,,,,,1445 Rio Road East Suite 001,22901,Orthodontics,Secondary (specialty),1,1851278998,2025,Recent,NPPES NPI 1851278998,,,
C,Brad Christenson DDS PC,Chesapeake,VA,(757) 482-7660,Brad Christenson,Doctor/owner,,,,,350 Johnstown Rd Ste B,23322,Orthodontics,Secondary (specialty),1,1942950068,2022,Recent,NPPES NPI 1942950068,,,
C,Cotreatme - Viginia PC,Chesapeake,VA,(210) 269-8003,"Scott Law, DMD",President,,,,,3253 Taylor Rd Ste 100,23321,Orthodontics,Secondary (specialty),1,1437006962,2026,Recent,NPPES NPI 1437006962,,,
C,Myorthos Virginia Orthodontics PC,Chesapeake,VA,(757) 523-0114,Casey Lonabocker,Vp Operations & Strategy,,,,,1403 Greenbrier Pkwy Ste 420,23320,Orthodontics,Secondary (specialty),2,1841059946,2024,Recent,NPPES NPI 1841059946,,,
C,"Myorthos Virginia Orthodontics, PC",Chesapeake,VA,(757) 546-3888,Casey Lonabocker,Vp Operations & Strategy,,,,,220 Mount Pleasant Rd,23322,Orthodontics,Secondary (specialty),1,1528730496,2024,Recent,NPPES NPI 1528730496,,,
C,Pardeep Kaur DDS PLLC,Chesapeake,VA,(757) 681-8181,Pardeep Kaur,Owner,,,,,548 Battlefield Blvd S,23322,Orthodontics,Secondary (specialty),1,1285355388,2023,Recent,NPPES NPI 1285355388,,,
C,Prime Orthodontics PLLC,Chesapeake,VA,(757) 547-2134,Chris Cannon,Rcm,,,,,1933 Edwin Dr Ste 200,23322,Orthodontics,Secondary (specialty),2,1457199044,2024,Recent,NPPES NPI 1457199044,,,
C,Ammar Orthodontics PLLC,Fairfax,VA,(571) 426-5788,"Ammar Al-Mahdi, DDS, MS",Orthodontist/owner,,,,,11702U Fair Oaks Mall Uppr Floor,22033,Orthodontics,Secondary (specialty),1,1386137271,2025,Recent,NPPES NPI 1386137271,,,
C,"Fairfax Periodontal And Implant Center, PLLC",Fairfax,VA,(703) 491-2974,"Ahmad Hawasli, DDS",Owner/dentist,,,,,8622 Route 29 Ste D,22031,Periodontics,Secondary (specialty),3,1932971850,2023,Recent,NPPES NPI 1932971850,,,
C,K&m Dentistry PLLC,Fairfax,VA,(857) 654-0359,"Hisham Merdad, DDS",Member,,,,,8316 Arlington Blvd Ste 305,22031,Pediatric,Secondary (specialty),1,1427737295,2023,Recent,NPPES NPI 1427737295,,,
C,Lumiere Dental PLLC,Fairfax,VA,(773) 512-1811,Zukaey Allababidi,President,,,,,9524B Route 29,22031,Public Health,Secondary (specialty),1,1780481291,2025,Recent,NPPES NPI 1780481291,,,
C,Northern Virginia Endodontic Solutions,Fairfax,VA,(571) 446-3555,"Andrew Vo, DDS",Manager,,,,,3998 Fair Ridge Dr Ste 300,22033,Endodontics,Secondary (specialty),1,1679284467,2022,Recent,NPPES NPI 1679284467,,,
C,Shaden Dental Group PLLC,Fairfax,VA,(703) 679-8042,"Shaden Alfaqih, DDS",Pediatric Dentist,,,,,11150 Fairfax Blvd Ste 400,22030,Pediatric,Secondary (specialty),1,1215863725,2026,Recent,NPPES NPI 1215863725,,,
C,Virginia Dental Group PLLC,Fairfax,VA,(703) 385-3800,Karen Puna,Manager,,,,,3911 Blenheim Blvd Ste 42C,22030,Oral Radiology,Secondary (specialty),1,1114606811,2024,Recent,NPPES NPI 1114606811,,,
C,Pro Falls Church PLLC,Falls Church,VA,(703) 659-8188,"Owais Naeem, DDS, MS",Owner,,,,,117 E Annandale Rd,22046,Orthodontics,Secondary (specialty),1,1437035144,2025,Recent,NPPES NPI 1437035144,,,
C,Stephen Beecroft Specialty Partners Of Virginia PLLC,Fredericksburg,VA,(540) 898-2200,Krystal Richardson,Director Of Revenue Cycle,,,,,11113 Leavells Rd,22407,Orthodontics,Secondary (specialty),1,1730064296,2025,Recent,NPPES NPI 1730064296,,,
C,Dr Jayaraman PLLC,Glen Allen,VA,(804) 495-8750,"Jayakumar Jayaraman, DMD",Pediatric Dentist,,,,,11551 Nuckols Rd Ste H,23059,Pediatric,Secondary (specialty),1,1043061336,2026,Recent,NPPES NPI 1043061336,,,
C,"Richard H Villa, Dmd, PC",Glen Allen,VA,(804) 747-0137,Cheryl Guess,Financial Coordinator,,,,,10120 W Broad St Ste L,23060,Orthodontics,Secondary (specialty),1,1114756954,2024,Recent,NPPES NPI 1114756954,,,
C,Sea Dental Group PLLC,Henrico,VA,(818) 800-2221,"Salar Ebrahimi, DDS",President,,,,,11934 W Broad St Ste 120,23233,"Dentist, Dentist Anesthesiologist Speciality",Secondary (specialty),1,1578283982,2022,Recent,NPPES NPI 1578283982,,,
C,"Zym Ortho, PLLC",Herndon,VA,(703) 479-4188,"Syed Hussaini, DDS",Owner And Manager,,,,,12950 Highland Crossing Dr Ste B,20171,Orthodontics,Secondary (specialty),1,1700590791,2023,Recent,NPPES NPI 1700590791,,,
C,"Loudoun County Orthodontics, PLLC",Leesburg,VA,(571) 417-5626,Jennifer Sullivan,Director Of Operations,,,,,458 Madison Trade Plz SE,20175,Orthodontics,Secondary (specialty),1,1629814652,2024,Recent,NPPES NPI 1629814652,,,
C,"Loudoun Endodontics, PLLC",Leesburg,VA,(703) 779-7900,"Matthew Detar, DDS, MSD",Owner/endodontist,,,,,2 Cardinal Park Dr SE Ste 106A,20175,Endodontics,Secondary (specialty),1,1588303556,2022,Recent,NPPES NPI 1588303556,,,
C,"Keith W Pyle, Dds, PC",Lynchburg,VA,(434) 237-0125,"Keith Pyle, D.D.S.",Owner,,,,,105 Paulette Cir,24502,Orthodontics,Secondary (specialty),1,1861127334,2022,Recent,NPPES NPI 1861127334,,,
C,Lynchburg Periodontics PLLC,Lynchburg,VA,(434) 455-2444,"Ryan Anderson, DDS",President,,,,,525 Leesville Rd,24502,Periodontics,Secondary (specialty),2,1164238259,2024,Recent,NPPES NPI 1164238259,,,
C,"Mason T Bates, Dds, Msd, PLLC",Lynchburg,VA,(434) 846-4014,"Mason Bates, DDS",Member,,,,,1925 Thomson Dr,24501,Orthodontics,Secondary (specialty),1,1801462189,2023,Recent,NPPES NPI 1801462189,,,
C,Kamreddy Dental Associates PLLC,Manassas,VA,(703) 361-6866,"Keerthi Kamreddy, DDS",Dentist,,,,,10684 Crestwood Dr Ste C,20109,Periodontics,Secondary (specialty),1,1093693715,2025,Recent,NPPES NPI 1093693715,,,
C,Potomac River Orthodontics PLLC,Manassas,VA,(703) 670-0202,"Owais Naeem, DDS, MS",Orthodontist,,,,,12701 Galveston Ct,20112,Orthodontics,Secondary (specialty),1,1730876764,2023,Recent,NPPES NPI 1730876764,,,
C,Zendent Anesthesia PLLC,Manassas,VA,(508) 441-9521,"Tulsa Patil, DMD",Owner,,,,,8725 Digges Rd,20110,"Dentist, Dentist Anesthesiologist Speciality",Secondary (specialty),1,1407720220,2025,Recent,NPPES NPI 1407720220,,,
C,Lpdg Robious Road Pedo Professional Corporation,Midlothian,VA,(804) 459-4888,Marie Romero,Credentialing Specialist,,,,,11601 Robious Rd Ste 120,23113,Orthodontics,Secondary (specialty),1,1477202679,2022,Recent,NPPES NPI 1477202679,,,
C,"Riccobene & Associates Cci, Dds, PC",Midlothian,VA,(804) 739-6600,"Michael Riccobene, DDS",Owneer,,,,,2273 Chartermark Dr,23114,Orthodontics,Secondary (specialty),1,1750011243,2025,Recent,NPPES NPI 1750011243,,,
C,Denbigh Dental Care,Newport News,VA,(757) 239-6400,Jim Ervil,Owner,,,,,710 Denbigh Blvd Ste 7D,23608,"Dentist, Dentist Anesthesiologist Speciality",Secondary (specialty),1,1477315893,2024,Recent,NPPES NPI 1477315893,,,
C,Dodson Endodontics P.l.l.c,Newport News,VA,(757) 806-6311,"Alexander Royzenblat, DDS",Doctor/owner,,,,,756 McGuire Pl,23601,Endodontics,Secondary (specialty),1,1700598828,2023,Recent,NPPES NPI 1700598828,,,
C,"Coastal Pediatric Dental & Anesthesia, PLLC",Norfolk,VA,(602) 799-1748,"Jonathan Wong, DMD",Owner,,,,,6161 Kempsville Cir Suite 345,23502,"Dentist, Dentist Anesthesiologist Speciality",Secondary (specialty),1,1184155962,2026,Recent,NPPES NPI 1184155962,,,
C,"Creating New Smiles Asc, LLC",Norfolk,VA,(757) 683-0143,"Jim Ervil, DDS",Owner,,,,,1682 Church St,23504,"Clinic/Center, Dental",Secondary (specialty),2,1124913561,2025,Recent,NPPES NPI 1124913561,,,
C,"Maxillofacial Solutions, PLLC",Norfolk,VA,(915) 499-0386,Ronald Matthews,Billing Manager,,,,,600 Gresham Dr,23507,"Dentist, Oral and Maxillofacial Pathology",Secondary (specialty),1,1255278065,2026,Recent,NPPES NPI 1255278065,,,
C,Abasin Safi PLLC,Oakton,VA,(202) 810-5257,"Abasin Safi, DMD",President,,,,,2936 Chain Bridge Rd Ste 240,22124,Endodontics,Secondary (specialty),1,1437015500,2026,Recent,NPPES NPI 1437015500,,,
C,Dong-Soo Hong DMD PLLC,Reston,VA,(703) 850-6566,"Dong-Soo Hong, DMD, FACP",Owner,,,,,11800 Sunrise Valley Dr,20191,Prosthodontics,Secondary (specialty),1,1619755113,2023,Recent,NPPES NPI 1619755113,,,
C,"Precision Orthodontics, PC",Reston,VA,(703) 391-8800,Thoai-Lan Tran,Owner,,,,,12359 Sunrise Valley Dr Ste 210,20191,Orthodontics,Secondary (specialty),1,1033630041,2022,Recent,NPPES NPI 1033630041,,,
C,"Reston Endodontics, PLLC",Reston,VA,(703) 399-2333,"Matthew Detar, DDS, MSD",Owner/endodontist,,,,,12359 Sunrise Valley Dr Ste 210A,20191,Endodontics,Secondary (specialty),1,1992444970,2022,Recent,NPPES NPI 1992444970,,,
C,Francisco Mesa DMD Pplc,Richmond,VA,(804) 282-0510,"Francisco Mesa, DMD",Dentist Owner,,,,,2008 Bremo Rd Ste 104,23226,Public Health,Secondary (specialty),2,1093559403,2024,Recent,NPPES NPI 1093559403,,,
C,Richard L Byrd D.D.S.P.C.,Richmond,VA,(804) 320-4155,Dana Carson,Controller,,,,,6740 Forest Hill Ave Suite 202,23225,Orthodontics,Secondary (specialty),1,1235305152,2022,Recent,NPPES NPI 1235305152,,,
C,Vcu Oral-Facial Surgery And Services LLC,Richmond,VA,(804) 628-6637,Sandy Kroslack,Credentialing Specialist,,,,,520 N 12TH St,23298,Oral & Maxillofacial Surgery,Secondary (specialty),1,1215502125,2023,Recent,NPPES NPI 1215502125,,,
C,Kuumba Community Health And Wellness Center Inc.,Roanoke,VA,(540) 566-3719,Jonathan Stewart,Chief Executive Officer,,,,,1502 Williamson Road NE,24012,Pediatric,Secondary (specialty),1,1487393930,2022,Recent,NPPES NPI 1487393930,,,
C,Swva Dental Specialists,Roanoke,VA,(540) 588-7312,Kara Trail,Director Of Operation,,,,,4102 Electric Rd,24018,Endodontics,Secondary (specialty),1,1881353993,2023,Recent,NPPES NPI 1881353993,,,
C,Hansen Ortho Dre PLLC,Salem,VA,(859) 785-8312,"James White, DDS",CEO,,,,,701 S College Ave,24153,Orthodontics,Secondary (specialty),4,1174228191,2025,Recent,NPPES NPI 1174228191,,,
C,Alhadad Family Dental PLLC,Springfield,VA,(703) 451-6100,"Muhanned Alhadad, DDS",Owner,,,,,6230 Rolling Rd Ste E,22152,"Clinic/Center, Dental",Secondary (specialty),2,1093688442,2025,Recent,NPPES NPI 1093688442,,,
C,Bdg Specialty LLC,Springfield,VA,(703) 569-0000,Aileen Kim,Owner,,,,,6120 Brandon Ave Ste 314,22150,Endodontics,Secondary (specialty),2,1720821523,2024,Recent,NPPES NPI 1720821523,,,
C,Rosenman-Brendmoen & Associates PLLC,Springfield,VA,(703) 256-8554,"Lawrence Rosenman, DDS",President,,,,,5419 Backlick Rd # C,22151,Periodontics,Secondary (specialty),1,1174542328,2025,Recent,NPPES NPI 1174542328,,,
C,Springfield Endodontics,Springfield,VA,(317) 989-9730,"Anmar Al-Janabi, DDS, MSD, MSC",Owner,,,,,7426 Alban Station Blvd Ste B202,22150,Endodontics,Secondary (specialty),1,1841000239,2025,Recent,NPPES NPI 1841000239,,,
C,"Playtime Pediatric Dentistry And Orthodontics,pllc",Stafford,VA,(571) 200-0663,Sasha Gross,Operations Manager,,,,,1130 Stafford Market Pl # 101,22556,Pediatric,Secondary (specialty),1,1073304358,2025,Recent,NPPES NPI 1073304358,,,
C,Randolph E Birsch DMD PC,Suffolk,VA,(757) 262-7394,"Randolph Birsch, DMD, MSD",Endodontist,,,,,5131 River Club Dr Ste 100,23435,Endodontics,Secondary (specialty),1,1689519449,2026,Recent,NPPES NPI 1689519449,,,
C,National Orofacial Institute,Vienna,VA,(032) 149-7797,Allen Garai,Business Owner,info@noidental.com,NPPES federal registry filing,,,425B Maple Ave W,22180,Orthodontics,Secondary (specialty),1,1154996353,2024,Recent,NPPES NPI 1154996353,,,
C,"Dental Professionals Of Virginia, P.C.",Virginia Beach,VA,(757) 963-0059,Hillary Thull,Credentialing Coordinator,,,,,904 Kempsville Rd Ste 105,23464,Orthodontics,Secondary (specialty),2,1881340354,2022,Recent,NPPES NPI 1881340354,,,
C,"Kenneth J Cavallari, Dds, PC",Virginia Beach,VA,(757) 412-0235,Jenny Garcia-Rocha,Sr Credentialing Team Lead,,,,,984 First Colonial Rd Ste 300,23454,Periodontics,Secondary (specialty),1,1164305421,2025,Recent,NPPES NPI 1164305421,,,
C,Optimum Health Medical,Virginia Beach,VA,(814) 242-4178,Brad Griesheimer,COO,,,,,5705 Lynnhaven Pkwy,23464,"Clinic/Center, Community Health",Secondary (specialty),1,1992499172,2023,Recent,NPPES NPI 1992499172,,,
C,Partners In Dental Health LLC,Virginia Beach,VA,(757) 499-2100,"Dean Kent, DDS",Dentist,,,,,317 Edwin Drive,23462,Prosthodontics,Secondary (specialty),1,1568561900,2025,Recent,NPPES NPI 1568561900,,,
C,Pediatric Dental Care Of Tidewater PC,Virginia Beach,VA,(757) 703-1923,Morgan Weis,Owner,,,,,2029 Lynnhaven Pkwy,23456,Orthodontics,Secondary (specialty),1,1033926662,2024,Recent,NPPES NPI 1033926662,,,
C,Prime Orthodontics PLLC,Virginia Beach,VA,(757) 327-4843,Chris Cannon,Rcm,,,,,4525 Columbus St,23462,Orthodontics,Secondary (specialty),2,1083444657,2024,Recent,NPPES NPI 1083444657,,,
C,"Red Mill Pediatric Dentistry, PLLC",Virginia Beach,VA,(757) 301-2064,Grace Davis,Business Administrator,,,,,2336 Elson Green Ave Ste 101,23456,Pediatric,Secondary (specialty),1,1023568995,2024,Recent,NPPES NPI 1023568995,,,
C,Virginia Beach Aligned Ortho PLLC,Virginia Beach,VA,(757) 351-0090,"Sarah Groy, DMD MS",Owner/orthodontist,,,,,1369 Laskin Rd Ste 3A,23451,Orthodontics,Secondary (specialty),1,1821707548,2022,Recent,NPPES NPI 1821707548,,,
C,Morgan Orthodontics,Winchester,VA,(540) 667-5446,Kelly Morgan,Orthodontist,,,,,1841 Plaza Dr,22601,Orthodontics,Secondary (specialty),1,1811548605,2025,Recent,NPPES NPI 1811548605,,,
C,"Alan H Golden, D.D.S. & Roger A Hennigh, D.m.d., P.C.",Woodbridge,VA,(703) 640-1000,"Roger Hennigh, D.M.D.",President,,,,,3320 Noble Pond Way Suite 109,22193,Pediatric,Secondary (specialty),2,1912037300,2023,Recent,NPPES NPI 1912037300,,,
C,Blossom Smile Of Woodbridge PLLC,Woodbridge,VA,(916) 622-2098,"Hussein Alhasan, DDS, MSD",CEO,,,,,12618 Lake Ridge Dr,22192,"Clinic/Center, Dental",Secondary (specialty),1,1518749423,2023,Recent,NPPES NPI 1518749423,,,
C,Judi Orthodontics PC,Woodbridge,VA,(703) 534-8711,"Ammar Al-Mahdi, DDS",President,,,,,14467 Potomac Mills Rd,22192,Orthodontics,Secondary (specialty),1,1700460409,2025,Recent,NPPES NPI 1700460409,,,
C,Lake Ridge Orthodontics PC,Woodbridge,VA,(703) 491-5166,"Fadi Saleh, DDS, MS",Doctor Owner,,,,,2080 Old Bridge Rd Ste 103,22192,Orthodontics,Secondary (specialty),2,1659675122,2026,Recent,NPPES NPI 1659675122,,,
C,Nova Center For Periodontics And Dental Implants,Woodbridge,VA,(703) 730-2931,"Syeda Zafrin, DMD, MS",Periodontist,,,,,3166 Golansky Blvd Ste 101,22192,Periodontics,Secondary (specialty),1,1932893989,2023,Recent,NPPES NPI 1932893989,,,
C,Stephen Beecroft Specialty Partners Of Virginia PLLC,Woodbridge,VA,(703) 590-6966,Krystal Richardson,Director Of Rcm,,,,,4335 Ridgewood Center Dr,22192,Orthodontics,Secondary (specialty),1,1982581021,2025,Recent,NPPES NPI 1982581021,,,
C,Woodbridge Endodontics PLLC,Woodbridge,VA,(571) 260-0012,Chad Hendricks,Credentialing,,,,,12731 Marblestone Dr Ste 105,22192,Endodontics,Secondary (specialty),1,1902731789,2026,Recent,NPPES NPI 1902731789,,,
C,First Impression Orthodontics PC,Alexandria,VA,(703) 626-0333,"Hung Quoc Lu, D.D.S., M.S.",President/orthodontist,,,,,6479 Old Beulah St,22315,Orthodontics,Secondary (specialty),1,1801282314,2015,Ageing,NPPES NPI 1801282314,,,
C,"Herbert M Hughes Dds, Inc.",Alexandria,VA,(703) 360-8660,Nicole Goehring,Business Manager,,,,,7906 Andrus Rd Ste 18,22306,Orthodontics,Secondary (specialty),2,1407364987,2018,Ageing,NPPES NPI 1407364987,,,
C,Jim Lee DDS PC,Alexandria,VA,(202) 423-8867,"Jim Lee, DDS",President,,,,,2616 Sherwood Hall Ln Suite #301,22306,Orthodontics,Secondary (specialty),1,1750739892,2016,Ageing,NPPES NPI 1750739892,,,
C,Novicare Orthodontics PLLC,Alexandria,VA,(571) 970-3801,"Shiva Kermanshi, DMD",Owner,,,,,717 Pendleton St,22314,Orthodontics,Secondary (specialty),1,1356819981,2018,Ageing,NPPES NPI 1356819981,,,
C,Perfect Smiles Orthodontics PC,Alexandria,VA,(703) 750-0147,Faith Gaskins,Director Of Credntialing,,,,,6303 Little River Turpike Suite #200,22312,Orthodontics,Secondary (specialty),1,1528728383,2021,Ageing,NPPES NPI 1528728383,,,
C,Virginia Sleep Systems LLC,Alexandria,VA,(703) 820-0809,"Daniel Babiec, DMD",Owner,,,,,3543 W Braddock Rd E-2,22302,"Durable Medical Equipment & Medical Supplies, Customized Equipment",Secondary (specialty),1,1861865099,2015,Ageing,NPPES NPI 1861865099,,,
C,"Arlington Alexandria Endodontics, PLLC",Arlington,VA,(703) 370-1327,"Fernando Meza, DMD",Owner,,,,,1635 N George Mason Dr Suite 140,22205,Endodontics,Secondary (specialty),1,1972046621,2016,Ageing,NPPES NPI 1972046621,,,
C,Comfy Dental PLLC,Arlington,VA,(703) 276-1010,"Omer Akmal, DDS",Partner,,,,,915 N Quincy St,22203,Periodontics,Secondary (specialty),2,1093326084,2020,Ageing,NPPES NPI 1093326084,,,
C,Dahman & Saleh Dental Crystal City PLLC,Arlington,VA,(703) 789-9444,Mouhammad Dahman,Partner,,,,,1425 S Eads St Suite 2,22202,Pediatric,Secondary (specialty),1,1598158545,2015,Ageing,NPPES NPI 1598158545,,,
C,"Lam & Bocage Orthodontics, PLLC",Arlington,VA,(703) 522-5513,"Natalie Lam, D.M.D., M.M.SC.",Member,,,,,450 N Thomas St,22203,Orthodontics,Secondary (specialty),1,1487672127,2020,Ageing,NPPES NPI 1487672127,,,
C,Lux Dental Center,Ashburn,VA,(571) 485-2900,Lynn Alexander,Dentist,,,,,43761 Parkhurst Plz Ste 132,20147,Prosthodontics,Secondary (specialty),1,1093295149,2019,Ageing,NPPES NPI 1093295149,,,
C,Alex McMillan IV DDS PC,Burke,VA,(703) 503-9490,Krystal Flowers,Finance Coordinator,,,,,6035 Burke Centre Pkwy Ste 330,22015,Public Health,Secondary (specialty),1,1588273700,2020,Ageing,NPPES NPI 1588273700,,,
C,"B&r Endodontic Associates, PLLC",Burke,VA,(703) 528-8382,"Robert Cheron, DMD",Managing Partner,,,,,8987 Hersand Dr,22015,Endodontics,Secondary (specialty),1,1558887224,2017,Ageing,NPPES NPI 1558887224,,,
C,"Jessica Russo Revand, Dmd, Ms, PLLC",Burke,VA,(703) 503-0555,"Jessica Russo Revand, DMD, MS",Owner/endodontist,,,,,8987 Hersand Dr Ste 3,22015,Endodontics,Secondary (specialty),1,1669060364,2021,Ageing,NPPES NPI 1669060364,,,
C,Pearlbrite Dental,Centreville,VA,(703) 988-9006,Joongseo Kim,Owner,,,,,14631 Lee Hwy Ste 116,20121,Prosthodontics,Secondary (specialty),1,1033579123,2016,Ageing,NPPES NPI 1033579123,,,
C,Charlottesville-Albemarle Dental Clinic,Charlottesville,VA,(434) 972-2625,"Lilian Peake, MD",Director,,,,,1138 Rose Hill Dr,22903,Public Health,Secondary (specialty),1,1497870406,2020,Ageing,NPPES NPI 1497870406,,,
C,"Glassick Orthodontics, PC",Charlottesville,VA,(434) 296-0188,"Andrew Glassick, DDS",Owner,,,,,2202 North Berkshire Road Ste 101,22901,Orthodontics,Secondary (specialty),2,1639831043,2021,Ageing,NPPES NPI 1639831043,,,
C,Jeffery E Hodges DDS PC,Charlottesville,VA,(434) 293-8944,"Jeffery Hodges, DDS",President,,,,,2250 Old Ivy Rd Suite 3,22903,Durable Medical Equipment & Medical Supplies,Secondary (specialty),1,1780875567,2019,Ageing,NPPES NPI 1780875567,,,
C,Nelson County Dental Clinic,Charlottesville,VA,(434) 972-6219,"Lilian Peake, MD",Director,,,,,1138 Rose Hill Dr,22903,Public Health,Secondary (specialty),1,1912022922,2020,Ageing,NPPES NPI 1912022922,,,
C,Chesapeake Dental Specialists PLLC,Chesapeake,VA,(757) 378-0906,Katie Robinson,Office Manager,,,,,560 Kempsville Rd Suite 201,23320,Oral & Maxillofacial Surgery,Secondary (specialty),1,1467008250,2019,Ageing,NPPES NPI 1467008250,,,
C,"Dr Robert M Edmonds, Ltd.",Chesapeake,VA,(757) 484-4832,"Robert Edmonds, DDS",President,,,,,2995 Churchland Blvd Suite B,23321,Periodontics,Secondary (specialty),1,1437286101,2020,Ageing,NPPES NPI 1437286101,,,
C,Drs Bussey Mayo & Archer Ltd,Chesapeake,VA,(757) 436-4227,Shandale Gregory,Billing Financial Coordinator,,,,,1200 N Battlefield Blvd,23320,Endodontics,Secondary (specialty),1,1730275603,2020,Ageing,NPPES NPI 1730275603,,,
C,Drs Bussey Mayo Archer Ltd,Chesapeake,VA,(757) 483-2167,Shandale Gregory,Billing Financial Coordinator,,,,,2995 Churchland Blvd,23321,Endodontics,Secondary (specialty),1,1689754277,2020,Ageing,NPPES NPI 1689754277,,,
C,"Hatcher And Frey Orthodontics, LLC",Chesapeake,VA,(757) 488-6080,"William Hatcher, D.D.S.",Orthodontist,,,,,3253 Taylor Rd Ste 100,23321,Orthodontics,Secondary (specialty),1,1316410343,2019,Ageing,NPPES NPI 1316410343,,,
C,"Chester Orthodontics, PLLC",Chesterfield,VA,(804) 477-4210,"Sheldon Bates, DMD, MSD",President,,,,,6425 Chesterfield Meadows Dr,23832,Orthodontics,Secondary (specialty),1,1205293081,2016,Ageing,NPPES NPI 1205293081,,,
C,Dentistry By Design Colonial Heights PLLC,Colonial Heights,VA,(804) 520-0699,Krystal Flowers,Finance Coordinator,,,,,241 Charles H Dimmock Pkwy Ste 2,23834,Public Health,Secondary (specialty),1,1134738354,2020,Ageing,NPPES NPI 1134738354,,,
C,"John T Will, Dds, PLLC",Danville,VA,(434) 791-2142,"John Will, DDS",President,,,,,4045 Riverside Drive,24541,"Dentist, Dentist Anesthesiologist Speciality",Secondary (specialty),1,1184255101,2021,Ageing,NPPES NPI 1184255101,,,
C,Dr Timothy Golian DDS PC,Fairfax,VA,(703) 273-8798,"Timothy Golian, DDS PC",Endodontist,,,,,11230 Waples Millroad Suite 150,22030,Endodontics,Secondary (specialty),1,1841265634,2020,Ageing,NPPES NPI 1841265634,,,
C,Lets Smile Ortho Fairfax PLLC,Fairfax,VA,(818) 533-8911,"Ali Ghatri, DDS",Manager,,,,,4210 Fairfax Corner Ave W Ste 245,22030,Orthodontics,Secondary (specialty),1,1043984784,2021,Ageing,NPPES NPI 1043984784,,,
C,Metropolitan Orthodontics,Fairfax,VA,(703) 260-7895,"Kristin Nelson, DDS",Orthodontist,info@metropolitanorthodontics.com,NPPES federal registry filing,,,8315 Lee Hwy Ste 450,22031,Orthodontics,Secondary (specialty),1,1124693882,2021,Ageing,NPPES NPI 1124693882,,,
C,"Walnut Dental Associates, LLC",Fairfax,VA,(703) 638-1420,"Rolin Henry, DDS",Member,,,,,3930 Walnut St Ste 240,22030,Oral Surgery,Secondary (specialty),1,1275125809,2021,Ageing,NPPES NPI 1275125809,,,
C,Butterfoss Barton & Pappas Orthodontics,Grafton,VA,(757) 898-5448,"Jennifer Barton, DMD",Doctor/owner,,,,,4310 George Washington Mem Hwy,23692,Orthodontics,Secondary (specialty),1,1972159002,2019,Ageing,NPPES NPI 1972159002,,,
C,Virginia Department Of Health,Hampton,VA,(757) 727-1140,"Len Reaves, DDS",Dentist,,,,,1320 Lasalle Ave,23669,Public Health,Secondary (specialty),1,1407971864,2020,Ageing,NPPES NPI 1407971864,,,
C,Virginia Orthodontic Specialist,Hampton,VA,(757) 826-8511,"Alexander Waitkus, DDS, MS",Doctor,,,,,2101 Executive Dr Ste 5E,23666,Orthodontics,Secondary (specialty),1,1497957286,2020,Ageing,NPPES NPI 1497957286,,,
C,"James L Stanley, D.d.s., P.C.",Lynchburg,VA,(434) 385-0273,"James Stanley, D.D.S.",President,,,,,3712 Old Forest Rd Building 100,24501,Endodontics,Secondary (specialty),2,1750495487,2020,Ageing,NPPES NPI 1750495487,,,
C,Sherman O Smock DDS PC,Lynchburg,VA,(434) 237-2928,"Sherman Smock, DDS",Principle Share Holder,,,,,519 Leesville Rd,24502,Periodontics,Secondary (specialty),1,1770600736,2020,Ageing,NPPES NPI 1770600736,,,
C,Daczkowski Orthodontics,Manassas,VA,(703) 361-4278,Telisa Kidd-Wise,Practice Manager,,,,,8715 Stonewall Road,20110,Orthodontics,Secondary (specialty),2,1093186512,2017,Ageing,NPPES NPI 1093186512,,,
C,"Drs. Dollard, Piccinino & Thorpe, P.C.",Manassas,VA,(703) 368-8120,Mary Lucas,Office Manager,,,,,10682 Crestwood Dr Ste C,20109,Endodontics,Secondary (specialty),1,1295829257,2020,Ageing,NPPES NPI 1295829257,,,
C,Premier Dental Group PLLC,Manassas,VA,(617) 943-8812,Payam Amirsayafi,Owner,info@lighthousepdteam.com,NPPES federal registry filing,,,9420 Forestwood Ln Ste 201,20110,Pediatric,Secondary (specialty),1,1063971281,2019,Ageing,NPPES NPI 1063971281,,,
C,"S Kalim Hussaini, Dds, PLLC",Manassas,VA,(037) 383-0090,"Syed Hussaini, DDS, MS",Owner And Manager,,,,,10081 Market Cir,20110,Orthodontics,Secondary (specialty),1,1649833393,2019,Ageing,NPPES NPI 1649833393,,,
C,The Nelson Dental Practice PC,Manassas,VA,(703) 361-2141,"Charles Nelson, DDS",Dentist,,,,,9216 Centreville Rd,20110,"Durable Medical Equipment & Medical Supplies, Customized Equipment",Secondary (specialty),1,1164436804,2017,Ageing,NPPES NPI 1164436804,,,
C,"Dominion Orthodontics, PC",Mechanicsville,VA,(804) 427-7420,"Elizabeth Mei, DDS",Officer,,,,,9221 Chamberlayne Ave,23116,Orthodontics,Secondary (specialty),2,1487873196,2020,Ageing,NPPES NPI 1487873196,,,
C,"Ambe Perio, PLLC",Midlothian,VA,(470) 313-2907,"Mitulkumar Patel, DDS, MS",Periodontist/owner,,,,,5921 Harbour Ln Ste 200,23112,Periodontics,Secondary (specialty),1,1700463056,2021,Ageing,NPPES NPI 1700463056,,,
C,"C William Dabney, PC",Midlothian,VA,(804) 727-9616,Amanda Dance,Office Manager,,,,,304 Browns Hill Ct,23114,Orthodontics,Secondary (specialty),1,1629541560,2019,Ageing,NPPES NPI 1629541560,,,
C,"Richmond Virginia Orthodontics Of Midlothian, PLLC",Midlothian,VA,(804) 884-9906,Chad Hendricks,Credentialing,,,,,14307 Winterview Parkway,23113,Orthodontics,Secondary (specialty),1,1821753864,2021,Ageing,NPPES NPI 1821753864,,,
C,Barry Lee Green DMD MS Ltd,Newport News,VA,(757) 874-5455,"Barry Green, DMD",President,,,,,716 Denbigh Blvd C-2,23608,Periodontics,Secondary (specialty),1,1659488088,2020,Ageing,NPPES NPI 1659488088,,,
C,"Cjswihart, PLLC",Newport News,VA,(757) 874-0990,"Corrie Swihart, DDS, MSD",Orthodontist,,,,,12725 McManus Blvd Ste 1B,23602,Orthodontics,Secondary (specialty),2,1194219659,2020,Ageing,NPPES NPI 1194219659,,,
C,"Hampton Roads Pediatric Dentistry And Orthodontics, PLLC",Newport News,VA,(757) 240-5711,Grace Davis,Business Administrator,,,,,220 Nat Turner Blvd S,23606,Pediatric,Secondary (specialty),2,1265823272,2019,Ageing,NPPES NPI 1265823272,,,
C,"Ray A Dail, D.d.s., P.C.",Newport News,VA,(757) 872-7777,"Ray Dail, D.D.S.",President/periodontist,,,,,716 Denbigh Blvd Suite A 4,23608,Periodontics,Secondary (specialty),1,1669560140,2020,Ageing,NPPES NPI 1669560140,,,
C,"Root Canal Specialists, PLLC",Newport News,VA,(316) 258-0655,William Watson,Director,,,,,12528 Warwick Blvd Ste D,23606,Endodontics,Secondary (specialty),1,1720568827,2018,Ageing,NPPES NPI 1720568827,,,
C,Madan Periodontics And Implant Dentistry PLLC,Norfolk,VA,(757) 461-3660,"Monika Madan, DDS DSC",Periodontist/ceo,,,,,5900 E Virginia Beach Blvd Ste 213,23502,Periodontics,Secondary (specialty),1,1841664927,2015,Ageing,NPPES NPI 1841664927,,,
C,Babak Razmazma DDS Inc,Reston,VA,(818) 822-2278,"Babak Razmazma, DDS",Owner,,,,,11654 Plaza America Dr 163,20190,"Dentist, Dentist Anesthesiologist Speciality",Secondary (specialty),1,1881134005,2017,Ageing,NPPES NPI 1881134005,,,
C,Wonhee Lee DDS MS PLLC,Reston,VA,(703) 429-9926,"Wonhee Lee, DDS",Owner,,,,,11800 Sunrise Valley Dr Ste 250,20191,Endodontics,Secondary (specialty),1,1750969143,2021,Ageing,NPPES NPI 1750969143,,,
C,"Anderson Orthodontics, Ltd.",Richmond,VA,(804) 285-9800,Ralph Anderson,President,,,,,5500 Monument Ave Ste K,23226,Orthodontics,Secondary (specialty),2,1184693004,2016,Ageing,NPPES NPI 1184693004,,,
C,Commonwealth Dental Anesthesia Associates PC,Richmond,VA,(434) 242-5446,"Heather Ballentine, DDS",Dentist Anesthesiologist,,,,,1101 Haxall Pt Unit 1004,23219,"Dentist, Dentist Anesthesiologist Speciality",Secondary (specialty),1,1437534708,2015,Ageing,NPPES NPI 1437534708,,,
C,Commonwealth Endodontics,Richmond,VA,(804) 501-0501,"Timothy Finkler, DDS",Endodontist,,,,,3107 Hungary Spring Rd,23228,Endodontics,Secondary (specialty),1,1497864466,2015,Ageing,NPPES NPI 1497864466,,,
C,Commonwealth Prosthodontics,Richmond,VA,(804) 346-3366,"David Schleider, DMD",Prosthodontist,,,,,8917 Fargo Rd Ste B,23229,Prosthodontics,Secondary (specialty),1,1225233158,2020,Ageing,NPPES NPI 1225233158,,,
C,"Ji Management, LLC",Richmond,VA,(804) 360-2100,"John Ji, D.M.D.",Orthodontist,,,,,3438 Lauderdale Dr,23233,Orthodontics,Secondary (specialty),1,1184775397,2020,Ageing,NPPES NPI 1184775397,,,
C,"Richmond Orthodontics, Inc",Richmond,VA,(804) 740-1297,Brittany Fridley,Financial Coordinator,,,,,8503 Patterson Ave,23229,Orthodontics,Secondary (specialty),1,1386011617,2015,Ageing,NPPES NPI 1386011617,,,
C,"Stephen Saroff, D.D.S. P.C.",Richmond,VA,(804) 272-9079,"Stephen Saroff, D.D.S.",President,,,,,2801 McRae Rd C-1,23235,Periodontics,Secondary (specialty),1,1841339553,2020,Ageing,NPPES NPI 1841339553,,,
C,Wm Graham Gardner DDS PC,Richmond,VA,(804) 282-6436,"William Gardner, DDS",Owner,,,,,1206 Willow Lawn Drive,23226,Orthodontics,Secondary (specialty),1,1972513208,2020,Ageing,NPPES NPI 1972513208,,,
C,David L Jones DDS PC,Roanoke,VA,(540) 563-1640,"David Jones, DDS",Owner,,,,,6220 Peters Creek Rd,24019,Orthodontics,Secondary (specialty),1,1316314743,2015,Ageing,NPPES NPI 1316314743,,,
C,"Drs. Wolfe And Penn, Ltd.",Roanoke,VA,(540) 772-2913,"Joseph Penn, D.M.D.",Secretary-Treasurer,,,,,4495 Starkey Rd Suite A,24018,Periodontics,Secondary (specialty),1,1629094545,2020,Ageing,NPPES NPI 1629094545,,,
C,"Franklin M Wheelock, Dds, Ms, Md, Ltd.",Roanoke,VA,(540) 989-5621,"Franklin Wheelock, DDS, MS, MD",President,,,,,3231 Electric Rd,24018,Orthodontics,Secondary (specialty),1,1497839971,2020,Ageing,NPPES NPI 1497839971,,,
C,"Simply Straight, P.C.",Roanoke,VA,(540) 206-2203,"Henry Nardea, D.D.S.",President,,,,,1502 Williamson Rd NE #1000 A,24012,Orthodontics,Secondary (specialty),2,1205220241,2015,Ageing,NPPES NPI 1205220241,,,
C,Hometown Orthodontics,South Hill,VA,(434) 447-6481,"Ebony Reed, DMD, MS",Orthodontist,,,,,119 S Mecklenburg Ave,23970,Orthodontics,Secondary (specialty),1,1194485748,2021,Ageing,NPPES NPI 1194485748,,,
C,"Bruce S Wyman Dmd, PC",Springfield,VA,(703) 569-4040,"Bruce Wyman, DMD",President,,,,,6116 Rolling Rd Suite 312,22152,Periodontics,Secondary (specialty),1,1528272499,2020,Ageing,NPPES NPI 1528272499,,,
C,Sachin Rastogi DMD PLLC,Springfield,VA,(571) 310-1191,"Sachin Rastogi, DMD",Owner,,,,,6116 Rolling Rd Ste 304,22152,Endodontics,Secondary (specialty),1,1831671353,2018,Ageing,NPPES NPI 1831671353,,,
C,Stafford Oral Surgery P.C.,Stafford,VA,(540) 779-0170,Krystal Flowers,Finance Coordinator,,,,,481 Garrisonville Rd Ste 103,22554,Public Health,Secondary (specialty),1,1639788862,2020,Ageing,NPPES NPI 1639788862,,,
C,"Mark S Cloth Dds, PC",Staunton,VA,(540) 886-8331,"Mark Cloth, D.D.S.",President,,,,,500 N Coalter St,24401,Orthodontics,Secondary (specialty),1,1881808475,2020,Ageing,NPPES NPI 1881808475,,,
C,Robert E Anderson DDS Ltd,Suffolk,VA,(757) 934-3000,"Robert Anderson, DDS",President,,,,,2490 Pruden Boulevard,23434,Orthodontics,Secondary (specialty),1,1215157706,2020,Ageing,NPPES NPI 1215157706,,,
C,"Denise T Nguyen, Dds, PC",Vienna,VA,(703) 847-6544,"Denise Nguyen, D.D.S",President/ceo,,,,,8298 Old Courthouse Rd Ste C,22182,Orthodontics,Secondary (specialty),1,1215956859,2020,Ageing,NPPES NPI 1215956859,,,
C,"Hyue Kyung Kwon, D.d.s., P.C.",Vienna,VA,(703) 883-3873,"Hyue Kwon, D.D.S.,  M.D.S.",Orthodontist,,,,,8227 Old Courthouse Rd Suite 201,22182,Orthodontics,Secondary (specialty),1,1982761789,2020,Ageing,NPPES NPI 1982761789,,,
C,Pearbrite Dental Inc.,Vienna,VA,(703) 587-4865,Joongseo Kim,Owner/ Doctor,,,,,301 Maple Ave W Ste 610,22180,Prosthodontics,Secondary (specialty),1,1407214570,2016,Ageing,NPPES NPI 1407214570,,,
C,Specialist Care Endodontics LLC,Vienna,VA,(703) 650-9990,"Arundhati Sauparn, BDS, ENDODONTIST",Managing Member,,,,,1964 Gallows Rd Ste 220,22182,Endodontics,Secondary (specialty),1,1134614092,2018,Ageing,NPPES NPI 1134614092,,,
C,Behl Orthododntics,Virginia Beach,VA,(757) 918-7945,Aleksandra Soldo,Administrator,,,,,4291 Holland Rd Ste 112,23452,Pediatric,Secondary (specialty),1,1760855951,2015,Ageing,NPPES NPI 1760855951,,,
C,"Chester Mayo Dmd, P.C.",Virginia Beach,VA,(757) 486-5428,"Chester Mayo, DMD",President,,,,,477 Viking Dr Ste 215,23452,Endodontics,Secondary (specialty),2,1942854922,2019,Ageing,NPPES NPI 1942854922,,,
C,Coastal Virginia Endodontics PLLC,Virginia Beach,VA,(734) 680-3447,"Abhishek Kirpal, D.D.S",Owner/dentist,,,,,762 Independence Blvd Ste 400,23455,Endodontics,Secondary (specialty),1,1609538792,2021,Ageing,NPPES NPI 1609538792,,,
C,"Dr Bruce K Barr , D.d.s., P.C.",Virginia Beach,VA,(757) 422-0005,"Bruce Barr, D.D.S., P.C.",President,,,,,1369 Laskin Rd,23451,Periodontics,Secondary (specialty),1,1073638110,2020,Ageing,NPPES NPI 1073638110,,,
C,Drs Savage Sabol & Visser Ltd,Virginia Beach,VA,(757) 428-1110,"Britt Visser, DDS",Partner,,,,,829 First Colonial Road,23451,Orthodontics,Secondary (specialty),1,1760604953,2020,Ageing,NPPES NPI 1760604953,,,
C,"Hampton Roads Anesthesia & Dentistry, PLLC",Virginia Beach,VA,(757) 598-2958,"Jonathan Wong, DMD",Owner,,,,,1206 Laskin Rd Ste 140,23451,"Dentist, Dentist Anesthesiologist Speciality",Secondary (specialty),1,1831629419,2018,Ageing,NPPES NPI 1831629419,,,
C,"Jeffrey C Bailey, Dds, Ms, P.C.",Virginia Beach,VA,(757) 486-7857,"Jeffrey Bailey, DDS","Owner, President",,,,,1432 N Great Neck Rd Ste 102,23454,Endodontics,Secondary (specialty),1,1821148511,2020,Ageing,NPPES NPI 1821148511,,,
C,Justin D Martin DDS PC,Virginia Beach,VA,(757) 333-3399,"Justin Martin, DDS",President,,,,,1200 First Colonial Road Suite 201,23454,Endodontics,Secondary (specialty),1,1184749822,2020,Ageing,NPPES NPI 1184749822,,,
C,"Louis C Peron, DDS PC",Virginia Beach,VA,(757) 467-2102,"Louis Peron, D.D.S., M.S.",President/endodontist (owner),,,,,641 Lynnhaven Pkwy Suite 202,23452,Endodontics,Secondary (specialty),1,1669491544,2020,Ageing,NPPES NPI 1669491544,,,
C,"Neil A Landy, D.M.D.",Virginia Beach,VA,(757) 490-3830,"Neil Landy, D.M.D.",Owner,,,,,281 Independence Blvd Suite 231,23462,Periodontics,Secondary (specialty),1,1669597753,2020,Ageing,NPPES NPI 1669597753,,,
C,Owens And Dorfman Ltd,Virginia Beach,VA,(757) 340-7000,"Howard Dorfman, DMD",Vice President,,,,,4356 4 Bonney Rd Suite 101,23452,Orthodontics,Secondary (specialty),1,1770679110,2020,Ageing,NPPES NPI 1770679110,,,
C,Virginia Beach Dept. Of Public Health - Dental Clinic,Virginia Beach,VA,(757) 518-2782,Jennifer Whitley,Business Manager,,,,,4452 Corporation Ln,23462,Public Health,Secondary (specialty),1,1144322587,2020,Ageing,NPPES NPI 1144322587,,,
C,Virginia Orthodontic Sepcialist,Virginia Beach,VA,(757) 340-9020,"Alexander Waitkus, DDS, MS",Doctor,,,,,829 Lynnhaven Pkwy Ste 121,23452,Orthodontics,Secondary (specialty),1,1205045648,2020,Ageing,NPPES NPI 1205045648,,,
C,"Wright Family Dentistry, PLLC",Virginia Beach,VA,(757) 474-1200,"Brittany Wright, DDS, MS",Owner/member,,,,,1055 Kempsville Rd,23464,Pediatric,Secondary (specialty),1,1578197281,2020,Ageing,NPPES NPI 1578197281,,,
C,Bailey Orthodontics PLLC,Woodbridge,VA,(321) 543-5812,Davina Bailey,Orthodontist,,,,,16446 Navigation Drive,22191,Orthodontics,Secondary (specialty),1,1861021131,2020,Ageing,NPPES NPI 1861021131,,,
C,Britto Orthodontics,Woodbridge,VA,(703) 583-6784,Bette Johannes,Treatment Coordinator,,,,,12581 Milstead Way Suite 304,22192,Orthodontics,Secondary (specialty),1,1013304401,2015,Ageing,NPPES NPI 1013304401,,,
C,Ideal Endodontics Of Woodbridge PLLC,Woodbridge,VA,(571) 991-3700,"Moein Jabbar Darjani, DDS",Owner,,,,,3102 Golansky Blvd Ste 101,22192,Endodontics,Secondary (specialty),1,1205307238,2018,Ageing,NPPES NPI 1205307238,,,
C,Trust Orthodent PLLC,Woodbridge,VA,(571) 260-6100,Ehab Bennasir,Member/owner,,,,,2701 Neabsco Common Pl Ste 134,22191,Orthodontics,Secondary (specialty),1,1881360568,2021,Ageing,NPPES NPI 1881360568,,,
C,Lawrence M Kotler DDS MS,Alexandria,VA,(703) 931-6600,"Lawrence Kotler, DDS MS",Owner,,,,,3543 West Braddock Rd Suite E1 Brad Lee Office Building,22301,Endodontics,Secondary (specialty),1,1477746659,2007,Stale,NPPES NPI 1477746659,,,
C,"William S Lee, Dds, P.C.",Alexandria,VA,(301) 537-7337,"William Lee, D. D. S.",President,,,,,6400 Beulah St Suite #103,22310,Orthodontics,Secondary (specialty),1,1871907741,2014,Stale,NPPES NPI 1871907741,,,
C,"Arlington Endodontics, PLLC",Arlington,VA,(571) 312-3762,"Tawana Feimster, D.D.S",President,,,,,4350 Northfairfax Drive Suite 160,22203,Endodontics,Secondary (specialty),1,1548564297,2011,Stale,NPPES NPI 1548564297,,,
C,Drs Colasanto And Monfared PC,Arlington,VA,(703) 525-7471,"Michael Colasanto, DDS",President,,,,,3801 N Fairfax Dr # 51,22203,Periodontics,Secondary (specialty),1,1477717262,2008,Stale,NPPES NPI 1477717262,,,
C,Hani Thariani DDS Mmsc PC,Arlington,VA,(703) 527-5654,Hani Thariani,President,,,,,2501 N Glebe Rd Ste 300,22207,Orthodontics,Secondary (specialty),1,1487843884,2007,Stale,NPPES NPI 1487843884,,,
C,"Northern Virginia Endodontic Associates, PLLC",Arlington,VA,(267) 252-0125,"Robert Cheron, DMD, MS",Managing Member,,,,,3833 Fairfax Dr Suite 440,22203,Endodontics,Secondary (specialty),2,1639460504,2011,Stale,NPPES NPI 1639460504,,,
C,Anncolter H Cheron DMD MS PLLC,Centreville,VA,(703) 818-8860,"Anncolter Cheron, DMD",Manager,,,,,6101 Redwood Square Ctr Suite 305,20121,Orthodontics,Secondary (specialty),1,1598167223,2014,Stale,NPPES NPI 1598167223,,,
C,The Virginia Endodontic Group,Chantilly,VA,(703) 378-3115,Tu-Son Ngo,Owner,,,,,14149B Robert Paris Ct,20151,Endodontics,Secondary (specialty),1,1841473865,2007,Stale,NPPES NPI 1841473865,,,
C,"Giuseppe Rebellato, D.d.s., P.C.",Charlottesville,VA,(434) 984-1817,"Giuseppe Rebellato, D.D.S.",President,,,,,1470 Pantops Mountain Pl,22911,Orthodontics,Secondary (specialty),1,1487827945,2008,Stale,NPPES NPI 1487827945,,,
C,"Mark S Cloth, D.d.s., P.C.",Charlottesville,VA,(434) 964-2464,"Mark Cloth, D.D.S.",Owner,,,,,190 Albemarle Sq,22901,Orthodontics,Secondary (specialty),1,1659507978,2009,Stale,NPPES NPI 1659507978,,,
C,South Side Orthodontics,Charlottesville,VA,(434) 977-9473,"Markus Niepraschk, DDS",Orthodontist,,,,,32 Mill Creek Dr Suite 107,22902,Orthodontics,Secondary (specialty),1,1265757744,2010,Stale,NPPES NPI 1265757744,,,
C,Behl Orthodontics PLLC,Chesapeake,VA,(757) 932-0097,"Yugal Behl, DDS DSC CAGS",Founder,,,,,237 Hanbury Rd E 300,23322,Pediatric,Secondary (specialty),1,1942643085,2013,Stale,NPPES NPI 1942643085,,,
C,"Brendan Bernhart, Dds, PC",Fairfax,VA,(703) 645-8001,"Brendan Bernhart, D.D.S.",President,,,,,3020 Hamaker Ct Ste 510,22031,Prosthodontics,Secondary (specialty),1,1538359112,2007,Stale,NPPES NPI 1538359112,,,
C,Deep Roots Periodontics PLLC,Fairfax,VA,(954) 536-1111,"Taeheon Kang, D.D.S., M.S.",Periodontis,,,,,11130 Fairfax Blvd Suite 100,22030,Periodontics,Secondary (specialty),1,1255695243,2012,Stale,NPPES NPI 1255695243,,,
C,Dr Jaklin Bezik & Associates,Fairfax,VA,(703) 934-4474,"Jaklin Bezik, DDS, MDS",President,,,,,11150 Fairfax Bulvard #301,22030,Periodontics,Secondary (specialty),1,1780997288,2010,Stale,NPPES NPI 1780997288,,,
C,Fairfax Smiles Dental Care Plc,Fairfax,VA,(703) 359-9080,"Vladimir Soyfer, DMD PHD JD",Manager,,,,,3930 Pender Dr Suite110,22030,"Clinic/Center, Dental",Secondary (specialty),1,1285891911,2008,Stale,NPPES NPI 1285891911,,,
C,"Joshua Fein, Dds, Ms, PC",Fairfax,VA,(703) 539-0400,"Joshua Fein, DDS, MS","President, Endodontist",,,,,3025 Hamaker Ct Ste 320,22031,Endodontics,Secondary (specialty),1,1639596612,2014,Stale,NPPES NPI 1639596612,,,
C,"My Braces Doctor, PC",Fairfax,VA,(703) 591-6686,"Nahid Sina, DMD, MS",Pres,,,,,10721 Main St #300,22030,Orthodontics,Secondary (specialty),1,1285807370,2008,Stale,NPPES NPI 1285807370,,,
C,Northern Virginia Center,Fairfax,VA,(703) 449-8888,Brenda Picente,Practice Manager,,,,,4211 Fairfax Corner East Ave Suite # 235,22030,Oral Surgery,Secondary (specialty),1,1639259773,2011,Stale,NPPES NPI 1639259773,,,
C,Frank P Iuorno Jr DDS MS PC,Glen Allen,VA,(804) 364-8366,Marty Smith,Office Manager,,,,,12000 Wyndham Lake Dr Suite C,23059,Orthodontics,Secondary (specialty),1,1992988232,2007,Stale,NPPES NPI 1992988232,,,
C,Curtis W Dailey DDS PLLC,Hampton,VA,(757) 826-5075,"Curtis Dailey, DDS",President Owner,,,,,2118 Executive Drive,23666,Orthodontics,Secondary (specialty),1,1881779221,2012,Stale,NPPES NPI 1881779221,,,
C,"Jon L Scott, Dds, PC",Hampton,VA,(757) 825-6280,Jon Scott,Owner,,,,,1186 Big Bethel Rd,23666,Orthodontics,Secondary (specialty),1,1124292131,2008,Stale,NPPES NPI 1124292131,,,
C,"Michael J Kokorelis, Dmd, Inc.",Hampton,VA,(757) 827-1572,"Michael Kokorelis, DMD",President,,,,,2113 Hartford Rd,23666,Periodontics,Secondary (specialty),1,1669692547,2008,Stale,NPPES NPI 1669692547,,,
C,Drs McIlveen & Freedman PC,Herndon,VA,(703) 689-3900,"Lezley McIlveen, DDS MS",President Dentist,,,,,131 Elden St Suite 130,20170,Pediatric,Secondary (specialty),2,1821134636,2008,Stale,NPPES NPI 1821134636,,,
C,Vivek Doppalapudi DDS MS PC,Herndon,VA,(703) 464-0900,"Vivek Doppalapudi, DDS MS DMSC",Periodontist / President,,,,,102 Elden St Ste 19,20170,Periodontics,Secondary (specialty),1,1518159441,2007,Stale,NPPES NPI 1518159441,,,
C,Yelamanchi Dental Plc,Herndon,VA,(650) 245-3047,"Chetan Yelamanchi, DDS",CEO,,,,,13817 Jefferson Park Dr Apt 4212,20171,Endodontics,Secondary (specialty),1,1992134050,2013,Stale,NPPES NPI 1992134050,,,
C,"Legacy Orthodontics, Plc",Leesburg,VA,(703) 777-8277,"Markus Niepraschk, DDS,MS",Owner,,,,,540 Fort Evans Rd 102,20176,Orthodontics,Secondary (specialty),2,1407152457,2011,Stale,NPPES NPI 1407152457,,,
C,"Navin Hukmani, Dds, LLC",Leesburg,VA,(703) 858-3600,"Navin Hukmani, D.D.S.",Owner,,,,,19415 Deerfield Ave Suite 306,20176,Orthodontics,Secondary (specialty),1,1093091530,2011,Stale,NPPES NPI 1093091530,,,
C,Robert S Strange,Leesburg,VA,(703) 777-9200,Linda Garrett,Office Manager,,,,,17 Fort Evans Rd NE Ste E,20176,Orthodontics,Secondary (specialty),1,1144548447,2010,Stale,NPPES NPI 1144548447,,,
C,"Central Virginia Orthodontics, P.C.",Lynchburg,VA,(434) 385-4746,"Bruce Bentley, D.D.S.",Pres. Central Virginia Orthontics,,,,,104 Richeson Dr,24501,Orthodontics,Secondary (specialty),2,1396917415,2008,Stale,NPPES NPI 1396917415,,,
C,"Samuel Black, Dmd, Phd, PC",Lynchburg,VA,(434) 515-0370,"Samuel Black, M.S., D.M.D., PH.D.",President,,,,,3700 Old Forest Rd,24501,Endodontics,Secondary (specialty),2,1376953901,2014,Stale,NPPES NPI 1376953901,,,
C,"S Kalim Hussaini, Dds, PLLC",Manassas,VA,(703) 383-0090,"Syed Hussaini, DDS, MS",Owner,,,,,10081 Market Cirlce,20110,Orthodontics,Secondary (specialty),1,1346524360,2011,Stale,NPPES NPI 1346524360,,,
C,Peter L Passero DDS & Brian A Feeney DMD Plc,McLean,VA,(703) 821-4040,"Peter Passero, DDS",Owner Partners,,,,,1430 Spring Hill Road #101,22102,Periodontics,Secondary (specialty),1,1821284431,2008,Stale,NPPES NPI 1821284431,,,
C,Bruce W Overton DDS PC,Midlothian,VA,(804) 744-3636,"Bruce Overton, DDS",President/owner,,,,,6037 Harbour Park Dr,23112,Endodontics,Secondary (specialty),1,1609006865,2009,Stale,NPPES NPI 1609006865,,,
C,"Keeton, Gokli, Lubbe, Bridges-Poquis & Raddin,",Midlothian,VA,(804) 739-0963,Carol Roper,Practice Administrator,,,,,13841 Hull Street Rd Suite 4,23112,Pediatric,Secondary (specialty),3,1366460107,2011,Stale,NPPES NPI 1366460107,,,
C,"Covaney & Covaney, Dds, PC",Newport News,VA,(757) 596-6850,"Michael Covaney, D.D.S.",Prosthodontist,,,,,760 Pilot House Dr Ste E,23606,Prosthodontics,Secondary (specialty),1,1326248261,2007,Stale,NPPES NPI 1326248261,,,
C,"Peninsula Orthodontics, PC",Newport News,VA,(757) 249-4203,"Vicki Ross, DMD",President,,,,,401 Oyster Point Rd Suite D,23602,Orthodontics,Secondary (specialty),1,1760771679,2011,Stale,NPPES NPI 1760771679,,,
C,Thomas Woodard DDS P C,Norfolk,VA,(757) 455-5040,"Thomas Woodard, DDS",Orthodontist,,,,,415 N Military Hwy Ste 8,23502,Orthodontics,Secondary (specialty),1,1659592897,2008,Stale,NPPES NPI 1659592897,,,
C,"Walker W Shivar, D.D.S. Anthony R Peluso, D.D.S. Holly H Andersen,",Norfolk,VA,(757) 424-5308,Robin Kircheval,Practice Administrator,,,,,302 E Little Creek Rd Suite 300,23505,Orthodontics,Secondary (specialty),1,1760694921,2011,Stale,NPPES NPI 1760694921,,,
C,Drs. Davis & Nyczepir Ltd,Richmond,VA,(804) 272-7528,Cheryl Daoulas,Financial Coordinator,,,,,9015 Forest Hill Ave,23235,Orthodontics,Secondary (specialty),1,1891969135,2008,Stale,NPPES NPI 1891969135,,,
C,"Drs. Kaugars And Miller, PC",Richmond,VA,(804) 285-4867,"Claire Kaugars, DDS",Doctor-Owner,,,,,5700 Old Richmond Ave Suite C-14,23226,Periodontics,Secondary (specialty),1,1497925770,2008,Stale,NPPES NPI 1497925770,,,
C,James River Orthodontics,Richmond,VA,(804) 672-8607,"Brent Rusnak, D.D.S.",Owner,,,,,7820 Shrader Rd,23294,Orthodontics,Secondary (specialty),1,1548554850,2011,Stale,NPPES NPI 1548554850,,,
C,"Maynard-Richardson-Overstreet, Ltd",Richmond,VA,(804) 355-6593,Betsy Hawkins,Office Manager,,,,,4909 Grove Ave,23226,Periodontics,Secondary (specialty),1,1306973631,2012,Stale,NPPES NPI 1306973631,,,
C,"Michael B Holbert, D.d.s., P.C.",Richmond,VA,(804) 270-7824,"Michael Holbert, D.D.S.",President,,,,,2821 N Parham Rd Suite #201,23294,Orthodontics,Secondary (specialty),1,1972767200,2008,Stale,NPPES NPI 1972767200,,,
C,Sheldon A Bates DMD PC,Richmond,VA,(804) 934-9292,"Sheldon Bates, D.M.D.",President,,,,,3800 Stillman Pkwy Suite 101,23233,Orthodontics,Secondary (specialty),1,1043574759,2012,Stale,NPPES NPI 1043574759,,,
C,Family Orthodontics Of Virginia LLC,Springfield,VA,(404) 389-1950,Jeannine Bartch,Credentialing Manager,,,,,6225 Brandon Ave Ste 170,22150,Orthodontics,Secondary (specialty),1,1053714766,2014,Stale,NPPES NPI 1053714766,,,
C,Kenneth Hrechka DDS PC Etal,Springfield,VA,(703) 455-1339,"Kenneth Hrechka, DDS",Partner,,,,,7841 Rolling Rd Suite F,22153,Orthodontics,Secondary (specialty),1,1346668944,2014,Stale,NPPES NPI 1346668944,,,
C,"Kulnis Orthodontics, P.C.",Suffolk,VA,(757) 686-3444,Deborah Kulnis,Office Administarior,,,,,1530 Breezeport Way Ste 500,23435,Orthodontics,Secondary (specialty),2,1780955773,2012,Stale,NPPES NPI 1780955773,,,
C,Monica Woodard DDS Mds PC,Suffolk,VA,(757) 686-3955,Mia Turner,Practice Coordinator,,,,,5833 Harbour View Blvd Suite A,23435,Orthodontics,Secondary (specialty),1,1366628182,2008,Stale,NPPES NPI 1366628182,,,
C,"Trudeau Endodontics, PC",Suffolk,VA,(757) 638-4500,"Michael Trudeau, DDS",Endodontist,,,,,1510 Breezeport Way Suite 400,23435,Endodontics,Secondary (specialty),1,1164846564,2014,Stale,NPPES NPI 1164846564,,,
C,"Implant & Dental Art, PLLC",Vienna,VA,(703) 992-0674,"Juanli Guo, DMD, MS, PHD",President,,,,,8321 Old Courthouse Rd Suite 120,22182,Prosthodontics,Secondary (specialty),1,1992147730,2013,Stale,NPPES NPI 1992147730,,,
C,"Phu T Le, Dds, PC",Vienna,VA,(703) 288-4862,"Phu Le, DDS",President,,,,,8227 Old Courthouse Rd Suite 210,22182,Orthodontics,Secondary (specialty),1,1891068268,2012,Stale,NPPES NPI 1891068268,,,
C,"Richard J Dellork, DDS",Vienna,VA,(703) 281-5522,"Richard Dellork, DDS",Sole Proprietor,,,,,124 Park St SE Suite 205,22180,Endodontics,Secondary (specialty),1,1689865578,2007,Stale,NPPES NPI 1689865578,,,
C,"Tyson Orthodontics, PC",Vienna,VA,(571) 263-2822,"Denise Nguyen, DDS",President,,,,,8133 Leesburg Pike Suite 150,22182,Orthodontics,Secondary (specialty),1,1871921528,2013,Stale,NPPES NPI 1871921528,,,
C,Virginia Orthodontics And Periodontics,Vienna,VA,(703) 539-9166,Eunyoung Kim,Dr,,,,,301 Maple Ave W Ste 440,22180,Periodontics,Secondary (specialty),1,1942568258,2012,Stale,NPPES NPI 1942568258,,,
C,"Gregory T Engel, Dmd, Ms, PLLC",Virginia Beach,VA,(787) 486-7857,"Gregory Engel, DMD, MS",Owner / President,,,,,1432 N Great Neck Rd Suite 102,23454,Endodontics,Secondary (specialty),1,1740548403,2012,Stale,NPPES NPI 1740548403,,,
C,Jeremy B Davidson DDS PC,Virginia Beach,VA,(504) 834-4392,"Jeremy Davidson, DDS PC",Owner Doctor,,,,,401 N Great Neck Rd Suite 122,23454,Orthodontics,Secondary (specialty),1,1841552528,2012,Stale,NPPES NPI 1841552528,,,
C,Jeremy Shulman,Virginia Beach,VA,(757) 496-8070,Rochelle Cubitt,Office Manager,,,,,1301 First Colonial Rd,23454,Periodontics,Secondary (specialty),1,1871768390,2011,Stale,NPPES NPI 1871768390,,,
C,John L Kordulak,Virginia Beach,VA,(757) 495-4700,"John Kordulak, DDS",Dentist,,,,,855 Kempsville Rd,23464,Orthodontics,Secondary (specialty),2,1093963761,2008,Stale,NPPES NPI 1093963761,,,
C,"Kenneth Albinder Dds,ms,ltd",Virginia Beach,VA,(757) 495-7866,"Kenneth Albinder, DDS,MS",President,,,,,4291 Holland Rd 112,23452,Orthodontics,Secondary (specialty),1,1922422831,2014,Stale,NPPES NPI 1922422831,,,
C,Klarvoorhees Orthodontics,Virginia Beach,VA,(757) 495-3110,"Marni Husson, DDS",Vice President And Orthodontist,,,,,5241 Providence Rd,23464,Orthodontics,Secondary (specialty),3,1760766737,2011,Stale,NPPES NPI 1760766737,,,
C,Konikoff Periodontics Ltd,Virginia Beach,VA,(757) 486-8181,Melody Price,Office Manager,,,,,477 Viking Dr Ste 190,23452,Periodontics,Secondary (specialty),1,1477706737,2008,Stale,NPPES NPI 1477706737,,,
C,"Virginia Surgical Arts, LLC",Virginia Beach,VA,(757) 430-7690,"Curtis Vendetti, MD, DMD",Owner,,,,,1240 Perimeter Pkwy Ste 401,23454,Oral Surgery,Secondary (specialty),1,1578799383,2009,Stale,NPPES NPI 1578799383,,,
C,Zaki Orthodontics,Virginia Beach,VA,(757) 416-1100,"Tarek Zaki, D.D.S.",Owner,,,,,2029 Lynnhaven Pkwy Suite 700,23456,Orthodontics,Secondary (specialty),1,1952689150,2011,Stale,NPPES NPI 1952689150,,,
C,Paul K Hartmann DDS PLLC,Williamsburg,VA,(757) 253-2393,"Paul Hartmann, DDS",Owner,,,,,1323 Jamestown Rd Suite 203,23185,"Dentist, Oral and Maxillofacial Pathology",Secondary (specialty),1,1932483153,2011,Stale,NPPES NPI 1932483153,,,
C,Frederick G Stern DDS Inc.,Woodbridge,VA,(703) 494-9118,Kathy Hayes,Office Coordinator,,,,,2200 Opitz Blvd,22191,Orthodontics,Secondary (specialty),2,1558540245,2008,Stale,NPPES NPI 1558540245,,,
C,Lake Ridge Endodontics,Woodbridge,VA,(703) 494-8624,"Todd Wynkoop, DDS MS",Owner/endodotontist,,,,,12510 C Lake Ridge Dr,22192,Endodontics,Secondary (specialty),1,1205933405,2008,Stale,NPPES NPI 1205933405,,,
